company_name,country,procurement_products,contact,phone,fax,address,zip,email,website,continent,country_tier
THREE & THREE HARDWARE SDN.BHD,马来西亚,五金,WONG EE CHE,0060 3 89615555/163338666,0060 3 89621111,"LOT3707,JALAN 7/5,TAMAN INDUSTRI SELESA JAYA,43300 BALAKONG,SELANGOR DARUL EHSAN",,ecwong@kssc.com.my,,亚洲,B
Threadwell P.L.C.,英国,五金,C. Brown,0044 1606 861601,0044 1606 861633,"Fastener House, Phoenix Centre, Road One, Winsford Industrial Es, GB CW7 3PZ, Winsford",,info@threadwell.co.uk,http://www.threadwellplc.co.uk,欧洲,S
THOROUGHBRED MOTORS,美国,五金,RODNEY DESSBERG,001 941 9555960,001 941 3592128,"2035 CORNELL STREET,SARASOTA,FL",FL 34237,,WWW.THOROUGHBRED-MOTORS.COM,北美洲,S
THONG YONG MARINE (M) SDN.BHD.,马来西亚,五金,NG TECK GUAN,0060 7 2529580/2529581,0060 7 2529580/2529581,"24 JALAN ARA 2,TAMAN RINTING 81750 MASAI,JOHOR",,sales@tym-group.com,WWW.TYM-GROUP.COM,亚洲,B
THONG YONG 2000 MARINE PTE LTD.,新加坡,五金,NG TECK GUAN,0065 62620105/98361508,0065 62620716,"BLK 23 PIONEER ROAD NORTH,#01-120",628468,sales@tym-group.com,WWW.TYM-GROUP.COM,亚洲,A
Thong Seng Metal(Pte)Ltd,新加坡,五金,K T Lim,0065 62922931,0065 62924072,"168,Tyrwhitt Road, 207572, Singapore",,,,亚洲,A
THOMPSON MDSE.,美国,五金,KEITH LEE,001 253-850-2247,001 253-859-7300,"231ST ST, KENT, WA 98032",,keith@tmssupply.com,www.makeyouhappy.com,北美洲,S
THOMAS INDUSTRIAL (AUST) CO. P/L,澳大利亚,五金,Mr. JOHN STANLEY,0061 2 96803506,0061 2 96801946,90 COUNTY DRIVE CHERRYBROOK NSW 2126 (POB:98 CHERRYBROOK NSW 2126),,thomas_hung@hotmail.com,,大洋洲,S
Thomas Hasset,爱尔兰,五金,Mr. J Hasset,00353 61 227577,00353 61 227267,"Ballincurra, Limerick",,,,欧洲,A
"THOMAS HARDWARE CO.,LTD.",香港,五金,PAULINE LAM,00852 91462263/28912887,00852 28912887,"G.P.O.BOX 2132 CENTRAL HONG KONG,7B,NO.2-4,TSOI TAK STREET,HAPPY VALLEY",,helenyu18@hotmail.com,,亚洲,C
THOMAS WARBURTON PTY LTD,澳大利亚,五金,PETER ADRIAN SWAN ACA,0061 3 9574 3400,0061 3 95743456,16-26 Dunlop Rd Mulgrave VIC 3170,,sales@warburtons.com.au,WWW.WARBURTON.COM.AU,大洋洲,S
Thomas Potter (Newcastle) Ltd.,英国,五金,Harry,0044 191 265 3911,0044 191 276 5844,"Industry Road, Heaton, GB NE6 5TZ, Newcastle Upon Tyne",,sales@thomaspotter.com,http://www.thomaspotter.com,欧洲,S
THOMAS MONAHAN CO,美国,五金,"Thomas F. Monahan, Jr.",001 217-268-4955,001 217-268-3113,"202 N. Oak St., P.O. Box 250, Arcola, IL 61910-1425, USA",,,http://www.thomasmonahan.com,北美洲,S
THOMAS ET CIE VAISSEAU FRS,法国,五金,M THOMAS DIDIER,0033 1 40366000,0033 1 40360706,"220 BOULEVARD DE LA VILLETTE, 75019, PARIS",,titho@club-internet.fr,,欧洲,A
THIVEL ET BEREZIAT,法国,五金,M BUISSON,0033 4 72768040,0033 4 78729282,"108 AVENUE JEAN JAURES, 69363, LYON CEDEX 07",,thivei.bereziat@wanadoo.fr,,欧洲,A
Thistle Bearings & Engineering Products Ltd,英国,五金,J. Shearer,0044 1355 225491,0044 1355 242502,"38 Singer Road, Kelvin, Industrial Estate, East Kilbride, GB G75 0XS, Glasgow",,sales@thistlebearings.co.uk,,欧洲,S
"THINK SOW CO.,LTD.",台湾省,五金,TERRY DONG,00886 2 86480638/86480315,00886 2 86480630,"14F-1,NO.66-7,SEC.3,DA TUNG RD.,SHIJR CITY,TAIPEI HSIEN",221,cinso@ms36.hinet.net,,亚洲,C
"THE TRADE & INDUSTRY CO.,",叙利亚,五金,MARWAN ABOU CHAAR,00963 11 6831209/2232122,00963 11 6831792/2246362,DAMASCUS (P.O.BOX 5464),,aboushaar.suns@mail.sy,,亚洲,C
THE TRADE & IND CO.(ABOUCHAAR),叙利亚,五金,MR.M.ABOUCHAAR,00963 11 2230101/2232122/94282252,00963 11 2246362/2232122,ETFAEYAH ST.(P.O.BOX 5464 ),,innerco@mail.sy,,亚洲,C
THIAN SEK MACHINERY HARDWARE SDN.BHD.,马来西亚,五金,CHEW CHIN AUN,0060 3 78466633/123834871,0060 3 78461361,"NO 9,JALAN U5/17,SEKSYEN U5,(MAH SING INTEGRATED INDUSTRIAL PARK),40150 SHAH ALAM,SELANGOR DARUL EHSAN",40150,,,亚洲,B
"THE SANEI CO.,INC.",日本,五金,KUMASAKA YUTAKA,0081 22 2573668,0081 22 2573272,5-6-15 HARANOMACHI MIYAGINOKU SENDAI,983-0841,info@sanei-inc.co.jp,WWW.SANEI-INC.CO.JP,亚洲,S
"THEOREM, INC.",美国,五金,,001 6508664499,001 6508664492,"788 LINDEN AVENUE,SAN BRUNO,CA 94066,U.S.A.",,wayne@theoreminc.com,,北美洲,S
THE WORLD OF 98 CENTS INC.,美国,五金,,001 6612014989,001 6613636147,"6121 A&B NILES ST, U.S.A.",,ranjit3906@yahoo.com,,北美洲,S
THE WING ON DEPARTMENT STORES (H.K.) LIMITED,香港,五金,VINCENT LEUNG,00852 23182336/23182338/23182401,00852 25440499/21486221,"1/F.,WING ON GODOWN BUILDING,1 WANG KEE ST.,KOWLOON BAY",,vinleung@wingonet.com;chinadiv@wingonet.com,WWW.WINGONET.COM,亚洲,C
THE WHITE PALM EST.,也门共和国,五金,MR MOHAMMED,00967 4 205937/73791012,00967 4 241617,"AL_HASSIP STREET,TAIZ CITY(P.O.BOX:5515)",,mhayel@yahoo.com,,其他,C
THE VILLAGE BARGAIN CENTER,美国,五金,MITRA OR CHANKAN,001 868 6527891,001 868 6527856,"8 DUNCAN VILLAGE, CROSS CROSSING,SAN FERNANDO,TRINIDAD,W.I.",,,,北美洲,S
THE SUPERIOR GOODS & SERVICE COMPANY,美国,五金,,001 877 7472888/253 4763450,001 253 4763455,"1102 PUYALLUP AVE TACOMA,WA 98421",WA 98421,info@sgshardware.com,WWW.SGSHARDWARE.COM,北美洲,S
THE SPRINGFIELD MARINE COMPANY,美国,五金,CAROLINE CARNAHAN,001 417 7252667,001 417 7252864,P.O.BOX 588 NIXA MISSOURI,65714,chimo168@aol.com,WWW.SPRINGFIELDGRP.COM,北美洲,S
THE SILK ROUTE,俄罗斯联邦,五金,NATHALIE STARIKOVA,007 3512 656879,007,CHELYABINSK,,,,其他,C
THE SHOPPER INC.,美国,五金,,001 8054260060,001 8055838546,"3987 HERITAGE OAK COURT,SIMI VALLEY,CA. 93063U.S.A.",,eliot@shopperinc.com,,北美洲,S
THE SHINING BRIGHTS INTERNATIONAL INC.,美国,五金,,001 513-6221802,001-513-6221802,"8700 MASON-MONTGOMERY ROAD MASON,OHIO 45040 - 9462,U.S.A.",,frank.levis@shiningbrights.com,,北美洲,S
THE RIDGE INC,美国,五金,,001 2067947620,001 4257783604,7605 RIDGE WAY EDMONDS,,chester8@u.washington.edu,,北美洲,S
THE REPRESENTATIVE OFFICE OF TIANJIN LIGHT INDUSTRIAL PRODUCTS IMP.& EXP.CORP.IN INDONESIA,印度尼西亚,五金,YANG JIANYE,0062 21 4515340,0062 21 4520071,JL.BOULEVARD CN II NO.21 GELAPA GADING PERMAI JAKARTA,14240,yjy868@sina.com;yjy@sina.com,,亚洲,B
THE PENROD COMPANY,美国,五金,GEORGE HE,001 757 4980186,001 757 4981075,"2809 S LYNNHAVER RD.SUITE 350 VIGIANIA BEACH,VIRGINIA",23452,penrodcn@thepenrodcompany.com,www.thepenrodcompany.com,北美洲,S
THE PANGAEA COMPANIES,美国,五金,,001 7609439854,001 7609438429,"809 PASSIFLORA AVENUE, ENCINITAS,CA 92024U.S.A.",,jkbyron@cox.net,,北美洲,S
THE NATIONAL CORPORATION FOR TRADE,沙特阿拉伯,五金,SALIM A.BASULIAMAN,00966 1 2414174/2420654/5 4471498,00966 1 2414489/4488346,PRINCE SALMAN ST.(P.O.BOX 400 RIYADH ),11411,abdullabasuliman@hotmail.com,,亚洲,B
THE OCEAN GROUP,美国,五金,,001 4012730444,001 4012730630,"23 ACORN STREET, U.S.A.",,kevin@oceangrp.com,www.oceangrp.com,北美洲,S
THE NEW WORLD GROUP INC.,美国,五金,TERRY CHAN,001 2126089580,001 2126089581,"39 BOWERY SUITE 98, U.S.A.",,terrychan@aol.com,,北美洲,S
THE METRO KAJANG GROUP,马来西亚,五金,GOH HIN SAN,0060 3 87378228/192287234,0060 3 87365436/87339142,"5TH FLOOR,WISMA METRO KAJANG JALAN SEMENYIH,KAJANG SELANGOR DARUL EHSAN,WEST MALAYSIA",43000,,WWW.METROKAJANG.COM.MY,亚洲,B
THE METAL LINK,斯里兰卡,五金,M.MOHAMED HUSSAIN,0094 11 2338003/2338004/777312568,0094 11 2441829,"194,1/5,PRINCE STREET,COLOMBO-11",,metalink@sltnet.lk,,亚洲,C
"THE MATHER GROUP, INC.",美国,五金,James Mather,001 248 5262220,001 248 6809524,"2282 Livernois Rd., Ste. A.,Troy,MI",MI 48083-1664,,,北美洲,S
"TECNICAS DEL PRETENSADO, S.A.",西班牙,五金,JUAN MIGUEL MERINO,0034 91 3008500,0034 91 300 88 96,"PRINCIPE DE VERGARA, 135,E-28002 MADRID",,,,欧洲,A
"TECNIC ELECTRONICS(PANAMA),S.A.",巴拿马,五金,温国伟,00507 2299866/2299865/6121680,00507 2296284,"VIA PRINCIPAL INGENIO #99,PANAMA /APARTADO:835-285 ZONA 10",,tecnic@sinfo.net,,其他,C
TECHTEL INFOCOM INC.,美国,五金,ANDREW HONG,001 718 3586777,001 718 3587779,"40-22 COLLEGE POINT BLVD.,FLUSHING,NY 11354",NY 11354,sales@techtel-usa.com,WWW.TECHTEL-USA.COM,北美洲,S
TECHPRO MACHINE TOOLS PTE LTD.,新加坡,五金,ANDREW YEW,0065 5676677/96374464,0065 5662778,BLOCK 2021 BUKIT BATOK INDUSTRIAL PARK A STREET 23 #02-190,659526,techpro@pacific.net.sg,,亚洲,A
TECHNICAL SERVICE PANADURA PVT LTD,斯里兰卡,五金,SAMAN KARUNANAYAKE,0094 38 2232415/11 2879272,0094 38 2238527,"35,KAVIRAJA MAWATHA,PANADURA",,vajra@panlanka.net,,亚洲,C
THE KIICHI TOOLS COMPANY LIMITED,日本,五金,TANAKA,0081 6 65433931,0081 6 65328611,"3-8-14, ITACHIBORI, NISHI-KU, OSAKA 550-8691, JAPAN",,,WWW.KIICHI.CO.JP,亚洲,S
THE BUSINESS CLASS,新加坡,五金,TONY TAN,0065 6339 3991,0065 6440 0895,"5 COLEMAN ST., #B 1-13,EXCELSIOR HOTEL 179805",,,,亚洲,A
THE LINCOLN ELECTRIC COMPANY,美国,五金,,001 2163832002,001 2163832781,"22801 SAINT CLAIR AVENUE,CLEVELAND, OHIO 44117-1199,U.S.A.",,randy_chen@lincolnelectric.com.cn,,北美洲,S
THE LEHIGH GROUP,台湾省,五金,JASON LIU,00886 2 25238400,00886 2 25610984,"3FL,NO.12,LANE20,SEC.2 CHUN SHAN NORTH ROAD TAIPEI",,gsources@ms6.hinet.net,,亚洲,C
THE INTERNATIONAL CENTER OF CARPENTER-MAB CO.,黎巴嫩,五金,MOHMOUD A.BARAKAT,00961 3711995,00961 1 544908,"MSHARAFIEH-HADI NASRALLAH STREET,BEIRUT",,alibarakat-mab@hotmail.com,,亚洲,C
THE INDUSTRIAL DEPOT,美国,五金,ALLEN GOU,001 678 2493944,001 678 2493954,"5155-M SUGARLOAF PKWY. LAWRENCEVILLE,GA",30043,agou@theindustrialdepot.com,WWW.THEINDUSTRIALDEPOT.COM,北美洲,S
THE HONOR TRADING GROUP CO. LTD.,香港,五金,LILY LEUNG,00852 25449988/25438448,00852 25411001,"19/FL.,262 DES VOEUX ROAD,CENTRAL",,honor@hkstar.com,,亚洲,C
"THE CHINESE CLAY ART,USA",美国,五金,GUANGZHEN ZHOU,001 408 7778319,001 408 7778321,"P.O.BOX 1733,CUPERTINO,CA 95015",CA 95015,chineseclayart@hotmail.com,,北美洲,S
"THE BUZZ GROUP, LLC",美国,五金,,001 2123752961,001 2123752918,"420 LEXINGTON AVENUE,SUITE 2816, NEW YORK,NY 10013,U.S.A.",,mfeldman@thebuzzgroup.com,,北美洲,S
THE BOSTON SALES GROUP,美国,五金,J.J. Dougherty,001 203 2455800,001 203 2455808,"168 Boston Post Rd., 4 Prestige Park,Madison,CT",CT 06443-2163,,,北美洲,S
THE BATHROOM COMPANY PTE LTD,新加坡,五金,DANIEL KOE,0065 63550055/90088919,0065 63550655,545-B BALESTIER ROAD,329866,daniel@bathworld.net,,亚洲,A
"THAI PRASIT TEXTILE CO., LTD.",泰国,五金,BOONNUM PRASITSUMRIT,0066 2 4160489,0066 2 4160473,"121/261-2 MOO 6 EKACHAI RD.,BANGBON,BANGKOK",10150,boonnump@thailandmesh.com,WWW.THAILANDMESH.COM,亚洲,B
"THE BLACKBURN CO., INC.",美国,五金,James Blackburn,001 952 9340104,001 952 9344760,"6277 Bury Dr.,Eden Prairie,MN",MN 55346,,,北美洲,S
THE AMPLIFIER INC.,台湾省,五金,MICHAEL,00886 2 25605096/7/8,00886 2 25604208,"9/F, 152, CHUNG SHAN NORTH ROAD, SECTION 1,P.O. BOX 9-364 TAIPEI",104,ampinctw@ms13.hinet.net,,亚洲,C
THD AUSTRALIA PTY.LTD.,澳大利亚,五金,GORDON MCQUEENEY,0061 3 62733511,0061 3 62736694,"8 KNOLL STREET,GLENORCHY",7010,thd.aust@tassie.net.au,WWW.THD-AUST.COM.AU,大洋洲,S
THAW ASSOCS.,美国,五金,Gene Thaw,001 908 7578150,001 908 7574050,"5001 Hadley Rd.,So. Plainfield,NJ",NJ 07080-0867,,,北美洲,S
"THANT SIN CO.,LTD.",缅甸,五金,Mr. MAUNG AUNG WIN,0095 1 229073/249133,0095 1 229073,"NO.73,GROUND FLOOR,13TH STREET LAMADAW TOWNSHIP,YANGON",,,,其他,C
THANALATCHEMY STORES,斯里兰卡,五金,M.R.NAGULESWARAN,0094 45 2222563/2230036,0094 45 2223743/2223262,"NO.78,GOOD SHED ROAD,RATNAPURA",,laxmi.12@sltnet.lk,,亚洲,C
THAMEEMA TRADING CORPORATION,印度,五金,HAJEE DR. T. SALEEM BASHA,0091 44 25225219/25244538/25244513,0091 44 25262699/25230444,"TAJ TOWERS 22A,SECOND LINE BEACH,CHENNAI",600001,tajgroup@vsnl.com;mahendra_doshi29@yahoo.com,,亚洲,C
TG TOOLS UNITED CO,美国,五金,TOM,001 6305844122,001 6305844722,"1020 CEDAR AVE SUITE 2B,SUITE 2B ST. CHARLESIL. 60174,U.S.A.",,tgtools@sbcglobal.net,www.tgtools.com,北美洲,S
TG HARDWARE TRADING & SUPPLIES,马来西亚,五金,HOW THONG GUAN,0060 9 5689898/129812130,0060 9 5689988,"B-354 & 356,GROUND FLOOR,JALAN AIR PUTIH,KUANTAN,PAHANG D.M.",25300,tghard@hotmail.com;tgpipe@hotmail.com,,亚洲,B
"THAISIN METAL INDUSTRIES CO.,LTD.",泰国,五金,PALIT CHUANKAJORNPONG,0066 2 3319615/3322805,0066 2 3319619,"2389/41-42 SUKHUMVIT ROAD,BANGCHAK,PRAKANONG BANGKOK",10250,master@thaisin.co.th,,亚洲,B
THAICO ENTERPRISES,阿拉伯联合酋长国,五金,OMPRAKASH THAKUR,00971 4 2275312/506524002,00971 4 2275831,"P.O.BOX:1419,DUBAI",,thaico@emirates.net.ae,,亚洲,B
"THAICHAINS & ASSEMBLY PLANTS CO.,LTD.",泰国,五金,NIDCHAI KUNTHAMAS,0066 2 9199627/9199628,0066 2 5170168,"2/99 MOO14 SEREE THAI RD.,MINBURI,BKK",10510,nidchai@thai-chains.com,,亚洲,B
THAI SOON HANG SDN. BHD.,马来西亚,五金,HO TION SOO,0060 82 410599/236599/429599/19 8880999,0060 82 248599,"GROUND FLOOR.NO.1-4,WISMA SOON LIEN HONG,JALAN SHERIP MASAHOR,BATU TIGA,93250 KUCHING,SARAWAK",93250,taisoonhong@pd.jaring.my,,亚洲,B
"THAI RUBBER HOSE INDUSTRIAL CO.,LTD.",泰国,五金,KAVEE PREMRATANACHAI,0066 2 3152328/3152329/3151550,0066 2 3151485,132 MOO 17 BANGPLEE INDUSTRIAL ESTATE BANGSAOTONG SAMUTPRAKARN,10540,p_kavee@hotmail.com,,亚洲,B
"THAI BLADE INDUSTRY CO.,LTD.",泰国,五金,CHAVIN PITAVIVADHANANONT,0066 2 8708781,0066 2 8708785,"364/5 MOO 4 SOI PRACHA UTHIT 19 PRACHA UTHIT RD.,RATBURANA BANGKOK 10140",,nhcl@loxinfo.co.th,WWW.THAIBLADE.COM,亚洲,B
TFX,美国,五金,Honey Exline,001 843-723-5881,001 843-723-5960,"2133 Milford St., Charleston, SC 29405, USA",,,www.tfxincorporated.com,北美洲,S
TEZUKA SHOJI KK,日本,五金,TEZUKA KISABURO,0081 95 837 8190,0081 95 837 8195,"NAGASAKI OROSHI CENTER, 1235-2, TANAKA-MACHI, NAGASAKI-SHI, NAGASAKI 8510134",,,,亚洲,S
TEXTILE FOR TRADING & AGENCIES,也门共和国,五金,ABDO AHMED,00967 1 270723,00967 1 273129,P.O.BOX:2319 SANA'A,,absahmhus@y.net.ye,,其他,C
TEXAS TOOL & HARDWARE,美国,五金,KEITH REDBURN,001 361 573 6376,001 361 573 6575,"303 E CRESTWOOD DR, VICTORIA, TX 77901",,,www.texastool.com,北美洲,S
Teck Guan(Hardware)& Co.,新加坡,五金,H S Soh,0065 62982583,0065 62982583,"Blk 809,French Road #01-196, 200809, Singapore",,,,亚洲,A
TECK GUAN HOLDINGS SDN BHD,马来西亚,五金,HONG KUN YEE,0060 89 772277/775566 EXT.2333,0060 89 769955,"TECK GUAN REGENCY JALAN ST.PATRICK,OFF JALAN BELUNU 91000 TAWAU,SABAH(P.O.BOX NO.33 91007 TAWAU,SABAH)",91000,hongky@teckguan.com,,亚洲,B
TETSUHO KIKAI KK,日本,五金,"KIKUCHI, TERUYO",0081 22 232 3721,0081 22 232 3744,"20-46, SHINDEN 3-CHOME MIYAGINO-KU SENDAI-SHI, MIYAGI 9830038",,,,亚洲,S
Tetral Industries Limited,新西兰,五金,L Brown,0064 3 379 2400,0064 3 365 4979,"24 Coleridge Street, Sydenham, 8002, Christchurch",,tetral@tetral.co.nz,,大洋洲,A
"TECKLENBORG & CO., GMBH KG",德国,五金,,0049 471 71017/9,0049 471 9724747,"POSTFACH 29 04 61,D-27534 BREMERHAVEN",,,,欧洲,S
TECK SENG MACHINERY (M) SDN.BHD.,马来西亚,五金,SAM SWEE LOW,0060 3 92218222-4/92233795,0060 3 92210741/92218180,"205,JALAN SUNGEI BESI,KUALA LUMPUR",57100,tsmesin@tm.net.my,,亚洲,B
TECK SENG CYCLE PTE LTD,新加坡,五金,LIM CHOON LING,0065 67460401,0065 67458101,16 KAKI BUKIT PLACE,416194,tscycle@pacific.net.sg,WWW.TECKSENG.COM.SG,亚洲,A
Teck Huat Hardware(Pte)Ltd,新加坡,五金,,0065 62944323,0065 62986194/62943940,"52 Horne Road #01-04, 209071, Singapore",,teckhuat@singnet.com.sg,,亚洲,A
TECNO EXTRUSIONES SA DE CV,墨西哥,五金,ROBERTO RUIZ,0052 33 38231132/38231151,0052 33 38536647,CALZADA FEDERALISMO NTE NO.1864 C.P.44260 GUADALAJARA.JAL,44260,tecno@megared.net.mx,,北美洲,B
TARNWEST LTD.,英国,五金,A. DAULBY,0044 1617 988 084,0044 1617 731 509,"355 BURY OLD ROAD, PRESTWICH,MANCHESTER M25 5PY",,,,欧洲,S
TARIQ AGENCY,巴基斯坦,五金,SHAHID ISHFAQ,0092 42 7640378/7674278/7640282,0092 42 7651491,"83-AUSTRALIA BUILDING NISHTER ROAD,LAHORE",,taragen@brain.net.pk;tariqagencies1@hotmail.com,,亚洲,C
TARIMANS TRADING CO.L.L.C.,阿拉伯联合酋长国,五金,MUNIR MANSOUR,00971 6 5330243/505522033,00971 6 5334945,P.O.BOX:23957 SHARJAH,,vitro@emirates.net.ae,HTTP://EMIRATESLINES.NET/BARETTA.HTM,亚洲,B
TARGET EXPORT LIMITED,香港,五金,PEGGY CHUN,00852 31059811/31059812,00852 31059623,"RM.1203,SAM CHEONG BLDG.,216-220 DES VOEUX ROAD,CENTRAL",,targetexp@i-cable.com,,亚洲,C
"TARGET BRANDS,INC.",香港,五金,DICK MAN,00852 27337227,00852 23119483,"ROOM 402,WEST WING,TSIM SHA TSUI CENTRE,66 MODY ROAD,TSIM SHA TSUI EAST,KOWLOON",,dick.man@theamc.com,,亚洲,C
"TARENZI AUTOMAZIONE, Srl",意大利,五金,Mario Tarenzi,0039 02 8137113,0039 02 8911592,"Via F. Tosi 11, I 20143, MILANO",,info@tarenzi.it,http://www.tarenzi.it,欧洲,A
TARACORP,美国,五金,FRED BARRINGER,001 336 8318606/2877284/800 3345266,001 336 7778606/800 6376697,"1690 LOWERY STREET WINSTON-SALEM,NC 27101-5603",,barringerfa@taracorp.com;fredabarringer@hotmail.com,WWW.TARACORP.COM,北美洲,S
Tappex Thread Inserts Ltd,英国,五金,J. S. M. Bebbington,0044 1789 206600,0044 1789 414194,"Masons Road, Stratford-upon-Avon, Warwickshire, CV37 9NT. England",,sales@tappex.co.uk,http://www.tappex.co.uk,欧洲,S
TAPCO,美国,五金,KURT PALMER,001 847-860-8720,001 847 860 8721,"1101 KIRK ST, ELK GROVE VILLAGE, IL 60007-6738",,kpalmer@tapco-usa.com,www.tapco-usa.com,北美洲,S
TANZOREN KK,日本,五金,OISHI TAKASHI,0081 88 822 2470,0081 88 822 2472,"2-3, KAMI-MACHI 2-CHOME, KOCHI-SHI, KOCHI 7800901",,,,亚洲,S
Tanoga Manufacturing Ltd,英国,五金,Leslie W. J. De-Caux,0044 1582 502882,0044 1582 591791,"Unit 5, Caleb Close, GB LU4 8DR, Luton",,,www.tanoga.com,欧洲,S
Techno Skruv AB,瑞典,五金,,0046 370 69 55 10,0046 370 69 55 15,"Bangardsg 14, SE 33135, Varnamo",,info@technoskruv.se,www.technoskruv.se,欧洲,A
TECHNO OVERSEAS,印度,五金,MR.HIREN DOSHI,0091 22 3441221,0091 22 3432077,"302,NEECMANI(I),BAPUBHAI VAST ROAD,VILE-PARLE (WEST)",400056,technooverseas@indiainfo.com,,亚洲,C
TECHNO FORTE SYSTEMS LTD,孟加拉国,五金,TULU KALIMULLAH,00880 9882202/8815280,00880,"ROAD #12,HOUSE #42,BLOCK-E,BANANI C/A,DHAKA",1213,tk@pradeshta.net,WWW.TECHNOFORTESYSTEMS.COM,亚洲,C
TECHNO ENTERPRISES,斯里兰卡,五金,RAJ MUTHIAH,0094 11 323057/435073/77723307,0094 11 332762/508379,"304-A,SEA STREET,COLOMBO-11",,techno@sltnet.lk,,亚洲,C
TECHNO ENTERPRISE LTD.,肯尼亚,五金,DEEPAK PANDIT,00254 536442/536449,00254 2 536452/651204,"LUNGA LUNGA ROAD,INDUSTRIAL AREA,NAIROBI (P.O.BOX 44303 NAIROBI)",,techno@form-net.com,,非洲,C
TECHNI-TOOL PRODUCTS INC,美国,五金,VIVIAN WEAVER,001 714 3630661,001 714 3630663,"249 E.EMERSON AVENUE,SUITE A,ORANGE, CA 92865",,technitool@yahoo.com,www.techni-toolproducts.com,北美洲,S
Technische Handelsonderneming Linders Vof,荷兰,五金,K. Linders,0031 343 456114,0031 343 452114,"Maarsbergseweg 47, NL 3956 KT, Leersum",,info@linders.nl,http://www.linders.nl,欧洲,A
Technische Handelsonderneming Bevar BV,荷兰,五金,R.V. Baede,0031 318 547310,0031 318 547333,"Einsteinstraat 32, NL 3902 HN, Veenendaal",,info@bevar.nl,http://www.bevar.nl,欧洲,A
Technisch Bureau Nohos,荷兰,五金,,0031 20 4626422,0031 20 4626433,"Joop Geesinkweg 301, NL 1096 AW, Amsterdam",,,,欧洲,A
Technifast Ltd,英国,五金,M. Toyonaga,0044 1536 407716,0044 1536 407544,"Unit 5 Darwin Court,Off Steel Road,Willowbrook Industrial Estate,Corby,Northamptonshire,NN17 5XY",,sales@technicast.co.uk,http://www.technifast.co.uk,欧洲,S
TECHNICOMP INC.,美国,五金,ED SHEFFER,001 520-624-1100,001 520-624-5595,"2104 N FORBES BLVD, TUCSON, AZ 85745-1461",,,www.technicomp.com,北美洲,S
Technical Supply Carmiel Giladi Ltd,以色列,五金,Gad Markowitz,00972 4 9989195,00972 4 9885870,"48 Heharoshet Street, Ind. Zone, 20101, Carmiel",,,,亚洲,A
"TECHNICAL MARKETING SERVICES, INC.",美国,五金,Michael Hogan,001 772 4663113,001 772 4663116,"3313 Industrial 25th St.,Fort Pierce,FL",FL 34954,,WWW.TECHNICALMARKETING.NET,北美洲,S
TECHNICAL IMPEX,印度,五金,ABDUS SAMAD,0091 22 4453834/4464520,0091 22 4443051,"PLOT NO.20,RETI BUNDER,MAHIM CAUSE WAY,MUMBAI-16",,technical.impex@usa.net,,亚洲,C
TEC-GYPSUM CLA. LTDA.,厄瓜多尔,五金,PATRICIO PAEZ B.,00593 2 2253332/2263495/9 9467605,00593,"DE LAS MALVAS,LOTE 90 E HIGUERAS,SECTOR MONTESERRIN,QUITO",,tecgyp@uio.satnet.net,,其他,C
TECEIN S.A.,西班牙,五金,,0034 98 329 91 66,0034 98 329 02 01,"C/Topacio 4B-Nave 6, Pol. Ind. San Cristobal, 47012-Vallabolid",,tecein@tecein.es,http://www.tecein.es,欧洲,A
TECHNICAL BUILDING MATERIALS,阿曼,五金,ALI,00968 7735599/7730801/9268787,00968 7733209,"P.O.BOX 668,,HONDA ROAD",117,tbmtools@omantel.net.om,,亚洲,C
TECHNECON 2000,保加利亚,五金,VESSELIN VALCHEV,00359 2 9631267/9634370,00359 2 9632861,"38 LATINKA STR.,1113 SOFIA",,technecon@unisoftbg.com,,其他,C
TECHMAN HEAD,法国,五金,M LEGER JEAN LUC,0033 4 94017180,0033 4 94082087,"RUE MARCELIN BERTHELOT, BP 208 ZI, 83089, TOULON CEDEX",,tnh@tnhfrance.com;regina.gatin@tnhfrance.com,,欧洲,A
Tech-Liaison Private Limited,新加坡,五金,,0065 62888811,0065 62884416,"Blk 1030,Eunos Avenue 6 #01-54, 409625, Singapore",,swee_hup@sweehup.com.,,亚洲,A
Tech Fasteners Ltd,爱尔兰,五金,Mr. John Harmon,00353 1 4573300,00353 1 4570470,"Clondalkin Ind Est, Dublin 22",,,,欧洲,A
TAYLOR SECURITY & LOCK CO. INC.,美国,五金,JOEL TAYLOR,001 301 948 7670,001 301 948 1029,"8585 ATLAS DR, GAITHERSBURG, MD 20877",,chris.gresh@taylorsecurity.com,www.taylorsecurity.com,北美洲,S
TEAM TRADING CO.LLC.,阿拉伯联合酋长国,五金,A.M.MAKLAI,00971 4 2955566,00971 4 2955567,P.O.BOX 1358 DUBAI,,teamtrad@emirates.net.ae,,亚洲,B
TEAM STRENGTH SDN.BHD.,马来西亚,五金,TAN SWEE EAN,0060 5 3574950/3574951/125012009,0060 5 3574945,"PT 1097,2 1/2 KM,OFF JALAN PENGKALAN,MUKIM SG.RAYA,KG.KEPAYANG,PERAK,WEST",31300,seonlim98@hotmail.com,,亚洲,B
Team Roesfeld-Kontorindretring-skiveborde,丹麦,五金,,0045 7021 9900,0045 7021 9921,"Gaaseagervej 4-6, DK 8250, Egaa",,salg@roesfeld.dk,http://www.roesfeld.dk,欧洲,A
TEAM PROGRESS INC,美国,五金,,001 8139264821,001 8139264821,16302. TURNBURY OAK DRIVE,,gopi47401@yahoo.com,,北美洲,S
TEAM KRUSE APS,丹麦,五金,HENNING KRUSE NIELSEN,0045 47 38 36 00,0045 47 38 33 02,"NORDRE PAKHUSVEJ 5,DK-3600 FREDERIKSSUND",,info@teamkruse.dk,www.teamkruse.dk,欧洲,A
TEAM INTERNATIONAL ENTERPRISE LTD.,香港,五金,ERIC HO,00852 27828752,00852 22934388,"RM 1006,NEW WORLD TOWER 1,16-18 QUEEN'S RD.,CENTRAL",,director@garden2.com,WWW.GARDEN2.COM,亚洲,C
TEAM FIVE LTD.,泰国,五金,SOMSIRI PRAMUDWINAI,0066 2 428 3027,0066 2 427 5583,"PART. 8 42 SOI CHANSAWANG,BANGKOK 10150",,smiling-pet@yahoo.com,,亚洲,B
Taylor Embex Fasteners Ltd,英国,五金,Peter M. Glover,0044 121 558 0554,0044 121 558 6574,"Anne Road, GB B66 2NY, Smethwick",,sales@sacketscrews.co.uk,,欧洲,S
TAS HARDWARE & TOOLS CORPORATION,印度,五金,SHABBIR CHASS,0091 40 4732658/4602880/9849052786,0091 40 4602755,"# 5-3-941,NIZAMSHAHI ROAD,NEAR MOZAMJAHI MARKET,HYDERABAD",500195,shab_tas@hotmail.com,WWW.TAS-HYD.COM,亚洲,C
TDT MARKETING,马来西亚,五金,ANGY NG,0060 4 5074002/16 4177623,0060 4 5074002,"NO.2-25,JALAN LIMAU MANIS 4,TAMAN LIMAU MANIS,BUKIT MERTAJAM,PENANG",14000,,,亚洲,B
TD-Myynti Oy,芬兰,五金,,00358 2 2 37 40 00,00358 2 2 37 04 04,"Hameentie 35, FI 20540, Turku",,,,欧洲,A
TCV,法国,五金,SERGE DAVID,0033 1 30240333,0033 1 30244764,"183 AV.DU GAL LECLERC,VIROFLAY",78220,,,欧洲,A
TCL International Ltd,香港,五金,叶先生,00852 27537593,00852 27987589,香港九龙九龙湾 启兴道2号 太平洋贸易中心16楼1627室,,tcltcs@netvigator.com,,亚洲,C
TAZMOOL HOSEIN & SONS,特立尼达和多巴哥,五金,Mr. KENDELL ANDY HOSEIN,001868 665 2562/2408,001868 665 2901,"HIGH STREET, PRINCES TOWN",,bettervalue@tstt.net.tt,,其他,C
TAZA ENTERPRISES,美国,五金,TARI AMI,001 7146803788,001 7146803789,"1215 WEST IMPERIAL HWY 100 BREA,CA 92821U.S.A.",,sales@hoct.com,www.hoct.com,北美洲,S
TAYMOR INDUSTRIES LTD.,加拿大,五金,DENNIS PALMER,001 604 5409525,001 604 5402153,"1655 DERWENT WAY,ANNACLS ISLAND DELYA B.C.",V3H 6K8,builders@taymor.com,WWW.TAYMOR.COM,北美洲,S
Taymor Industries,美国,五金,Andy Zalkow,001 510-429-0888,001 510-429-0397/800 2888133,"1580 Zephyr Ave., Hayward, CA 94544-7800, USA",,,WWW.TAYMOR.COM,北美洲,S
TANIYASU BYORA CO LTD,日本,五金,"TANIGAWA, KIYOSHI",0081 6 6581 9415,0081 6 6584 1235,"28-17, KUJO 1-CHOME NISHI-KU OSAKA-SHI, OSAKA 5500027",,,,亚洲,S
"TANG'S MATTRESS AND SOFA MATERIAL CO.,LTD.",香港,五金,TANG WAI HUNG,00852 25540615/25551236,00852 28734990,"FLAT D,4/F.,6,YIP FAT ST.,WONG CHUK HANG",,hongsat@bable.com,,亚洲,C
Tarlow Engineering Ltd,英国,五金,Paul Searles,0044 1322 550328,0044 1322 522998,"Unit 22, Acorn Industrial Park, Crayford Road, Crayford, GB DA1 4AL, Dartford",,tarlow@mistral.co.uk,http://www.tarlow.mistral.co.uk,欧洲,S
TAXTRAN LIMITED,香港,五金,SUNIL CHUGANI/TONY P.C.KO,00852 25444301/25446107/93332833,00852 25437567,"UNIT 2905-6,29/F.,NO.69 JERVOIS STREET,SHEUNG WAN (G.P.O.BOX 7303)",,tony@taxtranltd.com;tonytk@tdctrade.com,,亚洲,C
TAWAM EQUIPMENT TRADING EST.,阿拉伯联合酋长国,五金,MOHD. ISSAM ARWANI,00971 4 2673532,00971 4 2673531,P.O.BOX 39848 DUBAI,,tete@emirates.net.ae,,亚洲,B
TATT GIAP HARDWARE SDN.BHD,马来西亚,五金,"SIAH KOK POAY,STEVEN",0060 4 5088055/124826255,0060 4 5078466,"PLOT 33,JALAN PERUSAHAAN BUKIT MINYAK,BUKIT MINYAK INDUSTRIAL PARK BUKIT MERTAJAM,PENANG",14000,siahkp@tm.net.my,WWW.TATTGIAP.COM,亚洲,B
TATLAN INDUSTRIES PTY. LTD.,澳大利亚,五金,PHILIPS WONG,0061 2 93264638,0061 2 93264638,"12/32 COOGEE BAY ROAD,RANDWICK,2031 NSW",,,,大洋洲,S
TATHMEER INTERNATIONAL,沙特阿拉伯,五金,ABDULLAH SHEBL,00966 1 4731111/4731000,00966 1 4785555,RIYADH P.O.BOX 1125,11441,ahshebl@ksu.edu.sa;tathmeer@hotmail.com,,亚洲,B
TATEIWA KK,日本,五金,"HIKICHI, YASUHIRO",0081 24 586 2165,0081 24 586 2231,"SHIMMACHI 12, KAKEDA, RYOZEN-MACHI DATE-GUN, FUKUSHIMA 9600801",,,,亚洲,S
"TASONIC IND. CO.,LTD.",台湾省,五金,H. P. CHANG,00886 4 22021298,00886 4 22021296,"NO. 4-1,LANE 185,MEI-DEH ST.,TAICHUNG",404,hpchang@tasonic.com.tw;devin@tasonic.com.tw,WWW.TASONIC.COM.TW,亚洲,C
Tasman Industries Ltd,英国,五金,Mrs Nadia A. Stirling,0044 1384 634461,0044 1384 634274,"50-52 Lyde Green, Cradley, GB B63 2PG, Halesowen",,johnbairner@tasmanindustries.co.uk,http://www.tasmanindustries.co.uk,欧洲,S
TASAN KINZOKU KK,日本,五金,"TANAKA, NORIYUKI",0081 256 63 3181,0081 256 64 2290,"2-65, SUIDO-CHO 4-CHOME TSUBAME-SHI, NIIGATA 9591262",,,,亚洲,S
TANKO INDUSTRIES PTY.LTD.,澳大利亚,五金,WARREN LAM,0061 2 92125427,0061 2 95174900,"3/F,83-91 KIPPAX STREET SURRY HILLS N.S.W.",2010,warren@tanko.com.au,WWW.TANKO.COM.AU,大洋洲,S
TANIUCHI KK,日本,五金,TANIUCHI JUNICHI,0081 166 23 6241,0081 166 222125,"8, HIDARI, 2-JO-DORI 15-CHOME, ASAHIKAWA-SHI, HOKKAIDO 0700032",,info@taniuchi.co.jp,WWW.TANIUCHI.CO.JP,亚洲,S
TANIMURA JITSUGYO KK,日本,五金,TANIMURA KOICHI,0081 773 27 3151,0081 773 27 1351,"84, HAZEMIYA-MACHI 1-CHOME, FUKUCHIYAMA-SHI, KYOTO 6200856",,,,亚洲,S
TANIGUCHI KINZOKU KOGYO KK,日本,五金,TANIGUCHI MOTOICHI,0081 729 39 2121,0081 729 392195,"2-47, HAYASHI 2-CHOME, FUJIIDERA-SHI, OSAKA 5830007",,,WWW.TANIGUCHI-METAL.COM,亚洲,S
TALAL A.AL KHARS TRADING EST.,沙特阿拉伯,五金,K.M.SAFFIULLAH,00966 3 8588889,00966 3 8589559,"POST BOX:69289,DAMMAM",31547,talal_a@sahara.com.sa,,亚洲,B
Tamrex Oy,芬兰,五金,Juha Heinisaari,00358 3 31 42 15 00,00358 3 31 42 15 00,"Tanink 14, Lielahti, FI 33400, Tampere",,tamrex@tamrex.fi,WWW.TAMREX.FI,欧洲,A
TANG CHIN KUAN FURNITURE CONSTRUCTION,新加坡,五金,TANG CHIN KUAN,0065 67475641/96308931,0065 67426420,"BLK 1007,#01-37 EUNOS INDUSTRIAL ESTATE,AVENUE 7",409578,yangken@pacific.net.sg,,亚洲,A
TAJIMA SHOTEN KK,日本,五金,"SASAKI, MASAHARU",0081 82 232 2221,0081 82 295 0743,"8-23, YOKOGAWA-CHO 2-CHOME NISHI-KU HIROSHIMA-SHI, HIROSHIMA 7330011",,,,亚洲,S
TAJIMA KOGYO CO LTD,日本,五金,"TAMURA, KENICHI",0081 6 6412 5600,,"3-6, SUEHIRO-CHO 1-CHOME AMAGASAKI-SHI, HYOGO 6600094",,,,亚洲,S
TAJ PIPE STORE,巴基斯坦,五金,AURANGZEB ASGHAR,0092 42 7665038/7638711,0092 42 7665038,"57-BRANDRETH ROAD,LAHORE",54000,tajpipe@yahoo.com,,亚洲,C
"TAIZIN INT'L CO., LTD.",香港,五金,ELENA CHAN,00852 5109966,00852 5109961,"RM.705,7/F.,FORTRESS TOWER,250 KING'S ROAD",,,,亚洲,C
TAIYO WIRE CLOTH CO LTD,日本,五金,HIRAI HIDENOBU,0081 6 62620581,0081 6 62623285/62623285,"11-7, MINAMISEMBA 1-CHOME, CHUO-KU OSAKA-SHI, OSAKA 5420081",,,WWW.TWC-NET.CO.JP,亚洲,S
TAIYO SUNCO INC,日本,五金,MIYAKE TAIJI,0081 6 65331241,0081 6 65412301,"27-15, MINAMIHORIE 4-CHOME, NISHI-KU OSAKA-SHI, OSAKA 5500015",,,WWW.TAIYO-NYLOK.CO.JP,亚洲,S
"TAIYO SEIKI WORKS CO.,LTD.",日本,五金,KATSUYUKI OKAMURO,0081 3 36433451,0081 3 36436480,"1-8,2-CHOME,BOTAN,KOTO-KU,TOKYO",135-0046,k-okamuro@taiyoseiki.co.jp/info@taiyoseiki.co.jp,HTTP://WWW.TAIYOSEIKI.CO.JP,亚洲,S
TAIYO NEJI KK,日本,五金,"TSUZAKI, KONOSUKE",0081 6 6533 1631,,"5-6, ITACHIBORI 1-CHOME NISHI-KU OSAKA-SHI, OSAKA 5500012",,,,亚洲,S
TAIYO KANAMONO CO LTD,日本,五金,ISHIMURA RYOHEI,0081 6 66322836,0081 6 66337773,"15-34, KOZU 3-CHOME, CHUO-KU OSAKA-SHI, OSAKA 5420072",,,WWW.TFORM.CO.JP,亚洲,S
TANEMURA KK,日本,五金,"TANEMURA, MASASHI",0081 6 6700 0760,,"7-17, KIRE 4-CHOME HIRANO-KU OSAKA-SHI, OSAKA 5470027",,,,亚洲,S
TANDY WAREHOUSE,美国,五金,JERRY ROY,001 817 4460787,001 817 4462870,Texas,TX 76140,,WWW.TINNACLEFRANE.COM,北美洲,S
"TANDY LEATHER COMPANY, LTD.",加拿大,五金,"DOUG BLACK, PRES.",001 705 7282481,001 705 7211226,"P.O. BOX 13000//BARRIE, ONTARIO L4M 4W4",,,WWW.HERIKAN.COM,北美洲,S
Tandm Spring Products Ltd,英国,五金,Mrs Amanda Oreordan,0044 1204 592907,0044 1204 595791,"Unit A14, Deakins Business Park, Egerton, GB BL7 9RP, Bolton",,sales@tandm.co.uk,,欧洲,S
TANAKA SEIKI KK,日本,五金,"TANAKA, MINORU",0081 3 3793 7341,0081 3 3793 7390,"TANAKA HEIGHTS, 39-15, CHUO-CHO 2-CHOME MEGURO-KU, TOKYO 1520001",,,,亚洲,S
TANAKA WIRE & METAL CO LTD,日本,五金,"TANAKA, SEIICHI",0081 3 3785 6631,0081 3 3783 1255,"29-8, HATANODAI 6-CHOME SHINAGAWA-KU, TOKYO 1420064",,,,亚洲,S
TANAKA KO KK,日本,五金,"TANAKA, YASUO",0081 6 6728 0258,,"4-13, KANAMONO-CHO HIGASHIOSAKA-SHI, OSAKA 5770815",,,,亚洲,S
TANAKA KINZOKU KOGYO CO LTD,日本,五金,"TANAKA, SHOSUKE",0081 3 3863 7978,0081 3 3863 1444,"7-4, KURAMAE 4-CHOME TAITO-KU, TOKYO 1110051",,,,亚洲,S
TANAKA FASTENER CO LTD,日本,五金,"TANAKA, TATSUJI",0081 6 6789 6071,0081 6 67896071,"4-22, NISHIZUTSUMIHON-DORI NISHI 3-CHOME HIGASHIOSAKA-SHI, OSAKA 5770046",,,,亚洲,S
"TANACHOL LTD., PART.",泰国,五金,TANA KULCHOL,0066 2 7571495/7571496/18262246,0066 2 3842044/7570992,"6/92-93 M.5 SRINAKARIN RD., SAMUTPRAKARN",10270,tana_kulchol@hotmail.com,,亚洲,B
TAN POH HUAT HARDWARE & CONSTRUCTION SDN.BHD.,马来西亚,五金,TAN HAK LYE,0060 4 5392673/5392185,0060 4 5392673,"409,MK7,PADANG LALLANG,(SUNGAI RAMBAI),14000 BUKIT MERTAJAM,P.W.",,,,亚洲,B
TAN NAM SENG BROTHERS SDN.BERHAD,马来西亚,五金,陈成昭,0060 3 62765463/62765473/123318173,0060 3 62765748,"LOT 54,JALAN E 1/2,TAMAN EHSAN IND.ESTATE,BATU 8,JALAN KEPONG,KUALA LUMPUR",52100,,,亚洲,B
Tan Hup Lee Radiator Enterprise,新加坡,五金,,0065 62713714,0065 62719549,"Blk 1008,Bukit Merah Lane 3 #01-18, 159722, Singapore",,,,亚洲,A
TAN DAT TRADING LTD.,越南,五金,NGUYEN THANH TAN,0084 8 8494143,0084 8 8491577,"S12-13 BAU CAT STREET,TAN BINH DISTRICT,HCMC",,tandatco@hcm.vnn.vn,WWW.TANDAT.COM,亚洲,B
TAN BAN SENG (M) SDN.BHD.,马来西亚,五金,TAN KIM TIAN,0060 3 62742476,0060 3 62741308/62720409,"LOT A21,JALAN KUANG BULAN,TAMAN KEPONG INDUSTRIAL AREA,52100 KUALA LUMPUR",,tbsmsb@po.jaring.my,,亚洲,B
Tan Aik Koon Pte Ltd,新加坡,五金,Alex Tan,0065 67411212,0065 67416492,"44,Jalan Eunos, 419502, Singapore",,tak_sin@pacific.net.sg,WWW.TAN.COM.SG,亚洲,A
TAMURARYU KK,日本,五金,"TAMURA, KEIJI",0081 3 3635 5211,0081 3 3635 5217,"13-10, TATEKAWA 4-CHOME SUMIDA-KU, TOKYO 1300023",,,,亚洲,S
TAMURA KANAMONO KK,日本,五金,TAMURA TAKASHI,0081 76 242 1170,0081 76 2437409,"7-12, MASUIZUMI 2-CHOME, KANAZAWA-SHI, ISHIKAWA 9218025",,,,亚洲,S
Tamsale Oy,芬兰,五金,,00358 3 2 14 14 85,00358 3 31244242,"Papink 21, FI 33200, Tampere",,,,欧洲,A
Tampereen Insinooritoimisto Oy,芬兰,五金,Ulla-Reetta Jokinen,00358 3 3 66 42 88,00358 3 2 65 09 09,"Kuokkamaant 12, FI 33800, Tampere",,tampereen.insinooritoimisto@ruuskagroup.fi,WWW.RUUSKAGROUP.FI,欧洲,A
Tam-Laakeri,芬兰,五金,TANOVUORANMAA,00358 3 2 54 64 00,00358 3 2 54 64 44,"Kuoppamaent 3, FI 33800, Tampere",,tamlaakeritre@co.inet.fi,,欧洲,A
TAMKEY TRADING,埃塞俄比亚,五金,TOWFIK SHASH,00251 1 551531/9204527,00251 1 553698,"P.O.BOX: 21553,CUNNIGHAM STREET,ADDIS ABABA",,,,其他,C
TAMILNADU FORGINGS PVT. LTD.,印度,五金,SUNDEEP KUMAR GUPTA,0091 44 4872690/4872084,0091 44 6272270,"POONAMALLEE HIGH ROAD,VANAGARAM CHENNAI",602102,sundeepg7@yahoo.co.uk,,亚洲,C
Tamhard Ky Timo Laine,芬兰,五金,,00358 3 2 23 14 66,00358 3 31244242,"Papink 21, FI 33200, Tampere",,,,欧洲,A
TAMATSU SHOJI KK,日本,五金,"HIBI, HIROTADA",0081 6 6971 5577,0081 6 6975 0180,"2-29, TAMATSU 1-CHOME HIGASHINARI-KU OSAKA-SHI, OSAKA 5370023",,,,亚洲,S
TAMARUYA KK,日本,五金,"TSUBAKI, JUICHIRO",0081 25 523 0023,,"26, DAIDO FUKUDA JOETSU-SHI, NIIGATA 9430172",,,,亚洲,S
"TALENT TOP CO., LTD.",香港,五金,LO HOI PING,00852 25293286,00852 25290783,"B 3/F.,TRUST TOWER,NO.68,JOHNSTON RD.,WANCHAI",,lhp3000@yahoo.com.cn,,亚洲,C
TAKEZAWA KK,日本,五金,TAKEZAWA KENJI,0081 22 266 1585,,"2-28, KITAME-MACHI, AOBA-KU SENDAI-SHI, MIYAGI 9800023",,,,亚洲,S
TAKEI SHOKAI YK,日本,五金,"TAKEI, KUNIAKI",0081 3 3755 1041,,"17-6, CHIDORI 1-CHOME OTA-KU, TOKYO 1460083",,,,亚洲,S
TAKASAGO KAKO HAMBAI KK,日本,五金,KATAOKA SHUICHI,0081 3 5399 4641,0081 3 5399 4640,"1-1, SHINGASHI 1-CHOME, ITABASHI-KU, TOKYO 1750081",,,HTTP://TAKASAGO-T.CO.JP,亚洲,S
"TAKAMORI KOHKI CO.,LTD.",日本,五金,KAZUYUKI MIYAGUCHI,0081 256 324041,0081 256 347502,"4-8-18,MINAMIYOKKA-MACHI,SANJO-CITY,NIIGATA,9558677",,miyaguch@takamori-kohki.co.jp,WWW.TAKAMORI-KOHKI.CO.JP,亚洲,S
TAKLA TRADING LTD.,黎巴嫩,五金,SAMIR TAKLA,00961 1 892420/890250,00961 1 896420/893232,"P.O.BOX:90-0660,JDEIDET-EL-METN 1202 2060,JDEIDE BLVD.,BEIRUT",,taklatrd@cyberia.net.lb,,亚洲,C
TAKKU NAKASHIGE KK,日本,五金,NAKAMURA YUKIO,0081 88 882 1120,0081 88 882 5709,"92, MINAMIKUBO, KOCHI-SHI, KOCHI 7800087",,,,亚洲,S
TAKEYAMATOKI CO LTD,日本,五金,"TAKEYAMA, SABURO",0081 72 253 3362,0081 72 253 9088,"2169-3, KUROTSUCHI-CHO SAKAI-SHI, OSAKA 5918024",,,,亚洲,S
TAKEYA KANAMONOTEN KK,日本,五金,"TAKEYA, KINICHI",0081 96 356 4704,,"4-21, SUIDO-CHO KUMAMOTO-SHI, KUMAMOTO 8600844",,,,亚洲,S
TAKEUCHI SHOJI YK,日本,五金,"TAKEUCHI, SHINICHI",0081 3 3811 2522,0081 3 3811 2739,"17-3, HONGO 2-CHOME BUNKYO-KU, TOKYO 1130033",,,,亚洲,S
TAKEUCHI SEISAKUSHO KK,日本,五金,"TAKEUCHI, TOSHIAKI",0081 3 3630 6641,0081 3 3630 6645,"8-3, SHIRAKAWA 3-CHOME KOTO-KU, TOKYO 1350021",,,,亚洲,S
TAKEUCHI KOGYOSHO KK,日本,五金,TAKEUCHI MITSUKO,0081 3 3623 3186,0081 3 3623 6541,"TAKEUCHI BLDG. 17-18, KAMEZAWA 4-CHOME, SUMIDA-KU, TOKYO 1300014",,,,亚洲,S
TAKEUCHI KENZAI KK,日本,五金,TAKEUCHI NOBUO,0081 48 268 2201,0081 48 268 2205,"22-11, YANAGISAKI 2-CHOME, KAWAGUCHI-SHI, SAITAMA 3330861",,,,亚洲,S
TAKAHASHI KANAMONO KK,日本,五金,"TAKAHASHI, NORIMASA",0081 897 33 4343,,"4-40, SHINSUKA-CHO 3-CHOME NIIHAMA-SHI, EHIME 7920802",,,,亚洲,S
TAKEMURA KANAMONO YK,日本,五金,"TAKEMURA, OKAZU",0081 3 3899 4723,0081 3 3855 2728,"12-17, SARANUMA 1-CHOME ADACHI-KU, TOKYO 1230862",,,,亚洲,S
TAKEMICHI KK,日本,五金,"TAKEMICHI, MASATAKA",0081 11 753 9140,0081 11 753 9148,"3-18, KITA 28-JO HIGASHI 5-CHOME HIGASHI-KU SAPPORO-SHI, HOKKAIDO 0650028",,,,亚洲,S
TAKEDA TRADE CO LTD,日本,五金,TAKEDA RYOHEI,0081 6 64411504,0081 6 64411916,"6-32, NAKANOSHIMA 3-CHOME, KITA-KU OSAKA-SHI, OSAKA 5300005",,,WWW.TAKEDA-TRADE.CO.JP,亚洲,S
TAKEDA SANGYO CO LTD,日本,五金,WATANABE KAZUHIRO,0081 92 621 7561,0081 92 621 2620,"2781, NAKABARU, KASUYA-MACHI, KASUYA-GUN, FUKUOKA 8112304",,,WWW.TAKEDA-SANGYO.CO.JP,亚洲,S
TAKEDA KK,日本,五金,TAKEDA TOSHIO,0081 269 22 2185,0081 269 267873,"707-1, IPPONGI, NAKANO-SHI, NAGANO 3830012",,,,亚洲,S
TAKEDA GOSHIN SHOTEN KK,日本,五金,"TAKEDA, YO",0081 187 62 4171,0081 187 63 1246,"23-58, WAKATAKE-CHO OMAGARI-SHI, AKITA 0140016",,,,亚洲,S
TAKECHU KK,日本,五金,"TAKEUCHI, SHOSUKE",0081 3 3861 8566,0081 3 3861 8707,"TAKECHU BLDG. 3-12, IWAMOTO-CHO 2-CHOME CHIYODA-KU, TOKYO 1010032",,,,亚洲,S
TAKEASA KK,日本,五金,"TAKEMOTO, HISAMI",0081 533 86 8225,,"1, MATSUHISA-CHO 1-CHOME TOYOKAWA-SHI, AICHI 4420874",,,,亚洲,S
TAKASHIMA TRADING CO LTD,日本,五金,MASHIMO KINICHI,0081 3 3603 1211,0081 3 36031631/36031357,"26-4, SHIRATORI 3-CHOME, KATSUSHIKA-KU, TOKYO 1250063",,hansoku@tksm.co.jp,WWW.TKSM.CO.JP,亚洲,S
TAKAYAMA KINZOKU KOGYO KK,日本,五金,TAKAYAMA MASATERU,0081 6 67579251,0081 6 67540130,"2-10, TATSUMINAKA 2-CHOME, IKUNO-KU OSAKA-SHI, OSAKA 5440013",,,WWW.TAKAYAMA-KK.CO.JP,亚洲,S
TAKATOKU KANAMONO KK,日本,五金,TAKAHASHI KIYOSHI,0081 3 3432 4366,0081 3 3459 9132,"TAKATOKU BLDG. 4-4, SHIMBASHI 4-CHOME, MINATO-KU, TOKYO 1050004",,,,亚洲,S
TAKANO KANAMONO KK,日本,五金,"TAKANO, TOKUHEI",0081 256 32 3103,0081 256 342016,"14-19, SANCHIKU 2-CHOME SANJO-SHI, NIIGATA 9550041",,,,亚洲,S
Takano Inc,加拿大,五金,TAKA KAMENURA,001 450 6875280,001 450 6871971,"142 Av Breton, Laval Quebec",H7N 3L1,takano@videotron.ca,WWW.TAKANOCANADA.COM,北美洲,S
TAIYO BUHIN KOGYO KK,日本,五金,MINEJIMA FUMIHIKO,0081 428 31 1313,0081 428 311347,"1-21, IMAI 3-CHOME, OUME-SHI, TOKYO 1980023",,,,亚洲,S
TAIWAN PROSPEROUS INTERNATIONAL CORP.,台湾省,五金,MARK P.C.YANG,00886 2 25522705/25522706,00886 2 25525940,"7TH FLOOR,NO.107,1 SECTION,HUANG HON ROAD,TAIPEI",,twn.prosp@msa.hinet.net,,亚洲,C
TAKARADA CO LTD,日本,五金,"TAKARADA, SUETSUGU",0081 6 6913 0908,0081 6 6912 4346,"HAMA 8-11, MOROKUCHI 5-CHOME TSURUMI-KU OSAKA-SHI, OSAKA 5380051",,,,亚洲,S
TAKANO SHOTEN KK,日本,五金,TAKANO RYOSUKE,0081 979 22 3051,0081 979 24 5092,"816-11, KAKIZE, NAKATSU-SHI, OITA 8710007",,,,亚洲,S
TAKAKEN KINZOKU KK,日本,五金,TAKAGI TOSHIO,0081 52 541 1171,0081 52 4315990,"10-26, MEIEKIMINAMI 2-CHOME, NAKAMURA-KU NAGOYA-SHI, AICHI 4500003",,,,亚洲,S
TAKAMI SHOKAI KK,日本,五金,"TAKAMI, TOSHIKI",0081 794 82 0788,,"7-5, SUEHIRO 3-CHOME MIKI-SHI, HYOGO 6730403",,,,亚洲,S
TAKAGI KINZOKU YK,日本,五金,"TAKAKI, HIDEO",0081 86 526 2525,0081 86 526 2215,"7101-3, TAMASHIMA OTOSHIMA KURASHIKI-SHI, OKAYAMA 7138103",,,,亚洲,S
TAIRA BORUTO KK,日本,五金,IKEMIYAGI ETSUKO,0081 98 877 0510,0081 98 8770121,"5-3, MAKIMINATO 5-CHOME, URASOE-SHI, OKINAWA 9012131",,,,亚洲,S
TAKAKUWA KINZOKU CO LTD,日本,五金,"TAKAKUWA, YOSHIHIRO",0081 256 63 6081,0081 256 63 6073,"4985-12, KOIKE TSUBAME-SHI, NIIGATA 9591276",,,,亚洲,S
TAKAHATA SANGYO KK,日本,五金,OKUMURA NOBUO,0081 77 553 2200,0081 77 5536187,"1169-1, SHIMOMAGARI, RITTO-SHI, SHIGA 5203026",,,,亚洲,S
TAKAHASHISOHONTEN KK,日本,五金,TAKAHASHI TOSHIHIRO,0081 3 3845 1111,0081 3 38445626,"9-13, MATSUGAYA 1-CHOME, TAITO-KU, TOKYO 1110036",,,,亚洲,S
TAKADA KANAMONO KK,日本,五金,TAKADA SHIGEO,0081 294 72 1231,0081 294 72 3411,"1811, KANAI-CHO, HITACHIOTA-SHI, IBARAKI 3130016",,,,亚洲,S
TAKACOH CO LTD,日本,五金,"TAKAOKA, NOBUO",0081 3 3661 0201,,"TAKACOH BLDG. 15-1, NIHOMBASHI HON-CHO 4-CHOME CHUO-KU, TOKYO 1030023",,,,亚洲,S
TAKACHIHO KANAMONO KK,日本,五金,"KIMURA, MASATSUNA",0081 82 277 8800,,"3-20, SHOKO CENTER 4-CHOME NISHI-KU HIROSHIMA-SHI, HIROSHIMA 7330833",,,,亚洲,S
TAIYO HARDWARE,马来西亚,五金,LEONG,0060 3 33410018,0060 3 33411426,"188A JALAN BATU BELAH KLANG,SEALANG",,daiyo@tm.net.my,,亚洲,B
"TAIWAN OTTO TECHNOLOGY CO.,LTD.",台湾省,五金,OTTO HWU,00886 2 29560055/936463888,00886 2 29569249,"7F-1,NO.163,GAN-CHENG ROAD,PAN-CHIAO,TAIPEI",22041,otto888@ms34.hinet.net,,亚洲,C
TAIWAN ORBIL PRODUCTS CO.,台湾省,五金,,00886 2 23783930,00886,"5F,ALLEY 6,LANE 118,HOPING E.RD.,SEC.2,TAIPEI",,leowanglas@126.com,,亚洲,C
TAIWAN WINSOME PRODUCTS INC.,台湾省,五金,Mr. WANG ZHE BING,00886 3 3609025,00886 3 360601,桃源县八德市中华路314-1号,,,,亚洲,C
"TAIWAN TSB TRADING CO.,LTD.",台湾省,五金,DAVID CHIEN,00886 7 3960688/922576554,00886 7 3961638,"NO.55,BENHO STREET,SHAN-HING,DISTRICT,KAOHISIUNG",,lsn6013@yahoo.com.tw,,亚洲,C
"TAIWAN TORCHLIGHT ENTERPRISE CO.,LTD.",台湾省,五金,ANDREW K.T.SUN,00886 2 23660828/23660897/23660898,00886 2 23660818,"14F-1,NO.95,ROOSEVELT ROAD,SEC.2 (P.O.BOX 30-35 TAIPEI,106)",,torchentco@aol.com,,亚洲,C
"TAIWAN SUN LI FIA CO.,LTD.",台湾省,五金,TONY LO,00886 4 22779920,00886 4 22794256,"NO.318,SEC.2,YUNG PING ROAD.TAIPING CITY,TAICHUNG HSIEN",,sunlifia@ms18.hinet.net,WWW.TAIWAN-SLF.COM.TW,亚洲,C
"TAIWAN SHOPMASTER CO.,LTD.",台湾省,五金,CHIH-MOU CHO,00886 4 22618368,00886 4 22617848,"NO. 17,LANE 108,MEI TSUN SOUTH ROAD,TAICHUNG(P.O.BOX 45-24 TAICHUNG)",,,,亚洲,C
TAIWAN HUNGSEN TRADING LTD.,台湾省,五金,SATOSHI TANAKA,00886 7 6930320/928758199,00886 7 6930326,"656,CHUNG SHAN ROAD SEC.1 HU NEI,KAOHSIUNG",,thmcorp@ms66.hinet.net,,亚洲,C
"TAIWAN CONCORDE CO.,LTD.",台湾省,五金,RICHARD LO,00886 2 27650586/936135903,00886 2 27618888,"8F,NO.16,NANKING E. RD.,SEC. 5,TAIPEI",105,tc001@ms4.is.net.tw,WWW.CONCORDE.COM.TW,亚洲,C
"TAIWAN CHANG JEI ENTERPRISE CO.,LTD",台湾省,五金,HOU TIAN CAI,00886 4 7236799/7237386/937622559,00886 4 7251601,"NO.47,LANE,CHIN-TE ROAD,CHANGHWA CITY",500,changjei@msa.hinet.net,,亚洲,C
"TAIWAN ACTIVE ENTERPRISES CO.,LTD.",台湾省,五金,Mr. RICHARD CHEN,00886 2 27529350,00886 2 27218169,"10F,NO.147.SEC.4,JEN AI ROAD,TAIPEI",,taiwan.active@msa.hinet.net,,亚洲,C
TAISHIN SHOKAI GS,日本,五金,ARAGAKI YOSHINORI,0081 98 884 9856,0081 98 8841861,"10-1, SHURI SUEYOSHI-CHO 3-CHOME, NAHA-SHI, OKINAWA 9030801",,,,亚洲,S
"TAISHAN KANGDA ELECTRONIC APPLIANCE CO.,LTD.",香港,五金,NG KUEN JIM,00852 24974015,00852,D/15 FLAT 8 BUILDING QING YI CUI ZHU GARDEN,,,,亚洲,C
TAISEI KOGYO CO LTD,日本,五金,"WAKAMATSU, FUMIO",0081 3 3965 1311,0081 3 3968 8710,"22-24, AZUSAWA 2-CHOME ITABASHI-KU, TOKYO 1740051",,,,亚洲,S
TAISEI ENGINEERING CO LTD,日本,五金,"IGUCHI, HIROKI",0081 3 3638 0761,0081 3 3638 0767,"31-10, KAMEIDO 2-CHOME KOTO-KU, TOKYO 1360071",,,,亚洲,S
T F SAMPSON LTD,英国,五金,Mr.Read,0044 1449 613535,0044 1449 678381,"Greeting Road, Stowmarket, Suffolk, IP14 5BA",,sales@t-f-sampson.co.uk,,欧洲,S
T F C Plc,英国,五金,Mrs Evelyn J. Davis,0044 1435 866011,0044 1435 866620,Hale House Ghyll Industrial Estate Heathfield East Sussex TN21 8AW,,sales@tfcplc.com,http://www.tfcplc.com,欧洲,S
TAGAWA CORPORATION,日本,五金,RYUSUKE TAGAWA,0081 75 9827371/7056684370,0081 75 9827373,"ROOM 806,NORTH YOTSUBASHI BUILDING,1-24-8,SHINMACHI,NISHI-KU,OSAKA",550-0013,tagawa@oak.ocn.ne.jp,,亚洲,S
TAI PANG JEWELLERY MFY.,香港,五金,CHEUNG HOI PANG,00852 24167088/24167254,00852 24166225,"FLAT 18-19,8/F.,BLK.B,HI-TECH IND.CENTRE,5-21,PAK TIN PAR STREET,TSUEN WAN,N.T",,,,亚洲,C
"TAI MASTER ENTERPRISE CO.,LTD.",台湾省,五金,KEN YEN,00886 7 5560077/937 702287,00886 7 5561677,"3F-3,NO.366,BOAI 2ND RD.,TZUOYING DIST.,KAOHSIUNG",813,kenyen@taimaster.com.tw,WWW.TAIMASTER.COM.TW,亚洲,C
TAING & TAING PTY LTD.,澳大利亚,五金,KHIENG TAING,0061 8 82602000,0061 8 83495711,"13 RESEARCH RD, POORAKA SA.",5095,hkd007@hotmail.com,,大洋洲,S
TAIKI SANGYO KK,日本,五金,"NAKAYAMA, HIROMICHI",0081 92 822 3711,0081 92 822 3721,"INOUE HEIGHTS 2KAI, 13-9, HAKATAEKIMAE 3-CHOME HAKATA-KU FUKUOKA-SHI, FUKUOKA 8120011",,,,亚洲,S
TAIHO BUILDING MATERIAL & TRADING,新加坡,五金,C. H. NG,0065 62661175/62661176,0065 62661170,"16,PENJURU ROAD LOT A 13220,600000",,,,亚洲,A
"TAI TAK METAL CO., LTD.",香港,五金,钱先生,00852 27452854,00852 27860325,"BLOCK B-14, 4/F., HONGKONG INDUSTRIAL CENTRE, 489-491 CASTLE PEAK ROAD, KOWLOON",,,,亚洲,C
TAIHEI BYORA SEISAKUSHO KK,日本,五金,"SHIBAMOTO, KOJI",0081 6 6568 2621,,"3-19, SHIOKUSA 3-CHOME NANIWA-KU OSAKA-SHI, OSAKA 5560024",,,,亚洲,S
TAIGAESUNETTO KK,日本,五金,MATSUURA HIDEO,0081 3 3884 1161,0081 3 38841175,"15-18, HOKIMA 2-CHOME, ADACHI-KU, TOKYO 1210064",,,,亚洲,S
TAIFON INVESTMENT (S) PTE LTD,新加坡,五金,JIMMI LAI,0065 94488924,0065 93573116,101-B UPPER CROSS ST#8-03 PROPLES PARK CENTRE,05839,laijimmi111@hotmail.com,,亚洲,A
TAIF RIZQ ADVERTISING,沙特阿拉伯,五金,M.I. AL SALEH (ABU MAAN),00966 1 4762464,00966 1 4767388,P.O.BOX 58479 RIYADH 11594,,momat33@hotmail.com,,亚洲,B
"TAI ZHONG INTERNATIONAL CO.,LTD.",台湾省,五金,SHANG CHIN CHEN,00886 4 24827324/932504421,00886 4 24827318,"40 SHIN MING RD.,TA LI CITY,TAICHUNG HSIEN 412",,shan.gjyh@msa.hinet.net,,亚洲,C
TAI WAH (INT'L) PRODUCTION COMPANY,香港,五金,MEILING YEUNG,00852 27970061/92052052,00852 26507780,"FLAT C,3/F.,PANG KWONG BUILDING,59 HUNG TO ROAD,KWUN TONG,KOWLOON",,meiling@hk-printing.com.hk,WWW.HK-PRINTING.COM.HK,亚洲,C
TAH TONG ENTERPRISE CO.,马来西亚,五金,GUI BOON TONG,0060 6 2327573/2319102,0060 6 2327573,"652-K,TAMAN BUKIT MELAKA,BUKIT BERUANG,MALACCA",75450,,,亚洲,B
TAI KEE TRADING COMPANY,马来西亚,五金,TING TECK BING,0060 84 321222/198871558,0060 84 329988,"NO.32C,LANANG ROAD,SIBU,SARAWAK",96000,taikee@tm.net.my,,亚洲,B
TAI FUNG HONG TRADING SDN.BHD.,马来西亚,五金,COLIN CHAI,0060 82 339561/339566/339567/13 8086400,0060 82 339518/481930,"LOT 1178, JALAN GEDUNG, OFF JALAN UTAMA,PENDING INDUSTRIAL ESTATE,93450 KUCHING(P.O.BOX 2380,93748 KUCHING,SARAWAK)",,chaitb@pc.jaring.my,,亚洲,B
TAI BENG HARDWARE MACHINERY SDN.BHD.,马来西亚,五金,庄先生,0060 4 2639059/2636057/124099989,0060 4 2628179,"28-Q,JALAN PINTASAN CECIL 4,PENANG",10300,taibeng@tm.net.my,,亚洲,B
TAHER TRADING CORPORATION,孟加拉国,五金,M.A.TAHER,00880 2 7111055/11861371,00880 2 7117848,"78,NAWABPUR ROAD 2ND FLOOR ROOM #33-34 DHAKA",1100,ttc@hrcworks.com,,亚洲,C
TAHER M.SHAIKH ALI,巴基斯坦,五金,MUSTAFA R.SHAIKH ALI,0092 21 2414733/2414867,0092 21 5873548/2415743,"1/150,B.K.TRUST BUILDING,ADJACENT DENSO HALL,M.A.JINNAH RD.,KARACHI 74000",,tms@cyber.net.pk,,亚洲,C
TAHER M. SHAIKH ALI,巴基斯坦,五金,ADNAN R.SHAIKH ALI,0092 42 7655905/7636297/3008448488,0092 42 7653048/5753480,"47-NISHTAR ROAD,LAHOR",,hyder@nexlinx.net.pk,,亚洲,C
TAGUCHI & CO LTD,日本,五金,"TAGUCHI, KIYOSHI",0081 726 26 6611,0081 726 26 2880,"19-8, MISHIMAOKA 2-CHOME IBARAKI-SHI, OSAKA 5670021",,tagchi@office.nifty.jp,,亚洲,S
Taggart & Co. Ltd,英国,五金,Mrs J. Taggert,0044 28 2766 2130,0044 28 2766 9758,"38-44 Main Street, GB BT53 6A, Ballymoney",,,,欧洲,S
TAGAWA KANAMONO KK,日本,五金,TAGAWA HIROTAKA,0081 942 44 5050,,"5-10, HIGASHI AIKAWA 1-CHOME, KURUME-SHI, FUKUOKA 8390809",,,,亚洲,S
TAFUKO KK,日本,五金,"TANABE, ICHIRO",0081 256 38 2366,0081 256 38 4152,"1-53, SANCHIKU 3-CHOME SANJO-SHI, NIIGATA 9550041",,,,亚洲,S
T.FJELLAND & CO. AS.,挪威,五金,TORBJORN FJELLAND,0047 51 812300/40401051,0047 51 812301,"SANDVIKVEIEN 8, POSTB.9,4001 STAVANGER.",,torbjorn@tfjelland.no/firmapost@tfjelland.no,,欧洲,A
TAE KYUNG TWINS,韩国,五金,"KIM,MYUNG-BOK",0082 (02)668-8691/2,0082 (02)668-8618,"275-8,YOMCHANG-DONG KANGSO-GU, SEOUL CITY",157-040,tkwims@hana.net,,亚洲,A
TACTICS INDUSTRIAL LIMITED,香港,五金,AU-YEUNG KWOK MING,00852 24220619/95558288,00852 24879121/24288480,"BLOCK A,4/F.,CHE WAH INDUSTRIAL BUILDING,1-7 KIN HONG ST.,KWAI CHUNG,N.T.",,auyeung@tactics.biz.com.hk,WWW.TACTICS-IND.COM,亚洲,C
TADACO TRADING LTD,越南,五金,NGUYEN KHAC HOAI THUONG,0084 8 9402537/9401246/913908530,0084 8 9400192,"20/18 NGUYEN TRUONG TO ST.,4TH DIST., HO CHI MINH CITY",,tadaco-20-18@fmail.vnn.vn,,亚洲,B
TACO METALS,美国,五金,JOHN KUSHNER,001 305-652-8566,001 305-653-1174,"50 NE 179TH ST, MIAMI, FL 33162-1024",,,www.tacometals.com,北美洲,S
Tachart Ltd,英国,五金,Mrs M. Flute,0044 1709 570212,0044 1709 584125,"White Lea Road, Swinton, GB S64 8BH, Mexborough",,bnm@ndirect.co.uk,http://www.tachard.com,欧洲,S
TAC A/S,丹麦,五金,JENS WICKSTEDGE,0045 44 88 12 12,0045 44 88 13 13,"HORKAER 12 B,DK-2730 HERLEV",,,www.tac.com,欧洲,A
TABATA & COMPANY LIMITED,日本,五金,JUICHI INOUE,0081 6 67724933,0081 6 67724935,8-8-12 UEHOMMACHI TENNOJI OSAKA,5430001,export2@tabata-russ.co.jp,,亚洲,S
"TA PE YING CO.,LTD.",台湾省,五金,WU CHIN HUNG,00886 4 7615258/912333999,00886 4 7623420,"NO.28 LANE 168,CHANG LU RD.,CHANG-HUA CITY",,tapeying@ms33.hinet.net,WWW.TAPEYING.COM.TW,亚洲,C
"T.N.C.PRODUCT GROUP CO.,LTD.",泰国,五金,TANAN CHIRANGKANON,0066 2 3844755/3804616,0066 2 7580016,"80/522 MOO 5 THEPARAK ROAD,A.MUANG,SAMUTPRAKARN 10270",10270`,kitiporn_pps@thaimail.com,,亚洲,B
T.T. BIRLIK ELEKTRONIK ESYA CAKMAK ITH. IHR. SAN. VE TIC. LTD. STI.,土耳其,五金,SEYFULLAH PAMIR,0090 212 5194112/5110967/5327388858,0090 212 5194110,"TAHTAKALE,TOMRUK SK.KARAGUL ISHANI NO:62 KAT: 3 NO:202-203 EMINONU,ISTANBUL",,,,亚洲,B
T.S. & C. GmbH,德国,五金,Fauzi M. El-Lafi,0049 211 48 91 31,0049 211 44 39 27,"Juelicher Strasse 84, DE 40477, Duesseldorf",,,,欧洲,S
T.R.CHEMICALS PRIVATE LIMITED,印度,五金,MUKESH KUMAR AGARWAL,,,"SUBHASH CHOWK,MAIN ROAD,RAJGANGPUR,DIST.SUNDARGARH",770017,,,亚洲,C
T.HANSEN GRUPPEN A/S,丹麦,五金,HEINE V.ANDERSEN,0045 63 416969,0045 63 413535,"DAMGAARDVEJ 11,5500 MIDDELFART",,hva@thansen.dk,WWW.THANSEN.DK,欧洲,A
T HIGAKI & CO LTD,日本,五金,NAKAMURA KAZUO,0081 6 67445481,0081 6 67466906,"2-65, INADAMISHIMA-CHO, HIGASHIOSAKA-SHI, OSAKA 5770003",,,WWW.HIGASHIHONSYA.CO.JP,亚洲,S
T.M.I. INCORPORATED,美国,五金,,001 5864657426,001 5864657427,"44420 REYNOLDS DRIVE,CLINTON TWP., MI 48036,U.S.A.",,tmi@c3net.net,,北美洲,S
T & S BRASS AND BRONZE WORKS INC.,美国,五金,CLAUDE THEISEN,001 864-834-4102,001 864-834-3518,"2 SADDLEBACK COVE TRAVELERS REST, TRAVELERS RST, SC 29690-2232",,,www.kfbrass.com,北美洲,S
SUZUKI ISAMU SHOTEN KK,日本,五金,"SUZUKI, ISAMU",0081 54 283 3021,,"9-13, OGURO 3-CHOME SHIZUOKA-SHI, SHIZUOKA 4228072",,,,亚洲,S
SUZUKI HATOME CO LTD,日本,五金,"SUZUKI, SHOJI",0081 3 3882 2811,0081 3 3879 0245,"28-12, SENJUTATSUTA-CHO ADACHI-KU, TOKYO 1200042",,,,亚洲,S
T.D.M. CORP.,美国,五金,Steve Shelton,001 360 8324040,001 360 8328868,"P.O. Box 40,Eatonville,WA",WA 98328-0040,,,北美洲,S
T.CHOITHRAM & SONS (HK) LTD.,台湾省,五金,KENNY,00886 2 25974574/25974575,00886 2 25913504,"9F,NO.55,MIN CHUAN EAST RD,SEC.1,TAIPEI(P.O.BOX 682255,TAIPEI)",,choith.tp@msa.hinet.net,,亚洲,C
"T.C.SCREWNUT INDUSTRY CO.,LTD.",泰国,五金,WU XITIAN,0066 2 4513901/4513902/18430395,0066 2 4514159,"24/11 MOO 1,RAMA 2 RD.,BANGNUMJEED,A.MAUNG,SAMUTSAKORN",74000,tcscrewnut@hotmail.com,,亚洲,B
"T.C.I.ALUMINUM (TOOL CO.,INC.)",美国,五金,DEBBIE BURNS,001 310 3235613,001 310 3231255,"P.O. BOX 2069,GARDENA,CA",CA 90247,,WWW.TCIPRETISION.COM,北美洲,S
"T.B.LAKE INDUSTRIAL CO.,LTD.",台湾省,五金,YEH KEN WANG,00886 7 2360401/8,00886 7 2352166/7,高雄市八德一路316-51号9F,,tblake@ms13.hinet.net,WWW.TBLAKE.COM,亚洲,C
T. Smezo Handelsonderneming B.V.,荷兰,五金,MR.SMITH,0031 45 5636363,0031 45 5636355,"Wijngaardsweg 36, NL 6412 PJ, Heerlen",,,www.smezo.nl,欧洲,A
T. Mulder-Rotterdam BV,荷兰,五金,Mr. W.J. Jeroense,0031 10 4130650,0031 10 4115547,"Veilingweg 18, NL 3034 KB, Rotterdam",,info@tmulder.nl,,欧洲,A
T & L TRADING,美国,五金,LOK FAI LEUNG,001 6264378608,001 6268216073,"216 SOUTH 3RD. AVE. ARCADIA,CA 91006,U.S.A.",,lokfaileung@hotmail.com,,北美洲,S
SUZUKA SHOTEN KK,日本,五金,"SUZUKA, SOHEI",0081 45 741 4114,,"26, MIYAMOTO-CHO 2-CHOME MINAMI-KU YOKOHAMA-SHI, KANAGAWA 2320016",,,,亚洲,S
SUWA NEJI CO LTD,日本,五金,FUJIMORI SOICHI,0081 266 53 1661,,"1621-2, TAKASHIMA 4-CHOME, SUWA-SHI, NAGANO 3920022",,,,亚洲,S
SUVIDHA SIGN STUDIOS,印度,五金,ANOOP CHAWLA,0091 11 25150352/25106622/98 10134681,0091,"92/3,BLOCK-2,W.H.S.KIRTI NAGAR,NEW DELHI",110015,suvidhasign@rediffmail.com,,亚洲,C
SUTEITO KOGYO KK,日本,五金,NAKANE IKURO,0081 45 573 7131,0081 45 574 1665,"SUTEITO BLDG. 4-6, HIGASHITERAO 1-CHOME, TSURUMI-KU YOKOHAMA-SHI, KANAGAWA 2300077",,,,亚洲,S
SUSHI AND TEPPAN-YAKI RESTAURANT,波多黎各,五金,DAVID WANG,001787 7918152,,"PO BOX 2872,SAN JUAN (LOCATED AT EL SAN JUAN HOTEL & CASINO)",00902,,,其他,C
SURYA TEKNIK,印度尼西亚,五金,ATEK/NINIK,0062 31 7490801/7490856/8123001033,0062 31 7490801,"JL.MARGOMULYO PERMAI BLOK B-11,SURABAYA",,,,亚洲,B
Systems Technologies,美国,五金,Mel Farnaby,001 843-650-2225,001 843-650-1742,"2830 Holmestown Rd., Myrtle Beach, SC 29575-7400, USA",,,www.systemtechnologyinc.com,北美洲,S
SYSTEM ALUMINIUM & GLASS LTD.,乌干达,五金,SHIRAZ P.WALJI,00256 41 347185/347186/77786115,00256 41 251676,"PLOT NO.48,6TH STREET INDUSTRIAL AREA (P.O.BOX 22246,KAMPALA)",,alizahra@infocom.co.ug,,其他,C
SYSCO MULTI-SALES COMPANY,菲律宾,五金,JENNY SY,0063 2 3731557/3733977/917 5326102,0063 2 3726063/4138656,#135-TOLENTINO ST. S.F.D.M. QUEZON CITY,1105,sysco@flash.net.ph,,亚洲,B
SYNYUU TRADING CO LTD,日本,五金,"ARAI, TAKEO",0081 3 5687 9100,0081 3 5687 9101,"14-3, KOJIMA 2-CHOME TAITO-KU, TOKYO 1110056",,,,亚洲,S
Synflex A/S,丹麦,五金,MR PER LARSEN,0045 44 48 55 00,0045 44 48 65 11,"Lejrvej 3, 3500, Vaerloese",,info@synflex.dk,http://www.synflex.dk,欧洲,A
SYNERGY PLUS MARKETING,马来西亚,五金,MR. TAN SEONG HEE,0060 12 3856000,0060 3 56376278/33440169,"NO.22,LEBOH RAJAWALI,TAMAN BERKELEY,KLANG",41150,synergy@maxis.net.my,,亚洲,B
"SYNERGY MARKETING, INC.",美国,五金,,001 7635591974,001 7635591943,"13801 INDUSTRIAL PARK BOULEVARD,MINNEAPOLIS, MINNESOTA,U.S.A.",,dave@synergymarketing.com,,北美洲,S
Syntec Nijmegen,荷兰,五金,G.F. de Jong,0031 24 3723456,0031 24 3783202,"Energieweg 60, NL 6541 CX, Nijmegen",,syntec@syntec.nl,www.syntec.nl,欧洲,A
SYNTALOR,法国,五金,MME WEIDNER,0033 3 87960389,0033 3 87960166,"79 RUE DES TILLEULS, 57230, BITCHE",,,,欧洲,A
SYNCOMP AUSTRALIA PTY LIMITED,澳大利亚,五金,ALEX FEROS,0061 2 9279 2799,0061 2 9279 2733,Level 11 50 Clarence St Sydney NSW 2000,,,HTTP://WWW. SYNCOMP.COM.AU,大洋洲,S
SYNERGY (GROUP) LTD,香港,五金,ALEX NG,00852 82299201/82299202/82299107,00852 82299102,"FLAT 14,7/F,BLOCK B,VERISTRONG INDUSTRIAL CENTER,34-36 AU PUI WAN STREET,FOTAN,NEW TERRITORIES",,,,亚洲,C
SYNDICATE SALES CORP,美国,五金,Bill Newcomb,001 952-932-2993,001 952-932-2852,"108 Shady Oak Rd., Hopkins, MN 55343-3201, USA",,,WWW.SYNDICATE-SALES.COM,北美洲,S
SWEDA LIMITED,香港,五金,ZHANG RONG,00852 27458866/22607170/97686890,00852 27458511/27458505,"8/F.,CHEUNG LUNG IND. BLDG.,10 CHEUNG YEE STREET,CHEUNG SHA WAN,KLN.(G.P.O. BOX 8828 )",,veronica@sweda.com.hk/raymondlung@sweda.com.hk,HTTP://WWW.SWEDA.COM.HK,亚洲,C
"SYLMAR TECHNOLOGY, LTD.",英国,五金,TIM O'HANLAN,0044 1908 210505,0044 1908 210101,JENNA HOUSE//GB-NEWPORT PAGNELL MK16 9QA,,,,欧洲,S
SYKT.PERDAGANGAN JUARA BERJAYA,马来西亚,五金,FRANCIS LIAU,0060 88 771122/19 8507733,0060 88 762252,"39 JALAN PANTAI SEMBULAN BARU,OPP GRACE VILLE,KOTA KINABALU,SABAH (P.O.BOX 11071,K.KINABALU 88811,SABAH)",88100,usssb@tm.net.my;ussbxm@163.com,,亚洲,B
SYKT. PERNIAGAAN ALUMINIUM YENG HOO,马来西亚,五金,YAP YUEN CHOY,0060 7 6636001/6636002,0060 7 6636002,"4 & 5,JALAN SERULING SATU 21 M/S,TAMAN SRI KULAI BARU 2,81000 KULAI,JOHOR.",,,,亚洲,B
SYKT UNIVERSAL STORES,马来西亚,五金,G.S. LIAU,0060 88 771122/761890,0060 88 761890,"KM 15, OFF JALAN LOK KAW,TAMAN MERUNTUM, 88200 PUTATAN /P.O.BOX 11071,88811 KOTA KINABALU",88811,usssb@hotmail.com/usssb@tm.net.my,,亚洲,B
SYKT PERKAKAS BESI INDAH S/B,马来西亚,五金,TAN KUM FATT,0060 9 5667988,0060 9 5669061,"A-6720,JLN BESERAH,KUANTAN,PAHANG",,,,亚洲,B
SYGOS A/S,丹麦,五金,THOMAS THRANE,0045 75 52 32 00,0045 75 52 20 71,"KLOVKERVEJ 12,DK-6000 KOLDING",,sygos@image.dk,www.wicke.dk.dk,欧洲,A
SYED SONS HARDWARE,巴基斯坦,五金,AMER SAEED FAROOQI,0092 21 2432697/2440170/3037338496,0092 21 2432209,"203,NADIM CHAMBER,KATCHI GALI NO.3,MARRIOT ROAD, KARACHI",,syed_sons@hotmail.com,,亚洲,C
SYDVESTA A/S,丹麦,五金,SOREN SIMONSEN,0045 75 14 28 22,0045 75 14 25 74,"GLENTEVEJ 3,DK-6705 ESBJERG O",,salg@sydvesta.dk,www.sydvesta.dk,欧洲,A
SYARIKAT HWA CHAI,马来西亚,五金,LING SUI YEE,0060 89 213335,0060 89 220335,"BLOCK B5,6 OLDSLIPWAY,SANDAKAN P.O.BOX 574,90706 SANDAKAN SABAH",90706,,,亚洲,B
SWASTIK HARDWARE STORES,印度,五金,BAKABHAI,0091 79 2120523/2170323/31070489,0091,"4183,NR.RUPAPARI POLE,B/H.DARIYAPUR TOWER,DARIYAPUR,AHMEDABAD",380001,swastkhw@yahoo.com,,亚洲,C
SWASTIK EXIM (INDIA),印度,五金,NAVEEN ARORA,0091 11 22543170/22433170/9811263114,0091,"10/66,GEETA COLONY,DELHI",110031,,,亚洲,C
SWAN MANUFACTURING & TRADING,埃及,五金,HUZEFA ISMAIL,0020 123479541,0020 2 5926974/1 603 3884624,"15 EL-ZAHER SQUARE,SUITE 2,CAIRO",,swaneg@link.net,,非洲,C
SYBER-DYNE INDUSTRIES LTD.,香港,五金,,00852 28581077,00852 25599907,1906 SINGGA COMMERCIAL CENTRE 148 CONNAUGHT ROAD WEST,,whatsnew@netvigator.com,,亚洲,C
SYARILQAF SEGAWAN TIMBER S/B.,马来西亚,五金,PETER WONG ENG MING,0060 86 334718/339966/138336255,0060 86 330221/333890,"215,2ND FLOOR,LI HUA PLAZA,MAIN BAZAAR ROAD,97000 BINTULU,SARAWAK(P.O.BOX 719,97008 BINTULU,SARAWAK)",,emiwon@tm.net.my,WWW.PUBLICMUTUAL.COM.MY,亚洲,B
SYARIKAT VALOR TRADING SDN. BHD.,马来西亚,五金,CHEN THIAN HUAT,0060 3 62585641/62586014/62521558/62511086/1933490,0060 3 62516307,"532,3RD MILE,IPOH ROAD,(BATU COMPLEX),KUALA LUMPUR",51200,thchen@tm.net.my,,亚洲,B
SYARIKAT UNIVERSAL STORES,马来西亚,五金,SUAN LIAU,0060 88 771100/771122/198507733,0060 88 762252,"15KM OFF JALAN LOK KAWI,MERUNTUM INDUSTRIAL PUTATAN 88200 KOTA KINABALU,SABAH (P.O.BOX 11071,K.KINABALU 88811,SABAH)",,usssb@hotmail.com/usssb@tm.net.my,,亚洲,B
SYARIKAT TICK SING TRADING SDN.BHD.,马来西亚,五金,NG KAK CHENG,0060 3 33415657/33415658,0060 3 33415675,"NO.2066,11/2 MILLES,JALAN MERU,KLANG,SELANGOR",41050,,,亚洲,B
SYARIKAT SOON CHANG HANG SDN. BHD.,马来西亚,五金,YII MING TANG,0060 82 337776,0060 82 481882,"LOT 424,SECTION 66,JALAN BINTAWA,93450 KUCHING,SARAWAK,P.O. BOX 1423,93728 KUCHING,SARAWAK,E. MALAYSIA",,schsb@tm.net.my,,亚洲,B
SYARIKAT NGEE SAY SDN. BHD.,马来西亚,五金,PETER H.Y. LAW,0060 88 422021/422023/198510775,0060 88 420477,"D15 BDC MILEK PERKASA SCHEME, LORONG MANGGA 2, JALAN KOLOMBONG, 88450 KOTA KINABALU (P.O.BOX 11208,88813 KOTA KINABALU,SABAH)",,weikien@tm.net.my,,亚洲,B
SYARIKAT MEE KWONG (HING KEE) SDN. BHD.,马来西亚,五金,YUEN YEE HING,0060 89 211193/211293/213331,0060 89 273857,"LOT 41-42,SEDCO INDUSTRIAL ESTATE,MILE 2 3/4,LABUK ROAD,(PO BOX NO. 262) SANDAKAN,SABAH",90703,,,亚洲,B
SYARIKAT MARKCOS,马来西亚,五金,T.C.SEOW,0060 3 20958843/20956593/123958985,0060 3 20957323,"29,LRG.SETIAPUSPA 2,MEDAN DAMANSARA,50490 KUALA LUMPUR",,marcos@po.jaring.my,,亚洲,B
SYARIKAT LEE HUNG TRADING,马来西亚,五金,TING SIU KUI,0060 84 337781/320179,0060 84 335736,"NO.6, JALAN PEDADA, PUSAT TANAHWANG, P.O.BOX 1780, SIBU, SARAWAK",,tskui@tm.net.my,,亚洲,B
SYARIKAT JAYA TUGAS SDN. BHD.,马来西亚,五金,MR.TAY,0060 4 398 9282/6796/9 5245,0060 4 399 5246,"2759 MK 1,LORONG PERU.8 KAWAS.,PERU.PER.2,S.P.T.,13600 PENANG",,gtss@tm.net.my,www.jayatugas.com,亚洲,B
SYARIKAT JASA SEPAKAT SDN BHD,马来西亚,五金,OH CHOON KEAT,0060 4 5750344,0060 4 5750344,"1807,JALAN DATUK HAJI AHMAD BADAWI,KEPALA BATAS, S.P.(U)., PENANG",13200,,,亚洲,B
SYARIKAT ACMA HARDWARE SDN.BHD,马来西亚,五金,WONG SWEE HONG,0060 3 7876 78 50,0060 3 7875 21 55,"45 JALAN 20 7, PARAMOUNT GRDN.,PETALING JAYA, SELANGOR 46300",,,,亚洲,B
SY WAI ENTERPRISE,马来西亚,五金,CHEW SIM WAI,0060 3 41498079/12 3884336/19 9889498,0060 3 41498079,"NO.54A,JLN REJANG 9,SETAPAK JAYA 53300 K.L.",,,,亚洲,B
Swiss Axe,比利时,五金,Mr. Michel Zahler,0032 3 232 10 90,0032 3 234 33 74,"Rijfstraat 11, B 2018, Antwerpen",,,,欧洲,A
SWIFT SUPPLIES LTD.,英国,五金,WAHEED METLA,0044 20 72476655,0044 20 72470555,6 NEW GOULSTON STREET LONDON E1 7QD,,swiftsupplies@hotmail.com,,欧洲,S
Swift Screw Products Ltd,英国,五金,GERRY SCALLAOM,,,"Dunmore Industrial Estate, Antrim Road, GB BT15 3G, Belfast",,,,欧洲,S
SWEET MEMENTOS,菲律宾,五金,HSU CHIAO YANG,0063 32 3436522/4225494,0063 32 3436522/4225494,"DOOR 2,GOMEZ BUILDING SUBANGDAKU,MANDAUE CITY,CEBU",,jtti@i-cebu.com.ph,WWW.SKYNARY.COM/JTTI,亚洲,B
SWEET DEALS,美国,五金,,001 8476092588,001 847 6092588,"2203 WREN,ROLLING MEADOWS, IL,U.S.A.",,jwach@sbcglobal.net,,北美洲,S
"SWEENEY GROUP, INC.",美国,五金,Bart Sweeney,001 952 9332214,001 952 9330047,"848 5th St. S.,Hopkins,MN",MN 55343,,WWW.SWEENEY-GROUP.COM,北美洲,S
SWEE BENG TRADING,马来西亚,五金,NG SWEE MOW,0060 4 9761894/9770894/194406456,0060 4 9760681,"NO.1,JALAN PENJARA,01000 KANGAR,PERLIS,WEST",,sbt@pd.jaring.my,,亚洲,B
Swedish Tool AB,瑞典,五金,,0046 8 514 307 00,0046 8 514 307 01,"Gymnasiev 2, SE 18636, Vallentuna",,swtool@swedishtool.se,http://www.swedishtool.se,欧洲,A
SwedeOn,瑞典,五金,Ms Lina Serra,0046 70 3664389,0046 8 384389,"Astrakangatan 102, S-165 52 Haesselby",,,,欧洲,A
Swansea Fasteners & Engineering Supplies,英国,五金,I. M. Osborne,0044 1792 310284,0044 1792 310291,"UNIT 8, HORIZON PARK, VALLEY WAY, ENTERPRISE PARK SWANSEA. SA6 8RG",,sales@swanseafasteners.com,http://www.swanseafasteners.com,欧洲,S
SWANN LIGNES D AUJOURD HUI,法国,五金,M LHOMME,0033 2 97532361,0033 2 97532833,"ZONE INDUSTRIELLE DE KERVENDRAS, 56250, SULNIAC",,lignes.swann@wanadoo.fr,WWW.SWANN.DM.FR,欧洲,A
Svensson & Co,瑞典,五金,,0046 40 869 40,0046 40 844 90,"N Grangesbergsg 21, SE 21450, Malmo",,info@asveco.se,www.asveco.se,欧洲,A
SW PRICE IMPORTS,美国,五金,,001 4802216911,001,"21 E 6TH STREET #409, U.S.A.",,swprice@cisaz.com,,北美洲,S
SVR SAFETY,阿尔及利亚,五金,,00213 41 472166,00213,"15,RUE DE LA",,,,非洲,C
SVERRE KVERNBERG,挪威,五金,ERIK KVERNBERG,0047 22 44 53 18,0047 22 55 31 76,"ERLING SKJALGSSONS GT. 23,N-0260 OSLO",,,,欧洲,A
Svenssons i Tenhult AB,瑞典,五金,Mr Peter Svensson,0046 36 390640,0046 36 390650,"Box 143, S-560 27 Tenhult",,,,欧洲,A
Svensson AB,瑞典,五金,,0046 21 10 50 00,0046 21 10 50 55,"Skeppsg 1, SE 72132, Vasteras",,fredrik.svensson@arvidsvensson.se,,欧洲,A
SVEND HOYER APS.,丹麦,五金,SVEND HOYER,0045 86 98 21 11,0045 86 98 17 79,"O. HADSTENVEJ 86,DK-8370 HADSTEN",,,www.svendhoyer.dk,欧洲,A
Sveise og Elektroservice AS,挪威,五金,,0047 38 01 11 30,0047 38 01 11 31,"Rigetjoennveien 15 B, NO 4676, Kristiansand",,,WWW.NSST.NO,欧洲,A
SVEIN HATVIK A.S.,挪威,五金,LUCIE BEEV,0047 55 31 46 50,0047 55 31 46 55,"POSTBOKS 4117, DREGGEN,N-5023 BERGEN",,,,欧洲,A
SV Delahunt & Co Ltd,爱尔兰,五金,Mr. Sylvester Delahunt,00353 404 67343,00353 404 69612,"Abbey Hill, Wicklow",,,,欧洲,A
SUZUYA KANAMONO KK,日本,五金,"SUZUKI, SEIICHI",0081 22 390 7577,0081 22 397544,"21-5, ROKUCHONOME NAKA-MACHI WAKABAYASHI-KU SENDAI-SHI, MIYAGI 9840012",,,WWW.SUZUYA.CO.JP,亚洲,S
SUZUTOYO KANAMONO KK,日本,五金,"SUZUKI, TETSURO",0081 54 2360610,0081 54 236 0630,"12-23, MINAMI-CHO SHIZUOKA-SHI, SHIZUOKA 4228067",,,,亚洲,S
SUZUROKU KK,日本,五金,SUZUKI FUJI,0081 53 472 1311,0081 53 4743492,"4-10, TAKABAYASHI 5-CHOME, HAMAMATSU-SHI, SHIZUOKA 4300907",,,,亚洲,S
SUZUKITEKUNOSU KK,日本,五金,SUZUKI KUNIO,0081 3 5611 7561,0081 3 56117570,"20-7, KAMEZAWA 2-CHOME, SUMIDA-KU, TOKYO 1300014",,,WWW.SUZUKI-TKNS.CO.JP,亚洲,S
SUZUKI KANAMONO SENTA KK,日本,五金,"SUZUKI, SHIGEAKI",0081 88 882 4100,,"16-3, MINAMIKAWAZOE KOCHI-SHI, KOCHI 7800082",,,,亚洲,S
SUZUKI KANAMONO KK,日本,五金,"SUZUKI, JUNZO",0081 48 987 2780,0081 48 987 6842,"2-7, GOTEN-CHO KOSHIGAYA-SHI, SAITAMA 3430811",,,,亚洲,S
SUZUKI RASHIKOGYO KK,日本,五金,"SUZUKI, SHINKICHI",0081 42 367 7811,0081 42 367 7831,"22-5, SHIRAITODAI 3-CHOME FUCHU-SHI, TOKYO 1830011",,,,亚洲,S
"SURYA ELECTRONICS,INC.",美国,五金,BOB PATEL,001 630 8588000,001 630 8580103,"600 WINDY POINT DR.,GLENDALE HEIGHTS,IL 60139",,,WWW.SURYAELECTRONICS.COM,北美洲,S
SUREKU LIMITED,香港,五金,K.M.MAHTANI,00852 25436937/25437285,00852 25435929,"12/F.FLAT B,SHING LEE COMMERCIAL BLDG.,6-12 WING KUT STREET,CENTRAL",,surekultd@hknet.com,,亚洲,C
SUROY FRERES,法国,五金,M LEROY PIERRE,0033 3 20440384,0033 3 20440399,"266 RUE HENRI BARBUSSE, 59373, LOOS",,lsuroy@suroy.com,WWW.SUROY.COM,欧洲,A
SURINAINSHIMANO KK,日本,五金,SHIMANO HIDEYUKI,0081 6 65319423,0081 6 65380174,"2-17, MINAMIHORIE 3-CHOME, NISHI-KU OSAKA-SHI, OSAKA 5500015",,,WWW.999SHIMANO.COM,亚洲,S
"SUREWELL WHOLESALE CO.,LTD.",台湾省,五金,李连峰,00886 3 9359000/9356999/9351000,00886 3 9359331,宜兰市民族路426号,,feng@surewell.com.tw,,亚洲,C
SURE PRODUCTS SALES,加拿大,五金,BILL IWASIUK,001 204 725 0376,001 204 7251572,"P.O. BOX 1201, BRANDON, MB R7A 6A4",,,,北美洲,S
SURAT STEEL STORES,印度,五金,RAHUL H.JAISWAL,0091 261 2544281/2543312,0091,"1,MARUTI COMPLEX,NEAR VAISHALI CINEMA,OPP.SONA APPT.,VARACHHA ROAD,SURAT",,prabhusurat@yahoo.com,,亚洲,C
SURAAJ COMPUTER,印度,五金,G.L.VARMA,0091 484 2356785/2356141/9447158085,0091,"39/6181-C,ALAPPAT CROSS ROAD,RAVIPURAM,KOCHI",682015,suraajcomputer@yahoo.com,,亚洲,C
Supremes Industrial Supplies Pte Ltd,新加坡,五金,Abraham Tay,0065 62738191,0065 62732191,"Alexandra Distripark, Blk 2 Pasir Panjang Rd #07-11/12, 118481, Singapore",,supremes@pacific.net.sg,http://www.formax-tools.com,亚洲,A
SUPERTECH,香港,五金,S.K. RAMCHANDANI,00852 25449471/25449514,00852 25418089,"18/F.,FLAT B,WING CHEONG COMM. BLDG.,19-25 JERVOIS STREET (P.O.BOX 33649 SHEUNG WAN POST OFFICE)",33649,supertech@datainternet.com/supertech@supertech.hk,,亚洲,C
SUNGAI SENDOK HOLDINGS SDN BHD,马来西亚,五金,GWEE BOK WEE,0060 3 33451018/33453539,0060 3 33451019,"NO.4,1ST FLOOR,PUSAT PERNIAGAAN NBC,JALAN PULAU PINANG 3, 41050 KLANG,SELANGOR DARUL EHSAN,WEST",41050,sendok@po.jaring.my,HTTP://WWW.SUNGAISENDOK.COM,亚洲,B
"SUPER-MASTER CO.,LTD.",台湾省,五金,Miss.SERINA YU,00886 2 29306889/29321209/933802288,00886 2 29327889,"2F,NO.98,SEC.5,XINHAI RD.,TAIPEI",,supermt@ms34.hinet.net,,亚洲,C
SUNG YONG HAN SDN. BHD.,马来西亚,五金,LING CHONG SING,0060 82 338699/336499/138016561,0060 82 335899,"NO.151,LORONG 5A,JALAN DATUK ABDUL RAHIM,KUCHING,SARAWAK",93100,,,亚洲,B
SUPER ENTERPRISES,香港,五金,MABEL LEE,00852 27230187,00852 27230384,"FLAT B,10/F.,PENINSULA APARTMENTS,16 MODY RD.,TSIM SHA TSUI KOWLOON",,superent@netvigator.com,,亚洲,C
SUNDEF METAL SANAYI VE OTOMOTIV TICARET LTD.STI.,土耳其,五金,OSMAN YILDIRIM,0090 212 2387568/2506343/2376803,0090 212 2387568,TERSANE CAD.BUGULU SK.NO:26 KARAKOY-ISTANBUL,,sundef@yahoo.com,WWW.SUNDEF.COM,亚洲,B
SUNCRAFT HARDWARE TOOLS (HONG KONG) LTD.,香港,五金,ICEYHO,00852 25780388,00852 25782033,"UNIT 5,19/F.,JUPITER TOWER,9 JUPITER STREET,NORTH POINT",,suncraft@netvigator.com,,亚洲,C
SUNCOR STAINLESS,美国,五金,ROMAN STRIEBEL,001 781-829-8899,001 508 7329798,"RIVERSIDE DR, PEMBROKE, MA 02359",,roman@suncorstainless.com,www.suncorstainless.com,北美洲,S
SUNCO INDUSTRIES CO LTD,日本,五金,OKUYAMA YASUSHIRO,0081 6 65393536,0081 6 65393547,"9-28, ITACHIBORI 1-CHOME, NISHI-KU OSAKA-SHI, OSAKA 5500012",,,WWW.SUNCO.CO.JP,亚洲,S
SUPPLIERPIPELINE INC,加拿大,五金,DAVE BOULANGER,001 519 5796584 EXT.227,001 519 5797650,"60 BATHURST DR.,UNIT 12 WATERLOO ON",N2V 2A9,dave@supplierpipeline.com,WWW.SUPPLIERPIPELINE.COM,北美洲,S
SUPEX PRODUCTS CORPORATION,台湾省,五金,TENG CHIN-SHUN,00886 2 26989363,00886 2 26989653,"4F-4,NO.79,SEC.1,HSIN TAI WU ROAD.,HSI CHIH,TAIPEI",,stc13789@ms4.hinet.net,,亚洲,C
SUPER-SHAPE SOURCING,香港,五金,ALEXANDER CHEN,00852 82089568,00852 81016748,"FLAT E,23/F ROOM KOON WO IND.BLDG,63-75 TA CHUEN PING ST.KWAI CHUNG",,lyc001@lyc-diy.com,,亚洲,C
SUPERIOR PRODUCTS INTERNATIONAL INC.,美国,五金,RAY CHAN,001 323 9238999/9238982/9238989,001 323 9238988,"4941 S.EASTERN AVE.,BELL,CA 90201",CA 90201,peterwu@superiorproducts.us/esuperior323@yahoo.com,WWW.SUPERIORPRODUCTS.US,北美洲,S
"SUPERB POTTERY PHILS.MFG.CO., LTD.INC.",菲律宾,五金,LIU SHENG ZHONG,0063 2 8050719/8063608/8050737,0063 2 8050737,"J.AGUILAR AVE., PAMPLONA,LAS PINAS.METRO MANILA",,,,亚洲,B
"SUPERB METAL ACCESSORIES (H,K.) LTD.",香港,五金,STEPHEN LO,00852 23091331,00852 23091360,"222 LAI CHI KOK ROAD,G/F.,KOWLOON",,,,亚洲,C
Suomen Turvalipas Oy,芬兰,五金,,00358 9 6 13 37 22,00358 9 61 33 72 11,"Annank 12, FI 00120, Helsinki",,,,欧洲,A
SUPERIOR PERFORMANCE INC.,美国,五金,,001 8457838709,001 8457839721,"P.O.BOX 3268 MONROE,NY 10950,U.S.A.",,spi1@frontiernet.net,,北美洲,S
SUPERIOR INTERNATIONAL CO,美国,五金,,001 3127910239,001 3127910855,"608 W. 31ST STREET, U.S.A.",,supertrade2000@ameritech.net,www.superior.com,北美洲,S
SUPERIOR CONCEPTS CORPORATION,美国,五金,,001 8474777652,001 6304992220,"1163 E OGDEN AVE STE 705-298,U.S.A.",,lan_na@hotmail.com,,北美洲,S
SUPERIOR COMPONENTS INC.,美国,五金,MIKE FONTE,001 815-254-2313,001 815-254-2499,"12006 S SPAULDING SCHOOL DR STE. 104, PLAINFIELD, IL 60544-9157",,sales@superiorcomponents.com,www.superiorcomponents.com,北美洲,S
SUPERIOR BRASS PTY. LTD.,澳大利亚,五金,MORRIS SMOLARSKI,0061 3 95533559,0061 3 95533558,"137-145 CHESTERVILLE RD.,MOORABBIN,VIC.3189",,email@superiorbrass.com,WWW.SUPERIORBRASS.COM,大洋洲,S
SUPEREME A & E LIMITED,香港,五金,ALICE MAK,00852 24699490,00852 24679419,"FLAT A,13/F. SOUTHGATE COMM. CTR.,29 GRANVILLE ROAD,T.S.T. KLN.,P.O. BOX 92445",,supremeh@biz.com.hk,,亚洲,C
SUPERB INTERNATIONAL LTD.,香港,五金,NG MING CHUNG,00852 28061099/91710358,00852 28063009,1401 CARNIVAL COMMERCIAL BUILDING 18 JAVE ROAD NORTH POINT,,,,亚洲,C
SUPER VALUE STORES LTD.,巴布亚新几内亚,五金,WAHJU HANAFI,00675 4721688/6841188,00675 4726103/4721699,P.O.BOX 1988 LAE,,svs@global.net.pg,,其他,C
SUPER INTERNATIONAL COM.,香港,五金,吴明宗(NG MING CHUNG),00852 28061099,00852 28063009,N.P.,,,,亚洲,C
SUNTERRA,美国,五金,,001 3096902464,001 3096902499,"5901 W. WAR MEMORIAL DR, PEORIA,IL 61615,U.S.A.",,hhughes@sunterrausa.com,www.sunterra.com,北美洲,S
SUPER TOOL CORP.,韩国,五金,"KIM,YUN-SIK",0082 (02)2266-0619,0082 (02)2277-1729,"104-1,3GA,ULCHI-NO, CHUNG-KU,SEOUL",100-193,,,亚洲,A
SUPER TIME,香港,五金,KENNY J.SUKHWANI,00852 23674536,00852 23167558,"CHUNG KING MANSION,1/FL.,SHOP NO.69,36-44 NATHAN ROAD,KOWLOON (P.O.BOX 96816,KOWLOON,T.S.T.)",,sscchina@netvigator.com,,亚洲,C
SUPER STYLE WINDOWS LTD.,英国,五金,M. ASHRAF,0044 161 8195335,0044 161 8195225,"55 CABLE STREET, MANCHESTER",M4 5DF,sswindows@netscapeonline.co.uk,,欧洲,S
Super Spares (Parts) Ltd,英国,五金,D. Jones,0044 28 4066 2166,0044 28 4062 6642,"Brookfield Industrial Estate, GB BT32 3A, Banbridge",,info@super-spares.com,http://www.super-spares.com,欧洲,S
SUPER SANI FIX,印度,五金,ANOOP K.MEHTA,,,"32/50,GALI NO.11,BHIKAM SINGH COLONY,VISHWAS NAGAR,DELHI",110032,,,亚洲,C
SUPER SAFE KITCHENS,印度,五金,MR.PAWAN AGGARWAL,0091 11 24100496/24101259/32106073,0091 11 24101259,"271,1ST FLOOR,SATYA NIKETAN RING ROAD NEW DELHI",110021,supersafe100@hotmail.com,,亚洲,C
SUPER QUALITY GROUP INC.,美国,五金,TERRY PAN,001 626 4439883,001 626 4439003,"10770 WEAVER AVE. SOUTH EL MONTE,CA 91733",CA 91733,"sqgrouph@sbcglobal.net,sqchina@sbcglobal.net",,北美洲,S
"SUPER PRODUCTS,INC.",美国,五金,JOHN JINGHAI SHI,001 908 3591515,001 908 3593105,"126 STRYKER LANE BLDG.24 UNIT 8,HILLSBOROUGH,NJ",08844,jj1018shi@aol.com,,北美洲,S
SUPER POWER MARKETING ENTERPRISES,菲律宾,五金,BENY Y.SIY,0063 2 7343260/9177888613,0063 2 3611821,"807 GANDARA ST.STA.CRUZ,MANILA",,benyyasiy@yahoo.com,,亚洲,B
"SUPER MATE CO.,LTD.",日本,五金,TOMOMICHI TAKAHASHI,0081 58 3883341/9080525350,0081 58 3883818,1470 ENJOJI KASAMATSU-CHO HASHIMA-GUN GIFU,501-6035,taka-t@k4.dion.ne.jp,WWW.SUPERMATE.CO.JP,亚洲,S
SUPER LOCK INTERNATIONAL,美国,五金,,001 212 6086368,001 212 6087782,22 HENRY STREET NEW YORK NY 10002,NY 10002,superlockus@yahoo.com,,北美洲,S
"SUPER GOLD ENTERPRISE CO.,LTD.",台湾省,五金,PENG CHEN-YUAN,00886 2 27126558/27122304,00886 2 27123683,"FL.1,NO.16,LANE 361,FU HSING N.RD.TAIPEI",,sgperng@ms31.hinet.net,,亚洲,C
Suomen Metallipuu Oy,芬兰,五金,Petteri Kiuru,00358 9 7 77 16 30,00358 9 77716377,"Viikint 3, FI 00560, Helsinki",,,,欧洲,A
SUNYIELD TRADING LTD.,香港,五金,TAN YU HUI,00852 29914738,00852 29914538,"RM.11.25/F.,PENINSULA TOWER,538 CASTLE PEAK RD,KLN.",,sunyield@netvigator.com,HTTP://WWW.SUNYIELD.COM.HK,亚洲,C
SUNWHEEL INT'L LTD.,台湾省,五金,JOHNSON LIAO,00886 2 25612191 EXT.25/932388155,00886 2 25363405,"5TH-1 NO.45 CHI LIN ROAD,TAIPEI",,shaper@ms34.hinet.net,,亚洲,C
SUNWELL TRADING EST.,阿拉伯联合酋长国,五金,YIYI LIN,00971 4 2212611/506779903,00971 4 2212619,"P.O.BOX:39398,DUBAI",,yiyi@emirates.net.ae,,亚洲,B
SUNWAY HARDWARE,伊朗,五金,,0098 21 8419946,0098 21 8419947,"NO.:67,OSTAD MOTAHARI ST.,TEHRAN",,sunway@v3mail.com,,亚洲,C
SUNTEK TEKNIK MALZEMELER ITHALAT.SAN.VE.TIC.A.S.,土耳其,五金,HARUN SINAY,0090 232 4258410/4414537/4450679,0090 232 4837043,"CUMHURIYET BULVARI ERBOY ISHANI NO.82-801, IZMIR",35210,sinay@superonline.com,,亚洲,B
SUNWARE FILAMENTS (P) LTD.,印度,五金,BALKRISHNA SHETTY,0091 832 315630/312385/982212909,0091,"GROUND FLOOR,VARAD BUILDING,SHANTINAGAR PONDA,GOA",403401,sunware@goa1.dot.net.in,,亚洲,C
SUNVALE ENTERPRISES INC.,美国,五金,,001 7329395238,001 7088760346,"3 MAINSAIL SQUARE, FREEHOLD,NJ 07728,U.S.A.",,shanechow01@yahoo.com,,北美洲,S
"SUNTEX,SPOL.S.R.O.",捷克共和国,五金,SUN XIAO LU,00420 2 61215903/606749990,00420 2 61215903,"DRUZNOSTI 6,NUSLE PRAHA 4",14000,dasheng@iol.cz,,其他,C
SUNNY IMPORT & EXPORT INC.,加拿大,五金,SUNNY SUN,001 604 2932938,001 604 2330383,"#2-7920 RIVER ROAD, RICHMOND, BC.",V6X 1X7,,,北美洲,S
SUNNY AGE LIMITED,香港,五金,LEWIS CHAN,00852 25755466,00852 28345886/28347168,"10/F.,HYDE CENTRE,223 GLOUCESTER ROAD,WANCHAI",,sunnyage@kamchi.com,,亚洲,C
SUNTEC INDUSTRIAL CORP.PTY.LTD.,澳大利亚,五金,THOMAS TENG,0061 2 411699877,0061 2 98784380,"68 EASTWOOD,RYDE,N.S.W.",,suntec@firstlink.com.au,,大洋洲,S
SUN-SUN INT'L INC.,美国,五金,JASON LEE,001 305 4638838,001 305 4638885,8565 N.W. 29ST FL,33122,zojeinfo@aol.com,,北美洲,S
SUN-SOFT TRADING LTD.,赞比亚,五金,MULAWO M. MWANZA,00260 1 235882/235883,00260 1 283561,P.O.BOX 36061 LUSAKA,,,,其他,C
SUNRICH TRADERS LTD.,香港,五金,NANCY KAPOOR,00852 27222333/27222370/27222358/27222359/90993722,00852 23679101/27215577/23143871,"1501-07,AIA TOWER,NEW WORLD CENTRE,20 SALISBURY ROAD,TSIM SHA TSUI,KOWLOON(P.O.BOX 96246,KOWLOON)",,william@sunrich-hk.com,,亚洲,C
SUNRICH TAIWAN LTD,台湾省,五金,NANCY KAPOOR,00886 2 27137150,00886 2 27155400,"164 FU SHING N.RD,7/F TAIPEI",,general@sunrichtwn.com.tw;nancy@sunrich-gz.com,,亚洲,C
SUNNY SCIENCE & TECHNOLOGY(USA)CO.,美国,五金,JUNE XIONG,001 603 6478576,001 603 6473006,161 GARDEN DR. APT.6 MANCHESTER.NH 03102,NH 03102,sunny_usaco@yahoo.com,,北美洲,S
"SUNS INTERNATIONAL, LLC",美国,五金,MR.YE,001 7816528305,001 7818625084,"34 CALVIN STREET, MA 02420,U.S.A.",,fanye@global-instrument.com,,北美洲,S
SUNRISE WORLDWIDE TRADING,美国,五金,甄健,001 626 6172848,001 626 4510983,"214E,MISSION DR.SAN GABRIEL,CA 91776",CA 91776,dy_sunrise@hotmail.com,,北美洲,S
SunRise Worldwide Trading,香港,五金,甄健,00852 82219003,00852 25171517,"8 SEYMOUR RD.24/F,A",,dy_sunrise@hotmail.com,,亚洲,C
SUNRISE TRADING CO LTD,斯里兰卡,五金,M M M AMEEM,0094 11 2434962,0094 11 2343274,"164 BANKSHALL STREET,COLOMBO-11",,mmmameem@hotmail.com,,亚洲,C
SUNRISE INTERNATIONAL (NIG.) LTD.,尼日利亚,五金,D.K.MUNDHRA/L.N.MUNDHRA,00234 1 5871075/5877669/7757685/4342277,00234,"12,PELEWURA WAY,APAPA,GPO BOX 9257,LAGOS",,sunrise@infoweb.abs.net;startool@bom3.vsnl.net.in,,非洲,C
SUNRISE INDUSTRY SCO LTD,日本,五金,"NAGAO, MINORU",0081 6 65511555,0081 6 65512227,"4-5, KITAHORIE 4-CHOME NISHI-KU OSAKA-SHI, OSAKA 5500014",,,,亚洲,S
SUNRISE GENERAL TRADING,埃塞俄比亚,五金,Mr. ABDULAHI AHMED,00251 1 139744/9200741,00251 1 755011,H.5 K.06 H.NO.1908 P.O.BOX 8756 ADDIS ABABA,,abdulahi@telecom.net.et,,其他,C
"SUNRISE ALUMINIUM(HONG KONG)CO.,LTD.",香港,五金,KAGA C.K.CHAN,00852 23816828/60218295,00852 23813678,"NO.2,1/F.,HUTTON SQUARE,1120 CANTON ROAD,MONGKOK,KOWLOON",,mandy_chu@sunrise-alum.com;kaga_chan@sunrise-alum.com,WWW.SUNRISE-ALUM.COM,亚洲,C
SUNRICH LEGEND S.A.,巴拿马,五金,NANCY KAPOOR,00507 4415625,00507 4415875,"COLON FREE ZONE,COLON",,lsazl@legendzl.com,,其他,C
SUNRICH INDONESIA LTD,印度尼西亚,五金,NANCY KAPOOR,0062 21 6413762,0062 21 6453677,"JL,AGUNG UTARA I BLK A 2/2 SUNTER PODOMORO JAKARTA",14350,"hdg@sunrich-id.com,nancy@sunrich-gz.com",,亚洲,B
SUNRICH BANGKOK LTD.,泰国,五金,NANCY KAPOOR,0066 2 3914172,0066 2 3811839,"9/24-27,SUKHUMVIT 63,(EKAMAI) BANGKOK",10110,suresh@sunrichth.com,,亚洲,B
SUNOX,黎巴嫩,五金,JAMAL M.EL-BABA,00961 1 303150/307739,00961 1 816203,"MAR ELIAS ST.SAWAYA CENTER(P.O.BOX:14/6398,BEIRUT)",,sunoxlb@cyberia.net.lb,,亚洲,C
SUNNY SUM DEVELOPMENT LIMITED,香港,五金,TO YAO KWOK,00852 27876387/27894248,00852 23907478,"RM 201,2/F.,WAI CHING COMMERCIAL BLDG.,77WAI CHING ST.,YAU MA TEI,KOWLOON.",,,,亚洲,C
SUNNY METAL & ENGINEERING PTE LTD,新加坡,五金,TERENCE KHO,0065 65451488/98430384,0065 65459686,"35,CHANGI SOUTH AVENUE 2,SUNNY INDUSTRIAL BUILDING",486134,tkho@starhub.net.sg/sunnymetal@pacific.net.sg,,亚洲,A
"SUNNY LAND INVESTMENT CO.,LTD.",澳门,五金,DIOR CHAN,00853 712530,00853 713373,"RM.2204-2208,LUSO INT'L BANK BLDG.,1-3,RUA DR.PEDRO JOSE LOBO",,sunny@macau.ctm.net,,其他,C
SUNNY JONG,美国,五金,FAUCET KING,001 626 6140219/7869885,001 626 6140219,"4016 N.ROSEMEAD BLVD ROSEMEAD,CA 91770",CA 91770,sunnyjong@netzero.net,,北美洲,S
SUNNY BUILDING MATERIALS SUPPLIER,香港,五金,BEN HO,00852 23949977/23944411/23925252,00852 23911537,"664,SHANGHAI STREET,G/F.,MONGKOK,KOWLOON",,,,亚洲,C
SUNNY (E.A.) LTD.,乌干达,五金,RUAN TIEZHENG,00256 41 343162,00256 41 343162,"PLOT 87,JINJA ROAD,FIRST STREET,INDUSTRIAL AREA,KAMPALA",,zico@imul.com,,其他,C
SUNNETTO KOGYO KK,日本,五金,"MINAMI, SHIGEAKI",0081 729 64 3371,0081 729 64 6088,"8-13, MIZUHAI 3-CHOME HIGASHIOSAKA-SHI, OSAKA 5780921",,sunnet@sirius.ocn.ne.jp,,亚洲,S
SUNN BATTERY COMPANY,美国,五金,ADA CORBETT,001 9043544508,001 9043587753,"1316 WEST ADAMS ST JACKSONVILLEFLORIDA 32204,U.S.A.",,ptron@bellsouth.net,www.sunnbattery.com,北美洲,S
SUNIL TRADERS,印度,五金,SUNIL GUPTA,0091 5644 225230/228930/9414023290,0091,"FREEDAM FIGHTER,PANNALAL GUPTA MARG,BASAN GATE,BHARATPUR(RAJ.)",321001,,,亚洲,C
SUNLIT IND CO LTD,日本,五金,HIDAKA SHUICHI,0081 3 3635 3371,0081 3 36353372,"RYOGOKU YA BLDG. 30-8, RYOGOKU 4-CHOME, SUMIDA-KU, TOKYO 1300026",,,WWW.SUNLIT.CO.JP,亚洲,S
SUNLIFE CO LTD,日本,五金,"TAKAHASHI, NAOKI",0081 3 3988 0671,0081 3 3988 6915,"ORIMOTO BLDG. 9-7, HIGASHIIKEBUKURO 3-CHOME TOSHIMA-KU, TOKYO 1700013",,,,亚洲,S
SUNLIC TRADERS LTD,香港,五金,D'COSTA WILLIAM,00852 27222333/27222370,00852 27215577,"1501-5,AIA TOWER,NEW WORLD CENTRE,20 SALISBURY ROAD,TSIM SHA TSUI,KOWLOON P.O.BOX 96246,KOWLOON",,william@sunlic.com.hk,,亚洲,C
SUNJOY ENTERPRISES LIMITED,台湾省,五金,K.C.WANG,00886 2 27083238,00886 2 27553816,"5F/5,NO.63,LANE 122,SEC.4,JEN-AI RD.,TAIPEI",106,sunjoy1@ms61.hinet.net,,亚洲,C
SUNJACY PTY LTD,澳大利亚,五金,ALAN KEVIN DAY,0061 2 9522 6622,0061 2 9522 4145,167 Port Hacking Rd Miranda NSW 2228,,,,大洋洲,S
SUNIL JAYASINGHE & SONS,斯里兰卡,五金,S.A.D.I.D.GUNAWARDANE,0094 11 2295339,0094 11 4878409,"NO.90,KURUNEGALA ROAD,MINUWANGODA",,,,亚洲,C
Sunice Cargo Logistic,美国,五金,Amelia Cheng,001 630 238 1500,001 630 2381934,"818 Foster Ave Bensenville, IL 60106-1510",,sclsale@aol.com,,北美洲,S
SUNHAHN ENTERPRISE INC.,韩国,五金,"HAHN, JOON-SOO",0082 (02)2635-8477,0082 (02)2635-8470,"FL 4. WONCHANG B/D, 42-1, 8GA,YONGDUNGPO-DONG, YONGDUNGPO-KU,SEOUL",150-038,,,亚洲,A
SUNGWOO TRADING CORP,韩国,五金,LIM CHONG-IN,0082 31 3771716,0082 31 3779330,"105-808 DAEWON APT.,WON-DONG,O SAN-SI,KYUNGGI-DO (C.P.O.BOX 3942 SEOUL)",,sungwoo_tr@yahoo.co.kr,,亚洲,A
SUN TRADE ENTERPRISES CO.LTD.,坦桑尼亚,五金,Mr. TIAN XIAO CHUN,00255 22 2112002/2138011,00255 22 2112002,"P.O.BOX:8454,DAR ES SALAAM",,sun@raha.com,,其他,C
SUN TIEN ENTERPRISES LTD.,香港,五金,张荣,00852 27443883/27443228/92692568,00852 27858532,"BLK A,9/F.,ON FAT IND BLDG,12-18 KWAI WING RD,KWAI CHUNG,N.T.",,suntien@attglobal.net,,亚洲,C
"SUN TIEN BRUSHES CO.,LTD.",香港,五金,吕耀宗,00852 27443883,00852 27858532,"10 WING HONG ST.,CHINA PACIFIC IND.BUILDING,7/F.,KOWLOON",,suntiem@attglobal.net,,亚洲,C
SUN SIN INC.,美国,五金,,001 4155092156,001 5106564187,"543 HEAD ST, SAN FRANCISCO,CA 94539,U.S.A.",,sunsininc@hotmail.com,www.sunsininc.com,北美洲,S
SUEMASA KK,日本,五金,SUEDA MASANORI,0081 82 262 6141,0081 82 2624181,"14-32, HIKARI-MACHI 2-CHOME, HIGASHI-KU HIROSHIMA-SHI, HIROSHIMA 7320052",,,,亚洲,S
SUEHIRO HARDWARE CO LTD,日本,五金,HAYASHI KUNIO,0081 3 3861 4413,0081 3 38668049,"SUEHIRO BLDG. 1-12-16, KANDAIZUMI-CHO, CHIYODA-KU, TOKYO 1010024",,,,亚洲,S
SueDSTAHL GmbH,德国,五金,Dr. Wilhelm Wazel,0049 9078 80 20,0049 9078 80 22 59,"Industriestrasse 2, DE 86690, Mertingen",,mueller@suedstahl.de,WWW.SUEDSTAHL.DE,欧洲,S
SUDO KOGYO KK,日本,五金,SUDO MASANORI,0081 3 3899 6751,0081 3 38572306,"14-22, NISHI IKO 3-CHOME, ADACHI-KU, TOKYO 1210824",,,,亚洲,S
"SUCWIN TRADING CO.,LTD.",香港,五金,MR.TAKMAN SUNG,00852 28339108/28339011,00852 25732508,"ROOM 1101,THE KWANGTUNG PROVINCIAL BANK BUILDING,NO.409-415,HENNESSY ROAD",,sung@sucwin.com.hk,WWW.SUCWIN.COM.HK,亚洲,C
Success Systems Service,美国,五金,Julie Wang,001 626-288-7987,001 626-288-6434,"7740 E. Garvey Ave., D., Rosemead, CA 91770, USA",,sssmpk@hotmail.com,,北美洲,S
SUCCESS ROAD LTD.,香港,五金,MATTHEW LUN,00852 27890119,00852 27865085,"RM.2604,ISLAND CENTRE,470 RECLAMATION ST.,MONGKOK,KOWLOON",,wylun@aol.com,,亚洲,C
SUCCESS MAXII AGENCIES LTD.,尼日利亚,五金,EDISON N.DICK,00234 8033166867/8033054597,00234,"J LINE NO.5 ARIARIA INTERNATIONAL MARKET,ABA,ABIA STATE",,successmaxinteragenciesltd@yahoo.com,,非洲,C
"SUCCESS HARDWARE CO.,LTD.",香港,五金,ALAN CHEUNG,00852 23938361/23938362/23938369/92393544,00852 23938684,"RM 1202,12/F.,WANG YIP IND. BLDG.,1 ELM STREET,TAI KOK TSUI,KOWLOON",,,,亚洲,C
Stanley Emerson & Sons Ltd,英国,五金,W. Emerson,0044 28 3832 3487,0044 28 3832 5717,"39 Banbridge Road, Lurgan, GB BT66 7H, Craigavon",,,,欧洲,S
SUBUR BARU,印度尼西亚,五金,SUGIMIN,0062 21 6262423/811803865,0062 21 6252774,JL.P.JAYAKARTA NO.117 BLOK C-16 JAKARTA PUSAT,10730,subur_baru@yahoo.com,,亚洲,B
SUBSIDIARY & ASSOCIATED COMPANIES,加拿大,五金,J.K. WONG,001 514 9311008,001 514 9329752,"1455 SHERBROOKE ST. W.SUITE 904, PORT ROYAL BUILDING MONTREAL P.Q.",H3G 1L2,,,北美洲,S
SUBHONY & COMPANY,印度,五金,MR.SUBHONY,0091 11 3435727,0091,1 FO PADAN NFAR Q.DELHI,110007,,,亚洲,C
SUN TRADING COMPANY,美国,五金,MYUNG HAN,001 410 6857070/84109053896,001 410 6857272,"1917 ANNAPOLIS RD BALTIMORE,MD 21230",MD 21230,sunan59@hamail.net,,北美洲,S
SUBANI EST. FOR GENERAL TRADING,约旦,五金,Mr. Ahmed M .Subani,00962 6 4907754,00962 6 4778503/4907754,P.O.BOX 230054 AMMAN,11123,subani-ahmed@usa.net,,亚洲,C
SUNAKAWA SANGYO KK,日本,五金,SUNAKAWA HIROSHI,0081 294 33 3411,0081 294 33 3432,"5-7, CHIKOKU-CHO 2-CHOME, HITACHI-SHI, IBARAKI 3160013",,,,亚洲,S
SUN WAY INTERNATIONAL CORP.,台湾省,五金,DAVID HSIEH,00886 4 7524925,00886 4 7633216,"NO. 71,LANE 93,CHANG LU RD.,CHANG HUA CITY",,sunway@tcts.seed.net.tw,,亚洲,C
SUN GUIDER INC.,巴西,五金,LIU SHIE LIN,0055 11 55890825,0055 11 50786588,AV. ENG ARMANDO ARRUDA PEREIRA. 377-JABAQUARA CEP 04309-010-SAO PAULO-SP,,sunguider@sunguider.com.br,WWW.SUNGUIDER.COM.BR,南美洲,B
"SUN SANG PLASTIC & METAL MFG.,CO.",香港,五金,DICK LAM,00852 24287108/91931063,00852 24806683,"16/F.,BLOCK A(OFFICE) 15/F.,9/F.,BLOCK B,CHIAP LUEN INDUSTRIAL BUILDING,30-32 KUNG YIP STREET,KWAI CHUNG",,sales@sunsangsilver.com.hk,,亚洲,C
"SUN SUN INDUSTRIES,INC.",美国,五金,KARL CHANG,001 201 9352030,001 201 9351840,"333 FIRST STREET CARLSTADT,N.J.",N.J.07072,,,北美洲,S
SUN SUN GLASS PTE LTD,新加坡,五金,LEONG MUN YING,0065 62833126,0065 62818801,"BLK 38,DEFU LANE 10,#01-35/39/31",,,,亚洲,A
SUN SHINE IMPEX,印度,五金,HARIA HEMANT,0091 9820975625,0091,MHADADIOT NO.33/137 DISHA CO HOO SOC,400053,,,亚洲,C
SUN MOON INTERNATIONAL,孟加拉国,五金,MD. SHAFIQUL ISLAM,00880 2 7124286/11876107/11818655,00880 2 7124286,"J.B. MARKET (2ND FL.),38 NAWABPUR ROAD DHAKA",1100,sunmoon@bdmail.net,,亚洲,C
SUN METAL CORP.,韩国,五金,M. I. SUN,0082 2 3386340,0082 2 3386341,"MAPO P.O. BOX 182,SEOUL",,,,亚洲,A
SUN MARK HARDWARE MFG LIMITED,香港,五金,JASON YIP,00852 28911511,00852 28911956,"ROOM 2805,HO KING COMMERCIAL CENTRE,NO.2 FA YUEN STREET,MONG KOK,KOWLOON",,jason@sunmark.com.cn,WWW.SUNMARK.COM.CN,亚洲,C
SUN HOPE TRADING,马来西亚,五金,TOH SUA HO,0060 3 87391508/12 2218981/12 2731508,0060 3 87392280,"NO.23,JALAN RAKAN 13,TAMAN RAKAN CHERAS,BATU 11 OFF JALAN CHERAS,SELANGOR DARUL EHSAN",43200,,,亚洲,B
"SUN HEE CO.,LTD.",韩国,五金,"CHOI, SUNG-KYU",0082 (02)571-4116/7,0082 (02)571-5777,"FL 3, TAESHIN B/D, 256-8, YANGJAE-DONG, SOCHO-GU, SEOUL",137-130,sunnet98@chollian.net,,亚洲,A
SUN EAST INTERNATIONAL PVT.LTD.,尼泊尔,五金,MR.NAVEEN,00977 1 4246589,00977 1 4243723,"TEKU (P.O.BOX:776,KATHMANDU)",776,suneast@wlink.com.np,,其他,C
SUN FAT METAL & GLASS LTD.,香港,五金,,00852 26982711/26982903/93822747,00852 26920705,"401-407,SHI FAI FTY.ESTATE,5-13 SHAN MEI ST.,FO TAN,SHATIN,N.T.",,,WWW.SUNFAT-METALGLASS.COM.HK,亚洲,C
SUN ESAT INTERNATIONAL PVT.LTD.,尼泊尔,五金,Mr. N.MAGRAWAL,00977 1 246589,00977 1 243723,"P.O.BOX. 776,KATHMANDU",,suneast@wlink.com.np,,其他,C
SUN ACTIVE ENTERPRISE COMPANY,台湾省,五金,陈文忠,00886 2 27913777/935555675,00886 2 27924291,"#94-2,SEC 6,MIN CHUNG EAST RD.TAIPEI",,swards@ms46.hinet.net,,亚洲,C
SUMMIT REACH MARKETING SDN.BHD.,马来西亚,五金,TAN SIM,0060 3 31656648/123829577/123829577,0060 3 31656648,"NO.29,JALAN SERI DAMAK 56,KAW.2,TAMAN SRI ANDALAS,KLANG,SELANGOR",41200,tansim59@hotmail.com,,亚洲,B
SUMIYOSHIYAKONDO NEJI KK,日本,五金,"KONDO, YASUHIRO",0081 55 923 1151,,"921, KOZUWA NUMAZU-SHI, SHIZUOKA 4100872",,,,亚洲,S
"Suministros Industriales Syresa, S.L.",西班牙,五金,SantosAlberto Sanchez,0034 98 339 08 33,0034 98 330 68 97,"Pol. San Cristobal - Pirita, , parc. 103, E 47012, Valladolid",,,,欧洲,A
SUMAKE PNEUMATIC DO BRASIL,巴西,五金,PAULO EMILIO F.LEMOS,0055 18 2361097/97711120,0055 18 2361696,"AV.CIDADE FUKUYAMA,279-PRES.PRUDENTE-SP-CEP 19.064-210",,pemilio@muranet.com.br,WWW.MURANET.COM.BR/SUMAKE,南美洲,B
SUMIRATT DENTAL CLINIC,印度,五金,DR.GAURAV GUPTA,0091 124 6314304/9811291112,,"SHOP NO.25,DAV SCHOOL MARKET,KHANDSA ROAD,GURGAON",,drgauravgupta@hotmail.com,,亚洲,C
Suministros Ballesteros S.A.,西班牙,五金,AlbertBallesteros,0034 93 384 50 52,0034 93 389 35 66,"Colon, 74, E 08912, Badalona",,ballesteros@rodeser.com,www.rodeser.com,欧洲,A
SUMIDA FASTENER INDUSTRIAL CO LTD,日本,五金,"MITO, NOBUYUKI",0081 3 3626 0911,,"1-4, NARIHIRA 4-CHOME SUMIDA-KU, TOKYO 1300002",,,,亚洲,S
SUMIDA BYORA MFG COMPANY LTD,日本,五金,SUMIDA SHOZO,0081 6 67251221,0081 6 67251228,"1-8, KANAMONO-CHO, HIGASHIOSAKA-SHI, OSAKA 5770815",,,,亚洲,S
SUMBER URIP PLASTIC,印度尼西亚,五金,,0062 21 6296645/6241866/6192884,0062 21 6385776,JL.TERATE NO.53 (ANGKE) JAKARTA,11250,,,亚洲,B
SUMBER TEKNIK,印度尼西亚,五金,AGUS SUSANTO,0062 293 364842,0062 293 363104,JL. REJOTUMOTO A1-B1 MAGELANG-CENTRAL JAVA,,sumber_teknik@hotmail.com,,亚洲,B
SUMBER MAS TRADING COMPANY,印度尼西亚,五金,KWEK CHIN LIM,0062 61 4569566/8126000860,0062 61 4144524,JLN:CIREBON NO.11-AA/51 MEDAN,20212,,,亚洲,B
SUMAN TRADING CO.,孟加拉国,五金,K.NATH,00880 31 637206/17810300/171747383,00880 31 610467,"4/F,IDRIS BUILDING,HAJI AMIR ALI CHOWDHURY ROAD,KHATUNGONJ,CHITTAGONG",4000,suman@globalctg.net,,亚洲,C
"SUM FAT CO.,LTD.",香港,五金,Mr. FOREST MOK,00852 23921123,00852 27891249,"UNIT 4A,2/F WELLFUNG IND.CENTRE NO.68 TA CHUEN PING ST.,KWAI CHUNG",,sumfatco@hotmail.com,,亚洲,C
"SULIM COMMERCE CO.,LTD.",韩国,五金,"LEE,JUNG-WOO",0082 (02)578-8974,0082 (02)578-8975,"FL201,YOUNG-WONG B/D,313-5,YANGJAE-DONG, SOCHO-KU,SEOUL",137-130,,WWW.SULIM.COM,亚洲,A
SUKRI PAINTS & CHEMICALS PRIVATE LIMITED,印度,五金,GRISH SINGH,0091 11 6410026/6280694/9811077652,0091 11 6284034/6671731,"380,CHIRAG DELHI,NEW DELHI",110017,sukri@ndf.vsnl.net.in,,亚洲,C
SUKIMA IMPORT S.L.,西班牙,五金,RAMON PONCE GARRIDO,0034 96 3657505,0034 96 3657482,"C/ . GUALA, 3 46009 VALENCIA",,ramon@regaloparati.com,,欧洲,A
SUGATSUNE KOGYO CO LTD,日本,五金,SUGASAWARA MICHIO,0081 3 3864 1122,0081 3 3863 6887,"8-11, HIGASHIKANDA 1-CHOME, CHIYODA-KU, TOKYO 1010031",,,WWW.SUGATSUNE.CO.JP,亚洲,S
SUGATSUNE AMERICA INC,美国,五金,"KAWAI, EDDIE",001 310 329 6373,001 310 329 0819,"221 SELANDIA LN, CARSON, CA 90746-1414",,,WWW.SUGATSUNE.COM,北美洲,S
"SUISUN CO., LTD.",香港,五金,MISS.SO,00852 27642666,00852 27650578,"BLK A,12/F., UNIT 1207, FOCAL IND. CENTRE 21 MAN LOK ST., HUNGHOM, KOWLOON",,xagata2003@yahoo.com.cn,,亚洲,C
SUISUN,香港,五金,A.CHOI,00852 27642666,00852 27650578,"BLK A,UNIT 1207,FOCAL INDUSTRIES CENTER,21 MAN LOK STREET",,agata2002@21cn.com,,亚洲,C
SUINTRA MAS,印度尼西亚,五金,TONNI SUHERMAN BSC.,0062 22 4205257/4234086,0062 22 4234086,JL.OTO ISKANDARDINATA 355 BANDUNG 40251,40251,sumas@bdg.centrin.net.id,,亚洲,B
"SUGITA ACE CO., LTD.",日本,五金,KYOMOTO,0081 3 36335162,0081 3 36335052,"11F Daiichiseimei Bldg., 25-5, Ryogoku 3-chome, Sumida-ku, Tokyo 130-0026.",,,WWW.SUGITA-ACE.CO.JP,亚洲,S
SUGITA ACE CO LTD,日本,五金,"SUGITA, NAOYOSHI",0081 3 3633 5150,0081 3 3633 5162,"25-5, RYOGOKU 3-CHOME SUMIDA-KU, TOKYO 1300026",,,,亚洲,S
SUGIKO SANGYO KK,日本,五金,SUGIYAMA SHOJI,0081 256 86 3711,0081 256 86 2000,"2810-3, ENDO, KATAHIGASHI-MURA, NISHIKAMBARA-GUN, NIIGATA 9590506",,sugicohn@sugico.co.jp,WWW.SUGIKO.CO.JP,亚洲,S
SUGIHARASANGYO KK,日本,五金,"SUGIHARA, TOSHIHIKO",0081 6 6719 7273,0081 6 6713 6339,"31-21, KUWAZU 1-CHOME HIGASHISUMIYOSHI-KU OSAKA-SHI, OSAKA 5460041",,,WWW.SUGIHARA-S.CO.JP,亚洲,S
SUGIHARA INDUSTRIES INC,日本,五金,"SUGIHARA, KAZUTOYO",0081 3 3879 7021,0081 3 3879 7024,"24-6, SENJU 1-CHOME ADACHI-KU, TOKYO 1200034",,,,亚洲,S
STANFAST IMPORT & EXPORT CO.,香港,五金,KAN SHIU LUN,00852 25626322,00852 25659651,"ROOM 103,BLOCK C.,740-820 KING'S ROAD(T.T.M.P.O.BOX NO.60038)",,stanfast1@yahoo.com,,亚洲,C
SOLERA CORP.,台湾省,五金,MICHAEL LIAO,00886 2 25215128,00886 2 25314166,"5F-4,16-1,LANE 83,SEC.1,CHUNG SHANG N.RD.TAIPEI(P.O.BOX 9-30 TAIPEI)",,kelmark@ms18.hinet.net,,亚洲,C
SUANG LEE HARDWARE & MACHINERY SDN. BHD.,马来西亚,五金,Mr. TAN LEE TECK,0060 12 2244202/3 62012128,0060 3 32042108,"2-15-8,PANTAI PANORAMA CONDO.,JALAN 112H,OFF JALAN KERINCI,59200 KUALA LUMPUR",,tmail@pd.jaring.my,,亚洲,B
Stanley Products,美国,五金,Max Dilley,001 704 5975100,001 704 5973941,"7300 Reames Rd.,Charlotte, NC 28216-2200,USA",,,,北美洲,S
STANLEY INDUSTRIES INC,美国,五金,STANLEY,001 248 5885750,001 248 5881895,"541 M. ROCHESTER ROAD,CLAWSON,MI",MI 48017,,WWW.STANLEYINC.COM,北美洲,S
ST.ANTHONY'S HARDWARE(PVT)LTD.,斯里兰卡,五金,S.D JOSEPH,0094 11 324261/337286/71712265,0094 11 446554,"516,SRI SANGARAJA MAWATHA,COLOMBO 10",,,,亚洲,C
ST.ANTHONY'S CONSOLIDATED LTD.,斯里兰卡,五金,K.SENNEN RODRIGO,0094 11 324261/337283/436779,0094 11 446554,"P.O.BOX:951,516,SRI SANGARAJA MAWATHA,COLOMBO 10",,sancon@eureka.lk,,亚洲,C
South Essex Fasteners Ltd,英国,五金,Mrs S. Ricks,0044 1702 615326,0044 1702 461620,"Temple Farm Industrial Estate, 52 Tailors Court, GB SS2 5SX, Southend On Sea",,south@southassexfasteners.co.uk,,欧洲,S
SOLID GOLD HARDWARE CORP.,台湾省,五金,LOUISA LIU,00886 2 27568868/27567287/27567288,00886 2 27655406,"8F-5,149 KEELUNG ROAD,SEC.1,P.O.BOX 68-670 TAIPEI",,asgh@ms21.hinet.net,,亚洲,C
SOLEC,摩洛哥,五金,MBARK KRRADI,00212 22 288970/285014/804063,00212 22 801867,"819-821,BD MOHAMMED VI(EX ROUTE DE MEDIOUNA)DRISSIA 3,CASABLANCA",20550,solec@wanadoo.net.ma,,非洲,C
SOLAR INTERNATIONAL (HONG KONG),香港,五金,G.S.MALLHI,00852 31169584/61531240,00852 27233327/31169584,"44 MODY ROAD,10/FL.,LYTON BLDG.,TSIM SHA TSUI,KOWLOON",,gilljessi@yahoo.com.hk;mallhis20@yahoo.ca,,亚洲,C
SOLAR INTERNATIONAL,印度,五金,AJAY SINGHANIA,0091 33 2360322/2257011/9830260101,0091 33 8331435,"P-15,INDIA EXCHANGE PLACE EXTN.TODI MANSION,3RD FLOOR,KOLKATA",700073,solar@cal3.vsnl.net.in,,亚洲,C
SOLAR INFORMATION,台湾省,五金,MR LUSON LEE,00886 2 87717217,00886 2 87717218/87717219,"8F.NO.96.SEC.3,CHUNG HSIAO EAST RD., TAIPEI",106,solarint@ms23.hinet.net,,亚洲,C
Solar GmbH,德国,五金,Hilmar Bartels,0049 4321 95 40,0049 4321 9 54 31 99,"Industriestrasse 30-32, DE 24536, Neumuenster",,,www.solar.de,欧洲,S
"STANDARD TRADING COMPANY, LTD",美国,五金,JUNE KAMIOKA-FULLER,001 808 5954840,001 808 5952536,"1201 ALEWA DRIVE,HONOLULU,HI",HI 96817,,,北美洲,S
STANDARD TOOLS INDUSTRIAL CORPORATION,台湾省,五金,ALAIN LIN,00886 4 22032390/925619352,00886 4 22069306,"NO.470 SEC 1.HIS TWEN ROAD.NORTH DISTRICT,TAICHUNG",,,,亚洲,C
STANDARD ACCESSORIES MFG.LTD.,香港,五金,CAI FUNG KIU,00852 24648362,00852 24540852,"BLK.C,4/F.,PHASE 1,HUNG CHEUNG IND.CENTRE,12 TSING YEUNG CIRCUIT,TUEN MUN,N.T.",,,,亚洲,C
Standard & Specialised Fasteners Ltd,英国,五金,Nigel Williams,0044 1443 830810,0044 1443 838124,"Unit H, St. Davids Industrial, Estate, Pengam, GB NP12 3S, Blackwood",,,WWW.SASC.CO.UK,欧洲,S
Standaparts Ltd,英国,五金,Malcolm C. Hounsham,0044 20 8398 7812,0044 20 8398 7813,"7A South Bank, GB KT7 0UD, Thames Ditton",,standaparts@btclick.com,www.standaparts.co.uk,欧洲,S
Stampline,瑞典,五金,,0046 33 15 18 00,0046 33 15 23 79,"Box 1708,501 17 Boras",,order@stampline.com,http://www.stampline.com,欧洲,A
Stampe Metalvare,丹麦,五金,,0045 97 56 18 44,0045 97 56 18 78,"Frilandsvej 23 C, Roedding, DK 7860, Spoettrup",,stampemetal@industri.dk,http://www.stampemetal.dk,欧洲,A
STAFFORD LYNCH LIMITED,爱尔兰,五金,DAVID O'NEILL,00353 1 8023100/876171399,00353 1 8670795,"WILLSBOROUGH INDUSTRIAL ESTATE,CLONSHAUGH,DUBLIN 17",,oneilld@staffordlynch.ie,WWW.STAFFORDLYNCH.IE,欧洲,A
STAFAST PRODUCTS INC.,美国,五金,CHARLES WEAVER,001 440 3575546,001 440 3577137,"505 LAKE SHORE BOULEVARD,PAINESVILLE,OH",OH 44077,,WWW.STAFAST.COM,北美洲,S
STAF,毛里塔尼亚,五金,MR.OULD ABDALLAHI,00222 5253385,00222 5251409,BP:40246 NOUAKCHOTT,,staf@toptechnology.mr,,其他,C
Stadler Oy,芬兰,五金,,00358 19 33 45 55,00358 19 33 45 51,"Tarrant 4, FI 08680, Muijala",,,,欧洲,A
Staalberg as,挪威,五金,,0047 66 85 25 00,0047 66 85 25 10,"Nye Vakaes vei 56, NO 1395, Hvalstad",,,,欧洲,A
STA ENTERPRISE LTD.,美国,五金,ERIC,001 7183530805,001 7183536350,"33-59 FARRINGTON STREET,1ST FL,FLUSHING,NY 11354U.S.A.",,staenterprise@aol.com,www.stawholesale.com,北美洲,S
SSI NETWORK,美国,五金,,001 3217518799,001 3217518799,"1404 ARUNDEL WAY, MELBOURNE,FL. 32940,U.S.A.",,gantoon@yahoo.com,,北美洲,S
SPV INDUSTRIAL VALVE,新加坡,五金,HANSON QUAH,0065 62655192/62656232,0065 62643979,P O BOX 413 TAMPINES CENTRAL POST OFFICE 915214,,sirdesmo@singnet.com.sg,,亚洲,A
ST. ANTHONY'S ROOFING (PVT) LIMITED,斯里兰卡,五金,ARUL S.G.GUANAM,0094 11 692167,0094 11 469502,"752/1,BASELINE ROAD,COLOMBO 9",,,,亚洲,C
ST. ANTHONY'S CONSOLIDATED LIMITED,斯里兰卡,五金,ARUL S.G.GUANAM,0094 11 692167,0094 11 469502,"752/1,BASELINE ROAD,COLOMBO 9",,,,亚洲,C
ST LOUIS TOOLS INC.,美国,五金,P. CICCHESE,001 781 7402121,001 781 7415105,"55 RESEARCH RD.,HINGBAM,MA 02043",,stlouist@quik.com,,北美洲,S
SSOSS CAST PTE LTD.,新加坡,五金,MR.NG KOK KEONG,0065 67475510,0065 67487275,171 KALLANG WAY #05-06,349250,ssoss@singnet.com.sg,WWW.SSOSS.COM.SG,亚洲,A
SRM LIMITED,英国,五金,SHABBIR MERALI,0044 20 88610928/7734 910110/7900 187375,0044 20 88611902,"SUITE 102,SIGNAL HOUSE 16 LYON ROAD,HARROW",HA1 2AG,srmltduk@yahoo.co.uk,,欧洲,S
"SRIPETCHKRA CO.,LTD.",泰国,五金,SATIT PANTHUKAMPHOL,0066 2 7466643,0066 2 7466644,68/24-26 MOO 2 SUKUMVIT 103 RD. NONGBON PRAVATE BANGKOK,10260,spdave4@hotmail.com,,亚洲,B
SRINIVASA IRON & HARDWARE STORES,印度,五金,MR.N.SURYA PRAKASA RAO,0091 863 2220808/356788,,"S.B.I.ROAD,PATNAM BAZAR,GUNTUR",522003,www.sitharamio@indiatimes.com,,亚洲,C
SRI SANT KRIPA PAPER PVT.LTD,印度,五金,Mr. MANOJ MALPANI,0091 40 4611122/33,0091 40 4741144,"1ST FLOOR,GOWLIGUDA,HYDERABAD-12",,srisant@pol.net.in,,亚洲,C
SRI RIBUAN INDUSTRIES SDN BHD,马来西亚,五金,NELSON S.S.WONG,0060 3 62724588,0060 3 62724462,"19,JALAN GANGSA SD5/3F BANDAR BARU SRI DAMANSARA KUALA LUMPUR",52200,siksen@pc.jaring.my;sri@sriribuan.com.my,,亚洲,B
SRI BUMI CONSTRUCTION SDN.BHD.,马来西亚,五金,C.H LEE,0060 88 423984/424178,0060 88 424181,"NO.6,LOT 14,PARAMOUNT INDUSTRIAL DEVELOPMENT,JALAN KOLOMBONG,INANAM,KOTA KINABALU,SABAH (P.O.BOX 14569,88852 KOTA KINABALU)",89350,sribumi@tm.net.my,,亚洲,B
SPRINT BM.CO.,阿拉伯联合酋长国,五金,RAMIN,00971 4 2291658,00971,DUBAI,,ramin083@hotmail.com,WWW.UAE123.COM,亚洲,B
SPS Technologies Limited Unbrako Division,英国,五金,MS.BALDWIN,0044 247 6585050,0044 247 6585055,"Grovelands Industrial Estate Exhall, Coventry CV7 9ND",,unbrako.europe@spstech.com,http://www.spstech.com,欧洲,S
Springmasters Ltd,英国,五金,A. R. Pantling,0044 1527 521000,0044 1527 528866,"Arthur Street,Lakeside,REDDITCH B98 8LF",,sales@springmasters.com,http://www.springmasters.com,欧洲,S
Springfield Supplies,英国,五金,,0044 1978 710291,0044 1978 710292,"11 Bangor Road, Overton, GB LL13 0H, Wrexham",,,www.springfield-supplies.co.uk,欧洲,S
SPRINGFIELD MARINE CO.,美国,五金,ANDY MANTLE,001 417-863-2048,001 417-863-2047,"PO BOX 588, NIXA, MO 65714-0588",,,,北美洲,S
SPREHN A/S,丹麦,五金,KLAUS FOLSBELS,0045 44 94 38 22,0045 44 92 38 22,"ISLEVDALVEJ 154,DK-2610 RODOVRE",,,www.sprehn.as,欧洲,A
"SPREADING INTERNATIONAL TRADING CO.,LTD.",台湾省,五金,JEAN LIN,00886 6 3135588,00886 6 3120088,"5F,NO.198-3,CHUNG HWA ROAD,YUNG KANG,TAINAN HSIEN",,tfchen@tfchen.com.tw;spdshit@spdsh.com,WWW.SPDSH.COM,亚洲,C
"SPREADING INTERNATIONAL LOGISTICS CO.,LTD",台湾省,五金,TIM LIAO,00886 6 3135588,00886 6 3120088,"5F,NO.198-3,CHUNG HWA ROAD,YUNG KANG,TAINAN HSIEN",,tfchen@tfchen.com.tw,,亚洲,C
Sportpartner A.S,挪威,五金,,0047 55 50 64 64,0047 55 50 64 65,"Hallheimslia 10, NO 5884, Bergen",,post@sportpartner.no,www.sportpartner.no,欧洲,A
SPOON AS,挪威,五金,PER MAAREN,0047 22906060/22906064/95103110,0047 22906070,STROMSVEIEN 308 N-0614 OSLO (PO BOX 92 ALNABRU),,per@spoon.as,WWW.SPOON.AS,欧洲,A
SPIRIT (HONG KONG) LTD.,香港,五金,CHARLES C.C.FUNG,00852 23626276/23626277,00852 27641409,"1209-1210,12/F.,FU HANG IND. BLDG.,1,HOK YUEN ST.,EAST,HUNGHOM,KLN.",,vrgna@netvigator.com,,亚洲,C
Spirex Metal Products Ltd,英国,五金,J. Scorah,0044 1920 460516,0044 1920 487028,"Marsh Lane, GB SG12 9Q, Ware",,info@spirax.co.fsbusiness.co.uk/robert@spirex.co.uk,,欧洲,S
SPL GROUP LTD.,澳大利亚,五金,BARRY JOHNSON,0061 2 97570777/97570709/402437898,0061 2 97254195,"45 BRITTON STREET,SMITHFIELD NSW (LOCKED BAG 70 WETHERILL PARK DC NSW 1851)",2164,bjohnson@splgroup.com.au,,大洋洲,S
SOUTH EAST ASIA TRADING CO.,香港,五金,TSE YIM HING,00852 28506630/28511223/90919403,00852 28158776/28506229,"RM.2201,22/F.,YUE FAI COMMERCIAL CENTRE,208 ABERDEEN MAIN ROAD",,seasiaco@netvigator.com,,亚洲,C
SOURCING SOLUTIONS INC.,印度,五金,PARAMVEER SINGH,0091 11 36077007/9891077007/9810203221,0091,"B-4,1ST FLOOR GEETANJALI ENCLAVE,NEW DELHI",110017,paramveer@sourcingsolutionsinc.com,,亚洲,C
SOUTH AUSTRAL (PTY) LTD.,澳大利亚,五金,HASMUKH H.GOHIL,0061 2 92803340/92801100/92801101,0061 2 92801400/92801102,"205 COMMONWEALTH STREET,SURRY HILLS NSW 2010 (G.P.O.BOX 4839 SYDNEY NSW 2001)",NSW 2010,sbaust@seltek.com.au,WWW.SELTEK.COM.AU,大洋洲,S
SOUTH AUSTRAL (HK) LTD.,香港,五金,IRFAN UL-HAQ,00852 25228840/25242387/25242397,00852 28685957,"4/F.,BLK.,D.,HO LEE COMM.BLDG.,38-44,D'AGUILAR STREET,CENTRAL(G.P.O.BOX 7428)",,shanti@pacific.net.hk,,亚洲,C
SOS Industrial & Engineering Supplies Ltd,爱尔兰,五金,Mr. Thomas O'Shea,00353 1 4538884,00353 1 4538886,"Crumlin, Dublin 12",,sosind@irlcom.net,WWW.SOSIND.COM,欧洲,A
SOREPCO COMMERCE GENERAL IMPORT-EXPORT,喀麦隆,五金,LUCAS DJEMMO,00237 3 420836/425182,00237 3 420857,"ROUTE MARCHE MBOPPL, B.P. 2854, DOUALA",,sorepco@camnet.cm,,其他,C
SOUTH ASIAN INVESTMENT (PVT) LTD,斯里兰卡,五金,ARUL S.G.GUANAM,0094 11 692167,0094 11 469502,"752/1,BASELINE ROAD,COLOMBO 9",,,,亚洲,C
SOUTH ASIA HARDWARE CO.,新加坡,五金,LEE KIM HWEE ROBIN,0065 62983090/96878728,0065 62988885,104 DESKER RD.,,robinlee@pacific.net.sg,,亚洲,A
SOURCES INTERNATIONAL,美国,五金,GORCE CHAN,001 5626908789,001 5626902589,"647 S.PALM STREET,SUITE B LA HABRA,CA 90631,U.S.A",,smartin@soucesintl.com,,北美洲,S
SOURCEONE ENTERPRISES,美国,五金,ANGEL WU,001 218 6248880,001 218 6248878,"3800 WEST SECOND STREET DULUTH,MN 55807",MN 55807,angelwu@sourceone.org,,北美洲,S
"SOURCE PLUS, INC.",美国,五金,,001 2052398991,001 2052488449,"601 76TH STREET,TUSCALOOSA,AL 35405 ,U.S.A.",,jtanko@source-plus.com,,北美洲,S
SOURCE ABROAD,美国,五金,,001 3107179716,001 310 2151035,"PO BOX 7212, U.S.A.",,krissman1@yahoo.com,www.sourceabroad.com,北美洲,S
SOURCE 4 FASTENERS,加拿大,五金,melbin nidd,001 905 6607007,001 905 6607009,"8481 KEELE STREET, UNIT 16//CONCORD, ONTARIO L4K 1Z7",,s4f@bellnet.ca,,北美洲,S
SOUND INTERNATIONAL INC.,美国,五金,FRED HO WOLF,001 206 5754688,001 206 5753430,"610 ANDOVER PARK E. SEATTLE,WA (P.O. BOX 58386 SEATTLE,WA 98138-1386)",WA 98188,sii@sound-intl.com,,北美洲,S
SOUK EL COMPYOTAR AND MOBIED,埃及,五金,MR.MOHAMED ESSA,0020 2 378207,0020,"DMIAT,MEDAN SROT ST.",,,,非洲,C
"SOTERNABEER ENTERPRISE CO.,LTD.",台湾省,五金,MORRIS MO,00886 4 27024552/27024553,00886 4 27013743,"NO.5,LANE 192,SEC.3,LIMIN ROAD,HSI TUN DISTRICT,TAICHUNG,407(P.O.BOX 730,TAICHUNG,407)",407,sec747@ms7.hinet.net,,亚洲,C
SOTEC MEDICAL,法国,五金,M LIBEROS JEAN PIERRE,0033 2 40338960,0033 2 40037444,"51 RUE DE LA LOIRE, 44430, LE LOROUX BOTTEREAU",,aceeyil@cubic-b-sante.com,www.sotecmedical.com,欧洲,A
SOPORDEX S.A.GILBERTRAD,法国,五金,FRANCK ARNAO,0033 4 68850288,0033 4 68850388,3071 AVENUE DE PRADES 66000 PERPIGNAN,,sopordex@wanadoo.fr,WWW.INTIMEA.TM.FR,欧洲,A
SORIMACHI KK,日本,五金,"SORIMACHI, ARITAKA",0081 155 22 2800,0081 155 22 2800,"18, NISHI 2-JO MINAMI 5-CHOME OBIHIRO-SHI, HOKKAIDO 0800012",,,,亚洲,S
SORG CO LTD,日本,五金,"OTAKE, TOKIO",0081 256 34 7089,0081 256 34 7865,"3-24, TSUKANOME 2-CHOME SANJO-SHI, NIIGATA 9550055",,,,亚洲,S
SOPRANO ELETROMETALURGICA E HIDRAULICA LTDA.,巴西,五金,GUSTAVO LUIS BOFF,0055 54 2683555,0055 54 2682544,ESCRITORIO CENTRAL RS 122-KM 61-DISTRITO INDUSTRIAL-C.P. 204,,soprano@zaz.com.br,,南美洲,B
SOPRANO ELECTROMETAL LTDA.,巴西,五金,GUSTAVO LUIS BOFF,0055 54 2683555,0055 54 2682544,RS 122-KM61-DISTRITO INDUSTRIAL-FARROUPILHA-RS,95180-000,soprano@soprano.com.br,www.soprano.com.br,南美洲,B
SOPRANO,巴西,五金,GUSTAVO LUIS BOFF,0055 54 2683555,0055 54 2682544,"RS 122,KM 61,DISTRITO INDUSTRIAL,FARROUPILHA,RS",95180 000,soprano@soprano.com.br,WWW.SOPRANO.COM.BR,南美洲,B
SOON FOH INDUSTRY (M)SDN.BHD.,马来西亚,五金,J.S.KWAN,0060 3 60924226,0060 3 60924227,"LOT 12,RAWANG INTEGRATED INDUSTRIAL PARK,48000 RAWANG,SELANGOR DARUL EHSAN,",48000,soonfoh@tm.net.my,,亚洲,B
Soon Chuan Huat Hardware & Electrical Co.(Pte)Ltd,新加坡,五金,,0065 62927533,0065 62923228,"Blk 809,French Road #02-198, 200809, Singapore",,schuat@cyberway.com.sg,,亚洲,A
SONITEKKU KK,日本,五金,HAMANO TAIZO,0081 3 3265 3389,0081 3 3265 3380,"701, KOJIMACHI1CHOME 3BANCHI BLDG. 3-23, KOJI-MACHI 1-CHOME, CHIYODA-KU, TOKYO 1020083",,,,亚洲,S
SOONUN,泰国,五金,,0066 2 2457337,0066,60/300 BANPONVIPA SAI NON JAN BENKUN BANGKOK,,,,亚洲,B
SOON LEE HUNG HARDWARE SDN.BHD.,马来西亚,五金,JASON ONG LAY SEANG,0060 4 2612226/2616459/2620357/12 4841118,0060 4 2614821,"233,CHULIA STREET,PENANG",10020,,,亚洲,B
SOON LEE ENTERPRISE,马来西亚,五金,WONG AH SIN,0060 4 6436067/6421159/12 4223318,0060 4 6436079,"LOT 300-B,MK-12,RELAU VILLAGE BAYAN LEPAS,PENANG",11900,,,亚洲,B
SOON CHIONG HING HARDWARE CO.,马来西亚,五金,TEO CHIN HUA,0060 84 332553/324348,0060 84 324348,"LOT 199,DUNG SANG SCHOOL ROAD,P.O. BOX 504,96007 SIBU,SARAWAK",,,,亚洲,B
SOON CHEN LEE HARDWARE SDN.BHD.,马来西亚,五金,TEOH WEY CHUA,0060 4 5758888/5759688/5759288/5791288/124384828,0060 4 5756666/5759188,"571,JALAN DATUK HAJI AHMAD BADAWI,KEPALA BATAS,SEBERANG PERAI UTARA,PENANG,WEST",13200,,,亚洲,B
SOON AIK HARDWARE (PTE) LTD.,新加坡,五金,ALBERT CHAN,0065 68423822/68426966,0065 68423233/68423933/68423966,"12 TANNERY LANE,#07-00 SOON AIK INDUSTRIAL BUILDING",347775,soonaik@cyberway.com.sg,WWW.SOONAIK.COM.SG,亚洲,A
SONODA SHOTEN KK,日本,五金,SONODA TOKUSHI,0081 6 67829331,0081 6 67836022,"2-46, TAKAIDAHON-DORI 6-CHOME, HIGASHIOSAKA-SHI, OSAKA 5770066",,,,亚洲,S
SONODA HONTEN KK,日本,五金,"SONODA, MASAHARU",0081 6 6532 2181,0081 6 65310554,"14-10, MINAMIHORIE 4-CHOME NISHI-KU OSAKA-SHI, OSAKA 5500015",,,WWW.SONODAHONTEN.CO.JP,亚洲,S
SONOBE SHOKAI KK,日本,五金,"SONOBE, KAZUMASA",0081 1656 2 1675,0081 1656 2 3391,"11, O-DORI MINAMI 2-CHOME, BIFUKA-CHO NAKAGAWA-GUN, HOKKAIDO 0982230",,,,亚洲,S
Sonnleithner Sensenwerk GmbH & CO KG,奥地利,五金,Frau Monika Brandner,0043 7255 7311,0043 7255 73116,"Nr. 25, A-4461 Laussa, Ober攕terreich, Austria",,office@sonnleithner.at,WWW.SONNLEITHNER.AT,欧洲,A
SONEE HARDWARE,马尔代夫,五金,ABDULLA KALEEM,00960 336699/773389,00960 321656/320304,"SONEE BUILDING,IBRAHIM HASSAN DIDI MAGU MALE 20188",20188,kaleem@sonee.com.mv;abdulla@sonee.com.mv,WWW.SONEE.COM.MV,其他,C
Son Son I Linkoeping,瑞典,五金,Mr Valmino Wahlsjoe,0046 13 79145,0046 13 70712,"Box 5 (Himna, Linghem), S-590 62 Linghem",,,,欧洲,A
"SOMERVILLE (SIAM) CO., LTD.",泰国,五金,DAVID PANG,0066 2 316 0751/8,0066 2 316 7554,"15, MOO 14 BANGNA-TRAD ROAD,KM 10, SARNUTPRAKARN, BANGKOK",,somervil@ksc15.th.com,WWW.SOMERVILLECOMPANIES.COM,亚洲,B
"SOMMER & MACA INDUSTRIES,INC.",美国,五金,THOMAS MALONEY,001 773 2422871,001 708 8635462,"5501 WEST OGDEN AVENUE,CICERO,IL",60804-3507,somacausa@aol.com,WWW.SOMACA.COM,北美洲,S
SOMETHING DIFFERENT GIFT WARE LTD.,爱尔兰,五金,JOHNNY CHONG,00353 41 9801524/876885339,00353 41 9835902,"UNIT 7,NORTH BANK,HAYMARKET,DROGHEDA,CO LOUTH",,johnny@somethingdifferent.ie,WWW.SOMETHINGDIFFERENT.IE,欧洲,A
SOMAPALA & COMPANY LTD.,斯里兰卡,五金,KAMAL KODITUWAKKU,0094 11 2624800,0094 11 2635520,"P.O.BOX 1991 NO.56,KANDAWALA MAWATHA,RATMALANA",,kmlgroup@sltnet.lk,,亚洲,C
SOKEN INDUSTRIES CO LTD,日本,五金,HAGIWARA HIROO,0081 27 252 6644,0081 27 2517665,"160-3, KIYONO-MACHI, MAEBASHI-SHI, GUMMA 3703574",,info@soken-industries.co.jp,,亚洲,S
SOLPORT LIMITED,英国,五金,MS.FIONA FLINT,0044 1367 240736,0044 1367 242625,"OLIVE HOUSE,REGAL WAY,FARINGDON,OXON",SN7 7BX,fiona@solport.demon.co.uk,WWW.CAREPAC.COM,欧洲,S
SOLIMCO HARDWARE,菲律宾,五金,ROGER DY,0063 72 2423322/8883180,0063 72 7005080,"BALCITA BLDG.,P. BURGOS ST.,CITY OF SAN FERNANDO,LA UION",2500,roger@sflu.com,,亚洲,B
SOL Y LUNA IMPORT-EXPORT.S.L.,西班牙,五金,JOHNNY RUAN,0034 91 6422712/696515597,0034,"C/.BEMBIBRE 4,LOCAL 53,CHINO CENTER COBO,CALLEJA,28497.FUENLABRADA MADRID",,johnyruan@hoatmail.com,,欧洲,A
SOBOND ASIA PACIFIC LIMITED,香港,五金,ELLA TSANG,00852 23111628/23019678/23019667,00852 27392963/25309400/23127613,"UNIT 901,9/F.,625 KING'S ROAD,NORTH POINT",,"ellatsang@sobond.com,gmeindl@sobond.com",,亚洲,C
SO CAL SUPPLY INC.,美国,五金,WAYNE MARZO,001 213-746-7779,001 213 746 7373,"3763 HLLL ST, LOS ANGELES, CA 90007",,socalla@yahoo.com,,北美洲,S
SNOW MILLIE IMPORT & EXPORT INC.,加拿大,五金,HAIDONG XU,001 905 9468473,001 905 9461312,"UNIT 209A,500 ALDEN RD.MARKHAM.ONT.",L3R 5H5,millie@snowmillie.com,,北美洲,S
Snelma TecStore,荷兰,五金,J.C. van der Velden,0031 23 5421532,0031 23 5421666,"Waarderweg 45, NL 2031 BN, Haarlem",,sales@snelma.com,,欧洲,A
SIY CHA HARDWARE CORP.,菲律宾,五金,JOSE H. SIY CHA,0063 64 2003226/4770032,0063 64 4770032,"18 ALUNAN DRIVE,TACURONG,SULTAN KUDARAT",,nonoy@siycha.com.ph,,亚洲,B
SIRO DESIGN,美国,五金,JUERGEN SIKORA,001 954-749-1155,001 954-578-1216,"10301 NW 50TH ST STE. 111, SUNRISE, FL 33351-8009",,,www.sirodesign.com,北美洲,S
SOIMEX S.A.IMPORT & EXPORT COMPANY,哥伦比亚,五金,JAIRO MAZO,0057 4 2550511/3155366520,0057 4 2554013,CALLE 6 NO.50-56 MEDELLIN,,soimex@epm.net.co,,南美洲,B
SOHAIL ASSOCIATES,巴基斯坦,五金,SOHAIL JAUAID,0092 91 271428/273931/3008591841,0092 91 273931,"SADDAR ROAD,PESHAWAR CANTT,PESHAWAR (25000) NWFP",,"sssj@brain.net.pk,sssj3@hotmail.com",,亚洲,C
SOGIMREC,阿尔及利亚,五金,BRAHIM HAFFAR,00213 21 861443,00213 21 861158,"70,AZUR ET MER NORD BORDJ EL-BAHRI ALGER",,sogimrec@cad-dz.com,WWW.CAD-DZ.COM,非洲,C
SOGETUB,摩洛哥,五金,AMINE BELAID,00212 2 442423/442424,00212 2 443060,"21,BIS,BOULEVARD DE LA GIRONDE-CASABLANCA",,sogetub@casanet.net.ma,,非洲,C
SOGEDESCA,法国,五金,M CHANTEPY JEAN MICHEL,0033 4 72408585,0033 4 72408597,"10 RUE GENERAL PLESSIER, 69235, LYON CEDEX 02",,,www.testours-cataut.com,欧洲,A
SOFRADIE,法国,五金,ABDOUL GAFOOR JOUSSA,0033 2 62422438,0033 2 62422898,"6,RUE CORRE LEONUS-Z.A.B.P 2017 97825 LE PORT CEDEX LA REUNION",,sofradie@wonadoo.fr,,欧洲,A
SOFRACOM INDUSTRIE,法国,五金,M GULLI ANTONIO ET BUF ERICK,0033 3 27252720,0033 3 27251452,"ROUTE DE BONSECOURS, 59163, CONDE SUR L ESCAUT",,,,欧洲,A
SOCOMAT,法国,五金,,0033 1 46581422,0033 1 46709375,"16 RUE PASTEUR, BP 30, 94271, LE KREMLIN BICETRE CEDEX",,socomat.scors@wanadoo.fr,,欧洲,A
SOCOMAL,法国,五金,M KOCH JEAN-CLAUDE,0033 3 88197676,0033 3 88197677,"11 RUE DE L ARTISANAT, BP 50, 67116, REICHSTETT",67116,service@socomal.fr,WWW.HARTMANN.COM,欧洲,A
Soerensens Toemmerhandel Aktieselskab,丹麦,五金,,0045 97 92 33 11,0045 97 92 69 11,"Tigervej 15, DK 7700, Thisted",,cst@post.tele.dk,,欧洲,A
"SOFALA COMERCIAL, LDA.",莫桑比克,五金,ASSANE BAHADUR,00258 3 325202/322869,00258 3 328676,"AV. MOUZINHO DE ALBUQUERQUE, 1954R/C BEIRA",,,,其他,C
SOEJIMA KANAMONO KK,日本,五金,"FURUKAWA, KIYOFUMI",0081 952 30 1120,0081 952 315150,"7-10, EKIMAECHUO 2-CHOME SAGA-SHI, SAGA 8400801",,,,亚洲,S
SOCOMENAL,法国,五金,M MEBS,0033 3 88789696,0033 3 88765527,"BP 51, 67038, STRASBOURG CEDEX 2",,socomenal.asimon@wanadoo.fr,,欧洲,A
"SOCOAL, SOCIEDADE COMERCIAL AFRICANA, LDA.",莫桑比克,五金,Mr. ABDALA,00258 1 421688/429176/311254/311255,00258 1 303301/476266,"AV.GUERRA POPULAR,NO 1157, P.O.BOX 2384,MAPUTO",,socoal@teledata.mz/sanareda@teledata.mz,,其他,C
Smith Bullough Ltd,英国,五金,A.B. Garton,0044 1942 876111,0044 1942 894234,"Victoria Works, Thomas Street, Atherton, GB M46 9TS, Manchester",,sales-sb@garton.co.uk,http://www.garton.co.uk,欧洲,S
SOCIETE RENNAISE DU MEUBLE,法国,五金,M POIRIER RENE,0033 2 99148155,0033 2 99147497,"LES LANDES D APIGNE, BP 2, 35651, LE RHEU CEDEX",,larennaise@wanadoo.fr,,欧洲,A
Socket Tool Company,爱尔兰,五金,Mr. Eugene Ward,00353 1 8725433,00353 1 8725195,"8 Queen Street, Dublin 7",,,,欧洲,A
SOCIETE TUNISIENNE DE QUINCAILLERIE,突尼斯,五金,SLIM KILANI,00216 1 386102,00216 1 380412/385154,"NOUVELLE ZONE INDUSTRIELLE - ROUTE DE SOUSSE KM 6,5 RUE DE LA PHYSIQUE - 2013 BEN AROUS",2013,,,非洲,C
SOCIETE INDUSTRIELLE DE LACANCHE,法国,五金,M GRULT,0033 3 80903520,0033 3 80842492,"RUE HUBERT COSTE, 21230, LACANCHE",,,WWW.LACANCHE.NET,欧洲,A
SOCIETE NOEL ROCH,法国,五金,M FILLON,0033 4 50970063,0033 4 50257503,"220 AVENUE DU FAUCIGNY, ZONE INDUSTRIELLE DES FOURMIS, 74130, BONNEVILLE",,noel.roch@wanadoo.fr,,欧洲,A
SOCIETE MUVO,法国,五金,M MULLER GILBERT,0033 3 87884774,0033 3 87858144,"11 RUE NATIONALE, BP 136, 57351, STIRING WENDEL",,muvo@wanadoo.fr,,欧洲,A
SOCIETE MONDIALE D'EQUIPEMENT,突尼斯,五金,JAMEL KCHAOU,00216 74403672/97360831,00216 74403673,"3,RUE AHMED SEKILI IMM.EZZOUHOUR 3000 SFAX",,besbes.sme@gnet.tn,,非洲,C
SOCIETE LASANTE SARL,贝宁,五金,YANG ZHENWEI,00229 301395/042252,00229 301395,"08 B.P.480 TRI POSTAL,COTONOU",,lasante@sohu.com,,其他,C
SOCIETE KINTANA,马达加斯加,五金,,00261 20 8221041,00261 20 8229419,"78,RUE COLBERT B.P.:400 DIEGO-SUAREZ 201",,zeinab@wanadoo.mg,,其他,C
SOCIETE COMETAL,马达加斯加,五金,LEONG KAI MARCEL,00261 20 2262664/2221767/331133888,00261 20 2221767,"5,RUE REFOTAKA ANALAKELY ANTANANARIVO BP 1601",,,,其他,C
SOCIETE CHAUSSON,法国,五金,M ASTRE MICHEL,0033 4 68311165,0033 4 68319063,"21 ROUTE DE CARCASSONNE, 11300, LIMOUX",,,WWW.CHAUSSON-MATERIAUX.FR,欧洲,A
SOCIETE ANJARY & CIE,马达加斯加,五金,M.GOULAMHOSSEN SAIFOUDINE,00261 20 2223462/2223406/331137271,00261 20 2228975/2223418,"89,ANGLE RUE DE LIEGE ET DESLYON TSARALALANA,ANTANANARIVO (B.P.791,ANTANANARIVO 101)",101,anjary@dts.mg,,其他,C
SOCIEDAD CENTRAL DE LA COLONIA CHINA DEL PERU,秘鲁,五金,LIC.ROMAN MIU WONG,0051 1 4464127,0051,"JR.PIURA NO.555,MIRAFLORES,LIMA 18",,rmiu@sni.org.pe,,南美洲,C
SOCEVE,意大利,五金,DANIELE DALL'EST,0039 0423 946243/3355654632,0039 0423 949479,"VIA ACQUE,9/4-31020 SAN ZENONE DEGLI EZZELINI(TV)",,import@soceve.com,,欧洲,A
"SOC. COMERCIALIZACAO DE FERRAMENTAS,LDA.",葡萄牙,五金,A. HABIB,00351 214 269690,00351 214 269699,"CENTRO EMPRESARIAL CACEM/PACO DE ARCOS,PAVILHAO I",,lusofer@mail.telepac.pt,,欧洲,A
SOC DE FABRIC D ELEMENTS DE CUISINE,法国,五金,M BONNIN SERGE,0033 5 46276290,0033 5 46276299,"RUE FOUR BANAL, BP 9 LES BUGAUDIERES, 17700, SAINT GERMAIN DE MARENCENNES",,,WWW.DEISSA.COM,欧洲,A
SNC EL FALAH,阿尔及利亚,五金,AIT MAHFOUD & CIE,00213 21 505201/872569/61522923,00213,SNTP NO 20 EL-HAMIZ ALGER,19000,,,非洲,C
Snapfast,英国,五金,,0044 191 482 4075,0044 191 491 1799,"Unit 1& 2, Park Court, 9th Avenu, East, Team Valley Trading Estate, GB NE11 0E, Gateshead",,snapfast@natlineuk.net,,欧洲,S
SN MUSITELLI,法国,五金,,0033 3 44267411,0033 3 44267795,"151 GRANDE RUE, 60530, CROUY EN THELLE",,contact@musitelli.fr,,欧洲,A
SN METISOL,法国,五金,,0033 3 29259125,0033 3 29252966,"24 RUE DE LA COURBE, 88160, LE THILLOT",,,,欧洲,A
SN MERAL SA,法国,五金,M DEMYNCK,0033 2 43462122,0033 2 43462276,"ROUTE DE SARCE, BP 4, 72800, AUBIGNE RACAN",,meralaubigne@wanadoo.fr,,欧洲,A
SN GIBRAT,法国,五金,M PARRADO FRANCOIS,0033 4 67370059,0033 4 67371456,"CHEMIN DE LA MOULINE, BP 10, 34440, NISSAN LEZ ENSERUNE",,guy.parper@gibrat.fr,WWW.COMMERCIAL.GIBRAT.FR,欧洲,A
SMSD TRADER,巴基斯坦,五金,MR.QAISER SALEEM,0092 42 6367754,0092 42 6373852,"69 SADIQ PLAZA.THE MALL,LAHORE",54000,qs112@hotmail.com,,亚洲,C
SMITH PRECISION MACHINING PTE LTD,新加坡,五金,LEONG CHU,0065 67493266/69626329,0065 67417118,BLOCK 3005 UBI AVE 3 #02-52,408861,smithmpl@cyberway.com.sg,,亚洲,A
Smith & Bull AS,挪威,五金,LOE,0047 32 10 31 90,0047 32 13 56 25,"Frok Gard, Norderhov, 3512 Honefoss",,skinnlaaven@ringnett.no,http://www.skinnlaaven.no,欧洲,A
SMIT TRANSFORMER SALES,美国,五金,LEONARD GHILANI,001 843-871-3434,001 843 8772604,"100 MORGAN PL STE. 3A, SUMMERVILLE, SC 29485-8106",,,www.smitusa.com,北美洲,S
Smidt en Birza BV,荷兰,五金,G.J. Postmus,0031 50 5714128,0031 50 5771270,"Tuinbouwstraat 47, NL 9717 JB, Groningen",,,,欧洲,A
SMCI LTD,毛里求斯,五金,,00230 2123468,00230 2088416,"GROUND FLOOR LABAMA HOUSE,SIN W NEWTON ST. PORT-LOUIS(PO BOX 549)",,chinyan@bon.intnet.mu,,其他,C
SMC Pneumatics (Hong Kong) Ltd,香港,五金,BILLY S.WONG,00852 27440121/27468815,00852 27851314,九龙长沙湾 长沙湾道778-784号 香港中心29楼,,smchk@smchk.com.hk,http://www.smchk.com.hk,亚洲,C
SMB TRADING L.L.C.,阿拉伯联合酋长国,五金,JUZER ALI,00971 4 2243320/506455207,00971 4 2243307,"P.O.BOX 8345,DUBAI",,alanwarj@emirates.net.ae,,亚洲,B
SMARTECH INVESTMENT LTD.,香港,五金,HENRY TAI,00852 27702287,00852 27700035,"RM.1013,CENTURY CENTRE,44 HUNG TO ROAD,KOWLOON",,bonit@pacific.net.hk,,亚洲,C
SM Produkter AS,挪威,五金,,0047 33 77 79 99,0047 33 77 79 91,"Revaeveien 35, NO 3071, Sande i Vestfold",,sm-produkter@c21.net,,欧洲,A
SLS IRON WORKS ENGINEERING SDN BHD,马来西亚,五金,SIAH CHIN SENG,0060 6 9869679,0060 6 9869679/9869966,"TIANG LAMPU 10,(JAMBATAN BESI JERAM)BAKRI,84000 MUAR,JOHOR,",84000,,,亚洲,B
SLIP SEAL CO.,美国,五金,B.PHYLLIS MILLER,001 562 5978431,001 562 4945042,"P.O. BOX 4266,LONG BEACH,CA",CA 90804,,,北美洲,S
Slemcka (D M S) Ltd,英国,五金,K. J. Bates,0044 121 565 0110,0044 121 565 7500,"Anne Road, Smethwick, GB B66 2PJ, Smethwick",,,WWW.PORTABLE-FRIDGE.COM,欧洲,S
SLEEK INTERNATIONAL,印度,五金,T.T. AHUJA,0091 250 391905/390677,0091 250 391901,"7,KAMDAR INDUSTRIAL ESTATE,NAVGHAR,VASAI ROAD(E),DIST.THANE",401210,sleek@bom7.vsnl.net.in,,亚洲,C
"S-L MARKETING SPECIALISTS, INC.",美国,五金,Fred Schultz,001 973 4720382,001 973 4724304,"915 Clifton Ave.,Clifton,NJ",NJ 07013,,WWW.SLMARKETING.COM,北美洲,S
"SKYSUN,S.L.",西班牙,五金,H.H.TSENG(CHUN),0034 93 3634037/696138327,0034 93 3634038,"C/.MARQUES DE SENTMENAT,43-45 SOTANO 08029 BARCELONA",,,,欧洲,A
Skyltmakaren,瑞典,五金,Mr Hans Olsson,0046 340 10042,0046 340 10442,"Box 91 (Oe. Hamnvaegen), S-432 22 Varberg",,,,欧洲,A
"SKYLIGHT & SUN, INC.",美国,五金,RICHARD B. NAGLER,001 510 8412323,001 510 8412363,"2019 BLAKE STREET,BERKELEY,,CA",CA 94704,skylight@aol.com,WWW.SKYLIGHTS.COM,北美洲,S
SKY WORTH TRADING CO.LTD.,巴基斯坦,五金,CH.ASHFAQ AHMED,0092 42 7657540/3334268756,0092 42 7632889,AZEEM MARKET 10-NISHTAR ROAD LAHORE,,sky_worth@hotmail.com,,亚洲,C
SKY RISE INDUSTRIES LIMITED,香港,五金,TONY CHAN,00852 23050811/27962368,00852 23181598,"UNIT8-9,10/F.,KINGSFORD INDUSTRIAL CENTRE,13 WANG HOI ROAD,KOWLOON BAY",,chanton@skyrise.com.hk,,亚洲,C
SKY LUCKY MATAL LTD.,香港,五金,LI SIU CHEUNG,00852 23428236,00852 23435101,"RM.B-C,5/F.,INFOTECH CENTRE,21,HUNG TO RD.,KWUN TONG,KLN.",,skylucky@netvigator.com,,亚洲,C
SKY LINE SALES,美国,五金,James Sherwin,001 303 3664388,001 303 3408900,"132 Del Mar Cir.,Aurora,CO",CO 80041,,,北美洲,S
Skeppshandeln AB,瑞典,五金,,0046 660 29 44 90,0046 660 29 44 99,"Strandg 13, SE 89124, ornskoldsvik",,skeppshandeln@skeppshandeln.com,WWW.SKEPPSHANDELN.COM,欧洲,A
"SKULTHAI CO.,LTD",泰国,五金,CHITRA TANCHAWAL,0066 2 8817151/4330100-7,0066 2 4330108/4335483,"620 BOROMRATCHONNANEE ROAD,BANGPLAD,BANGKOK 10700",,skulthai@ksc15.th.com,,亚洲,B
SKT SMAEIL KARIMI TRD.CO.,伊朗,五金,M.AMIN ESMAEILI,0098 711 8307664,0098 711 8202278,"AMIR KABIR BLVD.,OPP.ICE FACTORY,SHIRAZ",71757-14119,sktir@yahoo.com,,亚洲,C
Skotz Manufacturing Inc,美国,五金,Scott Moulder,001 610 415 0800,001 856 845 1713,"200 Lincoln Ave # 215 Phoenixville, PA 19460-3584",,,WWW.MAGNEROD.COM,北美洲,S
SKILLBUILDER SPORTS NETS,美国,五金,LORI MANNING,001 918 2589987/8005804314,001 918 3557412,"809 B,15 ST,BROKEN ARROW,",OK 74012,info@skillbuilder.com;info@skillbuilder.com,WWW.SKILLBUILDER.COM,北美洲,S
SKILFUL ENGINEERING LTD,香港,五金,HANWIL LEE,00852 29591699/93001798,00852 29593737,"UNIT 301,FASHION CENTRE,51-53 WING HONG STREET,CHEUNG SHA WAN,KOWLOON",,hanwil@skilful.com.hk,,亚洲,C
SKI TRADE & HOLDINGS PVT.LTD.,印度,五金,RAJESH RUMAR,0091 33 2106522/2488470/9830021829,0091 33 2106474,"9,MANGOE LANE,ROOM NO.1 4TH FLOOR,CALCUTTA",700001,skcl@cal.vsnl.net.in,,亚洲,C
SKE,德国,五金,SHALABY KHALIL,0049 7141 688348/688349/172 9140461,0049 7141 660213,LINDENWEG 16 D-71679 ASPERG,,s-khalil-export@t-online.de,,欧洲,S
SK TECHNOLOGY INC.,美国,五金,,001 937-836-3535,001 937-832-8898,"200 METRO DR, CLAYTON, OH 45315-8700",,,,北美洲,S
Sjobergs Flagg & Specialsomnad AB,瑞典,五金,,0046 40 96 90 45,0046 40 856 09,"Finlandsg 20, SE 21432, Malmo",,info@sjobergs.com,www.sjobergs.com,欧洲,A
Skauan A/S,挪威,五金,,0047 67 10 33 40,0047 67 10 33 44,"Arnstein Arnebergsvei 30, NO 1366, Lysaker",,info@boomedan.no,www.boomedan.com,欧洲,A
Skanebeslag AB,瑞典,五金,,0046 40 43 01 80,0046 40 43 01 81,"Santessons vag 24, 23291 Arlov",,office@skanebeslag.se,http://www.skanebeslag.se,欧洲,A
Skandinaviska Pack System AB,瑞典,五金,,0046 8 544 441 30,0046 8 544 441 39,"Reprov 6, SE 18377, Taby",,info@spsab.se,www.spsab.se,欧洲,A
SKANACID A/S,丹麦,五金,P.M. RASMUSSEN,0045 33 13 13 30,0045 33 13 13 09,"BREDGADE 32,DK-1260 COPENHAGEN K",,,,欧洲,A
SIO VASUNDHARA INTERNATIONAL PVT.LTD.,印度,五金,VIRENDRA SIOTIA,0091 11 3232219,0091 11 3238936,"1ST.FLOOR,410 SITA RAM BAZAR, HAUZ QAZI CHOWK,DELHI 110006",110006,sio@del2.vsnl.net.in,,亚洲,C
SIO VASUNDHARA INTERNATIONAL PVT. LTD.,印度,五金,MS.MEENAKSHI SIOTIA,0091 11 23232219/23231083,0091 11 23238936,"1ST FLOOR,410 SITARAM BAZAAR,HAVZ QAZI CHONK,DELHI",110006,sio@vsnl.com,WWW.SIOLOCKS.COM,亚洲,C
SITASA,西班牙,五金,,0034 92 523 22 00,0034 92 523 21 47,"Jarama, 38, E 45007, Toledo",,,,欧洲,A
SISTEM MAKINA MUHENDISLIK VE IMALAT,土耳其,五金,YAKUP KADRI GULBAZ,0090 216 5277528/532 4450293,0090 216 5277527,DUDULLU DES SAN.SIT.110 SK.D 18 BLOK NO:8 YUKARI DUDULLU UMRANIYE/IST.,,,,亚洲,B
SIRITANAPAT,泰国,五金,TANASIT KANOKPREECHAVUT,0066 2 4385559/4383333/16599456,0066 2 8620388,"249 CHAROENRAT RD., KLONGSAN, BANGKOK",10600,jairisi@hotmail.com,,亚洲,B
"Siquar, Inc.",美国,五金,Frank Pan,001 562-926-9999,001 562-926-9059,"13042 Moore St., Cerritos, CA 90703-2226, USA",,,WWW.SIQUAR.COM,北美洲,S
SIPE WHOLESALE CO,美国,五金,,001 828 6324881,001 828 6324881,"STATESVILLE HIGHWAY,TAYLORSVILLE,NC",NC 28681,,,北美洲,S
"SINWATTANA HITECH DECORATE CO.,LTD.",泰国,五金,MR.PRASERT SINWATANAKUL,0066 45 255996/241428/16000567,0066 45 240700,"7 PHADANG RD.,AMPHUR MUANG,UBON PROVINCE",34000,,,亚洲,B
SINUS VERTRIEBS GMBH,德国,五金,MR NEUBERG,0049 7174 82020,0049 7174 820230/820250,"ZIEGELFELDSTRASSE 65,D-73563 MOEGGLINGEN,GERMANY",,info@sinus-int.com,,欧洲,S
SINTIANTY SDN. BHD.,马来西亚,五金,陈健福,0060 85 659888/663399/198548578,0060 85 659688,"LOT 615,BATU SATU,LUTONG KUALA BARAM ROAD,C.D.T.252,98009 MIRI,SARAWAK",,,,亚洲,B
SINSANTRAC SDN.BHD.,马来西亚,五金,LO AH YEE,0060 89 668011/219954/198330155,0060 89 668033,"LOT 16,MEGAH LIGHT INDUSTRIAL ESTATE,MILE 7,LABUK ROAD,PPM 101 ELOPURA,SANDAKAN,SABAH",90000,,,亚洲,B
SINPLE TRADING INTERNATIONAL PTY LTD,澳大利亚,五金,JANSEN,0061 3 95126687/411514881,0061,"13 CHARLTON ST.,SPRINGVALE,VICTORIA",3171,jansenyjchan@yahoo.com.au/jansenchan299@hotmail.com,,大洋洲,S
"SINPHATANA IMPORT & EXPORT LTD.,PART",泰国,五金,MAYNREE,0066 2 6216788,0066 2 2248213,"6-8 YUKOL 2 RD. TEPSIRIN,POMPARB,BANGKOK 10100",,sinphat8@clickta.com,,亚洲,B
SINPAIBOON AND SONG COMPANY LIMITED,泰国,五金,POLAWAT BOONPRASURTKUL,0066 2 2700842/2700843,0066 2 2714934,"694/28-29 OPP.WATPHAITAN PHAHOLYOTHIN ROAD,SAPAMQUIRE BANGKOK",10400,sophon_b@hotmail.com,,亚洲,B
SINOWELL PRODUCTS LIMITED(HONG KONG & GUANGZHOU),香港,五金,ALAN GEORGE,00852 28817047,00852 28825295,"ROOM A,2/F.,CAUSEWAY BAY MANSION,42-48 PATERSON STREET,CAUSEWAY BAY",,fab@netvigator.com,WWW.AXCESSWORLD.COM,亚洲,C
SINOSTAR CHEMICALS (PTE) LTD,新加坡,五金,DEAN ZHANG,0065 65676116/94886728,0065 65673358,2 BALESTIER ROAD #04-697 BALESTIER HILL SHOPPING CENTRE,320002,zxh2003@singnet.com.sg,,亚洲,A
SINGH AUTO INDUSTRIES,印度,五金,NARENDRA SINGH,0091 120 2674248/9810106480,0091,"8-A,ANAND INDUSTRIAL ESTATE,MOHAN NAGAR,GHAZIABAD",201007,,,亚洲,C
"SINGGY KING PET CO.,LTD.",台湾省,五金,L. C. CHJANG,00886 2 27393669/27710515,00886 2 27393198,"9F,NO 126-21 SEC. 4,CHUNG HSIAO EAST ROAD,TAIPEI",,jedi@singgy.com.tw,,亚洲,C
SINGGAH MAKMUR SDN.BHD.,马来西亚,五金,LAI TAI KONG,0060 89 714103/198030472,0060 89 714103,"TB 7121,TAMAN LILY,JALAN SIN ONN,TAWAU,SABAH",91000,laitaikong@hotmail.com,,亚洲,B
"SINOMYA INTERNATIONAL,CO.,LTD.",台湾省,五金,CHIU WU LIANG,00886 6 3557800,00886 6 3551723,"NO.48-2,LANE 276,AN HO ROAD,SECTION 5,TAINAN CITY(709)",,,,亚洲,C
SINO EXCEL LTD.,香港,五金,唐小姐,00852 24191686/98658169,00852 24810282,"FLAT A-B,14/F.,BLK.A,MARVEL IND.BLDG.,25-31 KWAI FUNG CRESCENT,KWAI CHUNG,N.T.",,sinoexcl@netvigator.com,,亚洲,C
SINO EGYPT TRADING CO.LTD,埃及,五金,MOUSSA EL GAZAR,0020 2 2741747/6707488/101602129,0020 2 6707488,"14 MOHAMED ZAKI MOUNIR ST.,MAKRAM EBID,NASR CITY",,sinoegypt@link.net,,非洲,C
SINO CROWN ENTERPRISES LTD.,香港,五金,STEPHANIE CHIU,00852 23887298,00852 27803724,"RM.2601-2,NEW TREASURE CENTRE,10 NG FONG STREET,SAN PO KONG,KOWLOON",,schiu@sinocrownent.com.hk,,亚洲,C
SING HENG INDUSTRIAL SUPPLIES PTE LTD,新加坡,五金,JAMES SIN K N,0065 62611155/96781931/96613033,0065 62688486,BLK 25 PIONEER ROAD NORTH #01-123,628469,"prelink@singnet.com.sg,seet@shis.com.sg",,亚洲,A
SING BROTHERS HARDWARE PTE LTD,新加坡,五金,HOH SIN LIEN,0065 62969262/67419906,0065 67474110/62913746,200 JALAN SULTAN #02-09 TEXTILE CENTRE,199018,sbhardware@pacific.net.sg,,亚洲,A
"SINO-JAPAN ELECTRIC HEATER CO.,LTD.(HONG KONG BRANCH)",香港,五金,Mr. TONY FUNG,00852 28082862/28082864/91927039,00852 25778239,"SUITE 3,9/F,TOWER 5,CHINA HONG KONG CITY,33 CANTON RD.,TST,KLN.",,tony@sjh.com.hk,WWW.STH.COM.KW,亚洲,C
SINO-BELGIAN COMMUNICATION & MANAGEMENT CONSULTING,比利时,五金,MARIE VERMEIRE,0032 486807475,0032,AV.WINSTON CHURCHILL 200/4 BRUSSELS,1180,marie.vermeire@brutele.be,,欧洲,A
SINO LEGEND ASIA LTD,香港,五金,MR.JACK LEE,00852 27972997/96370803,00852 25484055,"ROOM 501,LEMMI CENTRE,50,HOI YUEN ROAD,KWUN TONG,KOWLOON",,sinolegend@hotmail.com,,亚洲,C
"SINO FIELD INTERNATIONAL (HK) CO., LTD.",香港,五金,Mr. DENNIS,00852 28967689,00852 28970485/28971937,"RM.1503, HONOUR IND'L.CTR., 6 SUN YIP ST., CHAI WAN",,sinohkco@netvigator.com,,亚洲,C
SINNO TRADING CO.,黎巴嫩,五金,MOHAMMED A.K.SINNO,00961 1 795795/865065/3882777,00961 1 868558,"SAKIAT ALJANZIR,MASHNOOK STR.,SINNO BLDG.,BEIRUT(P.O.BOX:11-583)",,sinnotc@cyberia.net.lb,,亚洲,C
SINIS S.R.L.,阿根廷,五金,MARTIN PARERA,0054 11 46624389,0054 11 46624389,GRAL. RODRIGUEZ 997- HURLINGHAM(1686) BUENOS AIRES,,martin@leiten.com.ar,,南美洲,B
SINIC ENTERPRISES CORPORATION,台湾省,五金,MARCUS LEE,00886 2 27004270/27034442/27004270,00886 2 27031830,"11F-3,NO.137 HSIN YI ROAD SEC.4,TAIPEI",106,sinic@ms16.hinet.net,,亚洲,C
"SINGLE-TREE ART INDUSTRY CO.,LTD.",台湾省,五金,林光辉,00886 4 24750100,00886 4 24725067,台中市南屯区文心南三路536号,,,WWW.SINGLE-TREE.COM.TW,亚洲,C
SIN TIONG LEE TRADING CO.,马来西亚,五金,SIA TIEW KEE,0060 84 326524,0060 84 326524,"NO.12,LANE 1,TAMAN PEARL BERJAYA ROAD,96000 SIBU,SARAWAK",96000,,,亚洲,B
SINGAPORE CURTAIN & CARPET (PTE) LTD.,新加坡,五金,"DOMINIC,ONG KUOK CHEN",0065 62861848/98355416,0065 62865313,"58,DEFU LANE 1",539498,scncpl@mbox4.singnet.com.sg,,亚洲,A
"SING SANGUAN & SONS CO.,LTD.",泰国,五金,SURA R.KITTRAKOOL,0066 2 8888944,0066 2 8888915,"239 MOO 1 SOI 10,RASBURANA RD.,RASBURANA,BANGKOK",10140,sura@singsanguan.co.th,,亚洲,B
SING NING (S) TRADING ENTERPRISE,新加坡,五金,LIM CHOKE YEE,0065 63446083/64405051,0065 63456898,275 JOO CHIAT ROAD,427529,,,亚洲,A
Sing Huat Hardware & Machinery Pte Ltd,新加坡,五金,Yip Choong Cheong,0065 62936861,0065 62963274,"Office:327/329,Jalan Besar, 208981, Singapore",,singhuat@singnet.com.sg,http://www.singhuat.com,亚洲,A
SING HUA FU HARDWARE SDN.BHD,马来西亚,五金,TING HUA YEW,0060 84 321496/321502/168883353,0060 84 326767/324400,"NO 19-21,CHENGAL ROAD,(OFF LANANG ROAD) (P.O.BOX 1676,SIBU,SARAWAK)",96008,huasing@tm.net.my/roland8@hotmail.com,,亚洲,B
Sincotron AS,挪威,五金,,0047 67 11 25 25,0047 67 11 25 20,"Veritasveien 2, NO 1323, Hoevik",,office@sincotron.no,www.sincotron.no,欧洲,A
SINAR KENCANA,印度尼西亚,五金,MR.HARTONO,0062 21 5668880/5647557/811826662,0062 21 5645759/5647557,TUBAGUS ANGKE NO 36-36A JAKARTA,,liong-62@centrin.net.id,,亚洲,B
SINCERE TWINS HARDWARE SDN.BHD.,马来西亚,五金,FOO FOOK MENG,0060 4 2268326/194118173,0060 4 2268327,"20,KINTA LANE,10400,PENANG",,,,亚洲,B
SINAR HARAPAN SDN.BHD.,马来西亚,五金,CHOOK YEOW SING,0060 3 62507196/62507197,0060 3 62507194,"NO.651-2,BATU 4,JALAN IPOH,KUALA LUMPUR",51200,,WWW.SINARHARAPAN.COM.MY,亚洲,B
SINAR BARU,印度尼西亚,五金,SUWANTO,0062 21 6254825/6254976,0062 21 6254976,JL.PINANGSIA TIMUR NO.22B(SIMPANG JL.PINANGSIA I)JAKARTA,,,,亚洲,B
Sin Hong Hock Hardware Co.,新加坡,五金,,0065 67478191,0065 67478192,"31,Kaki Bukit Ind.Terrace, 416111, Singapore",,shtech@singnet.com.sg,,亚洲,A
SIN HONG HARDWARE PTE.LTD.,新加坡,五金,VINCENT TEO TECK LEONG,0065 62940711,0065 62940827,"NO.11 SYED ALWI ROAD,#03-04/#01-06 TECK HENG LONG INDUSTRIAL BUILDING",207629,vincent@sinhong.com.sg,,亚洲,A
SIN HONG HARDWARE PTE. LTD.,新加坡,五金,Mr. TEO TECK LEONG,0065 62972088,0065 62968244,42 SYED ALWI ROAD 207633,207633,sinhong@singnet.com.sg,,亚洲,A
SIN HOCK SOON TRANSPORT SDN.BHD.,马来西亚,五金,YEW POH AIK (TONY),0060 4 4588169/4580689/123837299,0060 4 4580693,"LOT 215,MUKIM SEMELING,SG.TOK PAWANG,BATU 1,BEDONG,KEDAH.",08100,,,亚洲,B
SIN HIAP LEE FURNITURE IMPORT EXPORT,新加坡,五金,KENNY KOH KOK PENG,0065 63665288/63665388,0065 63666645,"74,SUNGEI KADUT LOOP",729513,,,亚洲,A
SIN HARP ENTERPRISE SDN.BHD.,马来西亚,五金,POON AH ONN,0060 5 5063388/5063644/125183388,0060 5 5060780,"NO.17,LALUAN KANGSAR 4,JALAN KUALA KANGSAR,IPOH,PERAK DARUL RIDZUAN",30010,sinharp@tm.net.my,,亚洲,B
SIN GUAN TAI CO,马来西亚,五金,KUEH NAI KHIANG,0060 82 797199/797386/198891948,0060 82 797250,LOT 58 KAYAN LAND DISTRICT TEBEDU SERIAN SARAWAK,,,,亚洲,B
Sin Ghee Huat Metals(S)Pte Ltd,新加坡,五金,Kua Chee Meng,0065 63981118,0065 63981119,"Office:32,Penhas Road #01-01, 208191, Singapore",,sghmpl@cyberway.com.sg,,亚洲,A
SIN FAI LAM LTD IMPORTS & EXPORTS,毛里求斯,五金,LIN RUI XIANG,00230 2421703,00230 2422071,27.CORDERIE ST P.O.BOX 1155 PORT-LOUIS,,,,其他,C
SIN SIN TRADING CO.,马来西亚,五金,SIA CHOW HOCK,0060 7 3535424/3535443/127599317,0060 7 3535443,"106,JALAN SEROJA 39,TAMAN JOHOR JAYA,JOHOR BAHRU,JOHOR",81100,sinsinjb@pd.jaring.my,,亚洲,B
SIN SIM LONG HARDWARE TRADING SDN.BHD.,马来西亚,五金,TIONG TONG HU,0060 9 2986988/2987298/199881298,0060 9 2987088,"NO.31,BATU 9,JALAN MARAN,KG.AWAH,TEMERLUH,PAHANG D.M.",28030,,,亚洲,B
SIN SAN HOE SDN.BHD.,马来西亚,五金,LIM CHIN POH,0060 6 3355304/3351241/196551887,0060 6 3356443,"NO.6,JALAN ABADI 2,TAMAN MALIM JAYA,MELAKA",75250,sinsanhoe@pd.jaring.my,,亚洲,B
SIN POH JOO HARDWARE PTE.LTD.,新加坡,五金,LIM BENG,0065 7475177/7430959,0065 7431489,"NO.5 LORONG BAKAR BATU,#01-05 MACPHERSON INDUSTRIAL COMPLEX",348742,,,亚洲,A
SIN YONG GUAN INDUSTRIES SDN. BHD.,马来西亚,五金,JOHNSON PHOON,0060 5 5267239/5267231,0060 5 5268497,"8,SOLOK RISHAH 2,KAWASAN PERINDUSTRIAN SILIBIN,IPOH,PERAK",30100,syg@syg53.com,WWW.SYG53.COM,亚洲,B
SIN LIM (M) SDN.BHD.,马来西亚,五金,TAN CHEE AUN,0060 4 6597808/124287687,0060 4 6597809,"23&25,JALAN HELANG,DESA PERMAI INDAH,OFF SUNGAI DUA,11700 PENANG",,sinlim@po.jaring.my,,亚洲,B
SIN LIAN PAN ENGINEERING TRADING COMPANY,马来西亚,五金,STEVEN TAN KING UNN,0060 82 250848/19 8883194,0060 82 250848,"NO.316,317,LORONG 11A,JALAN ANG CHENG HO,93100 KUCHING,SARAWAK",,,,亚洲,B
SIN LEN HUP HARDWARE SDN. BHD.,马来西亚,五金,C. H. POH,0060 3 5759633/5759487/193122705,0060 3 5759866,"2,JALAN TPK 1/9,SEKSYEN 1,TAMAN PERINDUSTRIAN KINRARA,PUCHONG,47100 KUALA LUMPUR",,,,亚洲,B
SIN LEAN HONG CROCKERY SDN. BHD.,马来西亚,五金,TUNG WAH PONG,0060 4 3991649,0060 4 3983428,"NO.2583,LORONG PERUSAHAAN BARU 5,PRAI INDUSTRIAL ESTATE,13700 PERAI,PENANG",,,,亚洲,B
SIN KHIN SIONG,马来西亚,五金,PHANG BOO LAK,0060 82 242955/246584,0060 82 415290,"NO.17,JALAN COURT HOUSE,KUCHING,SARAWAK ,P.O.BOX 2445",,,,亚洲,B
SIN KANG LIAN HARDWARE CO.,新加坡,五金,许天赐,0065 62613122,0065 62655046,"27A JURONG PORT ROAD,BLOCK 2 #01-51",619101,,,亚洲,A
"SIN CHIANG TOOL JAOWARAJ CO.,LTD.",泰国,五金,SURIN LAOHASUVATTANAKUL,0066 2 2239351/2216335/15582142,0066 2 2237851,"131 YAOWARAJ ROAD,NEAR WATTUK BANGKOK",10100,wattanaimp@yahoo.com,,亚洲,B
"SIN CHIANG BANGKOK (1982) CO., LTD.",泰国,五金,BOONSIRI LAOHASUVATTANAKUL,0066 2 2221849/2217052/2239360/2226670,0066 2 2257232,"129 JAWARAJ ROAD, BANGKOK 1",,,,亚洲,B
SIMPSON STRONG-TIE,英国,五金,Simpson Strong-Tie,0044 1827 255 600,0044 1827 255 616,"Winchester Road, Cardinal Point,Tamworth, Staffordshire B78 3HG",,web-uk@strongtie.com,www.strongtie.com,欧洲,S
Simpson Springs & Pressings Ltd,英国,五金,Mrs Lesley M. N. Simpson,0044 118 978 6573,0044 118 989 4434,"Unit 1, Latimer Road Industrial Estate,Latimer Road,Wokingham,Berkshire RG41 2YD",,simpson.springs@btinternet.com,http://www.simpsonsprings.co.uk,欧洲,S
SIMPSON STRONG-TIE,英国,五金,Simpson Strong-Tie,0044 1827 255 600,0044 1827 255 616,"Winchester Road, Cardinal Point,Tamworth, Staffordshire B78 3HG",,web-uk@strongtie.com,www.strongtie.com,欧洲,S
Simpson Springs & Pressings Ltd,英国,五金,Mrs Lesley M. N. Simpson,0044 118 978 6573,0044 118 989 4434,"Unit 1, Latimer Road Industrial Estate,Latimer Road,Wokingham,Berkshire RG41 2YD",,simpson.springs@btinternet.com,http://www.simpsonsprings.co.uk,欧洲,S
Simonsen,挪威,五金,,0047 22 89 74 10,0047 23050601,"Staelfjaera 12, NO 0975, Oslo",,bws@newmedia.no,WWW.ACVR.NO,欧洲,A
"SIMON'S HARDWARE & BATH, INC.",美国,五金,WALTER RESS,001 212 532 9220,001 212 7253609,"421, THIRD AVENUE, NEW YORK, NY 10016-8151",,wress@simons-hardware.com,WWW.SIMONS-HARDWARE.COM,北美洲,S
SIMMONS INTERNATIONAL LTD.,台湾省,五金,,00886 2 25419941,00886 2 25613972,"RM.1002,10FL.,NO.61,CHUNG SHANN RD.",,sil@simmons.com.tw,WWW.SIMMONS.COM.TW,亚洲,C
SIMONDS INTERNATIONAL INC,美国,五金,RAY MARTINO,001 978-343-3731,001 978-424-2213/978 424 2217,"135 Intervale Rd., P.O. Box 500, Fitchburg, MA 01420-6519, USA",,,HTTP://WWW.SIMONDSINTERNATIONAL.COM;WWW.SIMONDSINT.COM,北美洲,S
Simon Curley Ltd,爱尔兰,五金,Mrs Una Curley,00353 1 2889206,00353 1 4980280,"20 Greenfield Road, Mount Merrion",,,,欧洲,A
SIM CHOW TRADING,马来西亚,五金,Y. T. WONG,0060 6 7616728,0060 6 7616728,"1511,(GROUND FLOOR),JALAN RASAH,SEREMBAN,NEGERI SEMBILAN",70300,,,亚洲,B
SIMEX ITALIA SRL,意大利,五金,ARNALDO MALFATTO,0039 0141 430400,0039 0141 598330,"VIA GOVONE, 8 14100 ASTI",,simex@atlink.it,www.atlink.it/simex,欧洲,A
Simbles of Watford,英国,五金,A. Adams,0044 1923 21 20 22,0044 1923 817526,"The Broadway, 76 Queens Road, GB WD17 2L, Watford",,enquiries@simbles.com,http://www.simbles.com,欧洲,S
Sim Seng Hin Sawmill Co.Pte Ltd,新加坡,五金,George H.S.Lim,0065 62983500/96601379,0065 62985560,"123,KITCHENER ROAD",208512,sshmill@singnet.com.sg,WWW.SIMSENGHIN.COM,亚洲,A
SIM REPRESENTATION,巴拉圭,五金,HARISH CHAINANI,00595 45 5287302/00595 973 527220,00595 45 5287302,"EDIF.OMMI CENTER,OFICINA 3C,AVDA.ADRIAN JARA Y CARLOS A.LOPEZ CIUDAD DEL ESTE",,,,南美洲,C
SILVERTECH INDUSTRIAL TRADING,新加坡,五金,PETER CHEW C.P.,0065 68629118,0065 68984059,"NO. 29,TUAS AVENUE 11,639089",,skyap2@hotmail.com,,亚洲,A
SILVERSMITH INDUSTRIAL CO.,香港,五金,,00852 26994301/26994203,00852 26997301,"UNIT 19,8/F.,BLK.B,WAH SANG IND.BUILDING,14-18 WONG CHUK YEUNG ST.,FO TAN,SHATIN,N.T.",,silversmith@hkguy.com,,亚洲,C
SILVERFOX TRADING INT'L.,菲律宾,五金,JOSE PASCUAL,0063 2 897 4435/563 5594,0063 2 5629041,"P.O. BOX 8169, D.V.A.,1200 MAKATI CITY, METRO MANILA",,,,亚洲,B
SILVER TOP TRADING,阿拉伯联合酋长国,五金,SANJAY TILOKANI,00971 4 2252621/2268927/506244205,00971 4 2255739,DUBAI(P.O. BOX 27962),,silvertp@emirates.net.ae,,亚洲,B
SILVER ROSE GENERAL TRADING (L.L.C.),阿拉伯联合酋长国,五金,AMIR M.YAZDANI,00971 4 2279263/506246360,00971 4 2274312,"NO.102,GARGASH CENTRE,BANI YAS SQ.P.O.BOX:28864,DUBAI",,silverdb@emirates.net.ae/silverrosedxb@yahoo.com,,亚洲,B
SILVER MUSEUM,沙特阿拉伯,五金,MAHMOOD ABDUL BASIT,00966 3 8944717,00966 3 8980456,P.O.BOX 31769,31952,silvermu925@yahoo.com,,亚洲,B
SIEW KIM HUY,泰国,五金,Miss. NOPPARAT THAMTHAMWEECHOKE,0066 2 2243497,0066 2 2257516,"5 MAHAJAK RD., SAMPANTAWONG,BANGKOK",10100,thamthawee@hotmail.com,,亚洲,B
Sill Lighting UK,英国,五金,BOHANNON,0044 1844 260006,0044 1844 260006,"Thame Park Business Centre, 3, Wenman Road, GB OX9 3XA, Thame",,,www.sill-uk.com,欧洲,S
SILK ROAD INTERNATIONAL RESOURCES LTD.(PHILIPPINE OFFICE),菲律宾,五金,NIXON M.JUAN,0063 2 8518977,0063 2 8339224,"22 SOUTH BAYVIEW,PARANAQUE,METRO MANILA",,,,亚洲,B
Silac,挪威,五金,,0047 66 85 04 00,0047 66 85 04 01,"Billingstadsletta 30, NO 1376, Billingstad",,,,欧洲,A
SIDEWINDER PRODUCTS,美国,五金,BOB SINGLETON,001 205-664-5355,001 205-664-5355,"250 MULLINS DR, HELENA, AL 35080",,,www.sidewinderproducts.com,北美洲,S
Silent Gliss Benelux bv,荷兰,五金,,0031 30 6050989,0031 30 6050967,Fahrenheitbaan 4a Postbus 1473 3430 BL Nieuwegein,,info@silentgliss.nl,http://www.silentgliss.nl,欧洲,A
SIH,法国,五金,M WEBER JEAN JACQUES,0033 3 87977500,0033 3 87979083,"LE HARAS, 57430, SARRALBE",,katia.schlich@sih.fr,WWW.SIH.FR,欧洲,A
"SIGNO DE ENTROAMERICA, S.A.",危地马拉,五金,JORGE ALEJANDRO SIGNORET,00502 3337521/3630690,00502 3372719,19 CALLE 5-54 ZONA 10,,jsignoret@signosa.com,,其他,C
SIGNATURE HARDWARE,美国,五金,MIKE DOWLIN,001 6365799904,001 6365199757/3147549492,"16017 WILSON MANOR DRIVECHESTERFIELD MO 63005,U.S.A.",,mikedowlin@aol.com,www.designhardware.net,北美洲,S
SIGN OF THE CRAB,美国,五金,FRANCIS STROM,001 916-638-2724,001 916-638-2725,"3756 OMEC CIR, RNCHO CORDOVA, CA 95742-7399",,,www.signofthecrab.com,北美洲,S
Sign of Crab,美国,五金,Francis Strom,001 916-638-2722,001 916-638-2725,"3756 Omec Cir., Rancho Cordova, CA 95742-7303, USA",,,WWW.SIGNOFCRAB.COM,北美洲,S
SIGN MART,美国,五金,MIKE SLATER,001 714-532-7100,001 714-744-0077,"410 W FLETCHER AVE, ORANGE, CA 92865-2612",,sings@sing-mark.com,,北美洲,S
SIEGENIA FRANCE SARL,法国,五金,M MULLER GUY,0033 3 89618131,0033 3 89619070,"8 RUE JEAN MONNET, 68390, SAUSHEIM",,info-s@siegenia-aubi.com,,欧洲,A
Sifvert Skruv AB,瑞典,五金,,0046 8 440 73 20,0046 8 440 73 80,"Lindhagensg 53, SE 11243, Stockholm",,info@sifvert-skruv.se,WWW.SIFVERT-SKRUV.SE,欧洲,A
SIERRA WHOLESALE HARDWARE INC.,美国,五金,HAROLD H. HAHN,001 909 8848644,001 909 3813033,"P.O. BOX 5158,SAN BERNARDINO,CA",CA 92412,sierrahardware@sierrahardware.com,WWW.SIERRAHARDWARE.COM,北美洲,S
Sievers Partner fuer Technik KG,德国,五金,Thorsten Wullenweber,0049 4105 62 20,0049 4105 5 30 53,"Maschener Strasse, DE 21218, Seevetal",,,www.pft-online.de,欧洲,S
Sidac Systems Ltd,英国,五金,David A. Cook,0044 1746 718737,0044 1746 718737,"Field House, New Road, Chorley, GB WV16 6P, Bridgnorth",,sidac@btinternet.com,http://www.btinternet.com,欧洲,S
SIEMENS WESTINGHOUSE,美国,五金,Alex Smith,001 704-551-5100,001 704-551-5537,"5101 Westinghouse Blvd., Charlotte, NC 28273-9640, USA",,,WWW.SIMENSWESTINGHOUSE.COM,北美洲,S
Siemens Maquinaria S.A.,西班牙,五金,,0034 92 841 85 00,0034 92 841 1172,"Alfredo Martin Reyes, 7, E 35013, Las Palmas de Gran Canaria",,,www.maquinaria.com,欧洲,A
"SIAM MASTER TOOLS CO.,LTD.",泰国,五金,,0066 2 7260570,0066 2 7260682,"192-15 MOO 1 PRUVET 10250 ,BANGKOK",10250,smtcl@ed.net,,亚洲,B
"SHOWA BOEKI CO.,LTD.",日本,五金,SUENO,0081 6 64413333,0081 6 64442289,"18-27,EDOBORI 1-CHOME,NISHI-KU,OSAKA",550-0002,,WWW.SHOWA-BOEKI.CO.JP,亚洲,S
SIDDIQ TECHNICAL SERVICES,巴林,五金,Mr. MUNIR SIDDIQ,00973 17536373,00973 17536616,P.O.BOX 21230,,siddiq@bateko.com.bh,,亚洲,C
"SICUENS INT'L CO.,LTD.",台湾省,五金,PETER SHEN,00886 2 27629686/27635032,00886 2 27629902/27635059,"7F-4 NO.16,NANKING E.RD.,SEC.5,TAIPEI (P.O.BOX 81-853)",,sicuens@ms24.hinet.net,,亚洲,C
SICOCO S.P.R.L.,刚果(金),五金,SOMANI ANWARALI,00243 815005105,00243 1 5142213369,"GEME RUE LIMETE NO.11,QUARTIER INDUSTRIEL(B.P.14068 KINSHASA)",,somafzal@aol.com,,其他,C
SIBILLE OUTILLAGE,法国,五金,M DROUET MICHEL/M BERNARD CAPANE,0033 4 75905800,0033 4 75905809,"ROUTE NATIONALE 7 SUD, ZONE INDUSTRIELLE LES PLAINES, 26780, MALATAVERNE",,contact@sf-electricic.com,,欧洲,A
SIBILLE FAMECA ELECTRIC,法国,五金,MICHEL OLLIVIER,0033 4 75905800/6 83823942,0033 4 75905839,R.N.7 SUD - Z.I.PLAINES NO 17 MALATAVERNE,26780,contact@sf-electric.com;michel.ollivier@fameca.com,,欧洲,A
SIAM TREASURE IMPORT & EXPORT L.P.,泰国,五金,CHOW VICHAI,0066 2 4275314/4283867/4283900,0066 2 4271214,"279 M.8 SOI PRACHAUTIT 4, PRACHAUTIT RD., RAJBURANA BANGKOK",10140,,,亚洲,B
Siax AB,瑞典,五金,,0046 8 742 77 33,0046 8 742 76 77,"Vinterv 34 B, SE 13540, Tyreso",,,www.siax.se,欧洲,A
SIAM CORPORATION INC,孟加拉国,五金,MD.AMIRUL ISLAM,00880 2 9899764/171 125694,00880 2 8826914,"23/3 KUNIPARA,TEJGAON 1/A,DHAKA",1208,siamcorpo@hotmail.com;rahmamwire@hotmail.com,,亚洲,C
SHUN LING INDUSTRIAL(HK) LTD.,香港,五金,Mr. ZHOU CHONG JIANG,00852 21986919,00852 21986920,香港九龙弥敦道363号恒成大厦1108室,,shunling@netvigator.com,,亚洲,C
SHUN LING INDUSTRIAL (HONG KONG) LTD,香港,五金,LIANG GUO HE,00852 23852155,00852 23852155,RM. 1108 HANGSHENG BLDG 363 HATHAN RD. KOWLOON,,,,亚洲,C
SHUBHAM TRADING COMPANY(LLC),阿拉伯联合酋长国,五金,,00971 4 3538661,00971 4 3538864,P.O.BOX 42826 DUBAI,,shubtrdg@emirates.net.re,,亚洲,B
"SIAM UNIVERSE TRADING CO.,LTD.",泰国,五金,VIRASAK SONGSUTIPONG,0066 2 2912302/2910981/2921028,0066 2 2910980,"4236/151-152,SOI PRADOO 1,RAMA 3 ROAD,BANGKOK",10120,,,亚洲,B
"SIAM GLOBAL HOUSE CO., LTD.",泰国,五金,WITOON SURIYAWANAKUL,0066 43 527222/527228/527226/15450404/15450303,0066 43 527231,"232 MOO 7,TUMBOL ROBMUANG,AMPHER MUANG,ROI-ET",45000,witoon@globalhouse.co.th;yuttana@globalhouse.co.th;info@globalhouse.co.th,WWW.GLOBALHOUSE.CO.TH,亚洲,B
"SIAM BUREAU CO.,LTD.",泰国,五金,V. SUVIT,0066 2 280 1655,0066 2 280 1653,"788-90 KRUNG KASEM RD.,POMPRAB,BANGKOK 10100",,,,亚洲,B
SIAM BRUSH INDUSTRIES,孟加拉国,五金,S.N.M.ENAMUL HOQUE,00880 2 9124846/9114792,00880 2 8618789,"280/1 BANGLA SHARAK,RAYER BAZAR,DHAKA",1209,antor@bdonline.com,,亚洲,C
SHUTE,美国,五金,STEVEN SANDERS,001 985-643-6811,001 985-643-9150,"1927 CORPORATE SQUARE DR STE. A, SLIDELL, LA 70458-3166",,swus@shutellc.com,,北美洲,S
SHURFLO PUMP MANUFACTURING COMPANY,美国,五金,张先生,001 5627976692,001 5627957558,"5900 KATELLA AVENUECYPRESS, CALIFORNIAU.S.A.",,peter.jang@shurflo.com,,北美洲,S
"SHUNDE SHIANCO FURNITURE INDUSTRIES CO.,LTD.",香港,五金,DAVID HUA,00852 27236268,00852 27215657,"UNIT 1013,CHINACHEM GOLODEN PLAZA,77,MODY ROAD,T.S.T.EAST,KOWLOON",,david@shian.com.hk,,亚洲,C
SHUN CHEONG HARDWARE,香港,五金,CHU KAM CHUEN,00852 25628718,00852 28563293,"G/F.,11 SHU KUK ST.,NORTH POINT",,boss@netvigator.com,,亚洲,C
SHUMEIKIZAI AOMORI KK,日本,五金,NAKAMURA SATOSHI,0081 17 726 2111,0081 17 726 2145,"11-109, IKEGAMI, TAIRASHINDEN, AOMORI-SHI, AOMORI 0300931",,,,亚洲,S
SHUMEI KIZAI KK,日本,五金,NAKAMURA TAKEO,0081 178 45 3501,0081 178 46 2190,"15-1, SUWA 1-CHOME, HACHINOHE-SHI, AOMORI 0310803",,,,亚洲,S
SHUI BROTHER TRADING CO.,香港,五金,SHUI HWE SHING,00852 25448342/25448089,00852 25416842,"RM.802-803,WING TUCK COML. CENTRE,177-183 WING LOK STREET,WEST",,,,亚洲,C
SHUBHAM SALES,印度,五金,S.K.LOHIA,0091 11 27156403/27156404,0091 11 27152140,"708,GD-ITL TOWER,NETAJI SUBHASH PLACE,RING ROAD,PITAMPURA DELHI",110034,s_sales123@rediffmail.com,,亚洲,C
SHUANG MA TRADING,新加坡,五金,LOONG HAN KWANG,0065 62986833,0065 62910509,"10,UBI CRESCENT #06-40 UBI TECHPARK,LOBBY C",408564,shuangma@singnet.com.sg,WWW.SHUANGMATRADING.COM,亚洲,A
SHROFF & CO. LIMITED,香港,五金,RAYMOND WONG,00852 25229833/27627063,00852 28450231,"ROOM 2709-2711,113-115 ARGYLE STREET,MONGKOK,KOWLOON",,rwong@shroff.com.hk,,亚洲,C
SHREYANS INDUSTRIES LIMITED,印度,五金,D.K.OSWAL,0091 11 5721042/5732104/5818258,0091 11 5752271,"4E GOPALA TOWER,25 RAJENDRA PLACE,NEW DELHI",110008,shreyans.delhi@smx.sril.in,,亚洲,C
Shree Ganapati Enterprises,尼泊尔,五金,Mr. Anil Kumar Gupta,00977 1 261934,00977 1 241805,"Tripureshwor, Kathmandu",,sge@info.com.np,,其他,C
SHREE PHARMA CHEM,印度,五金,AMITSHAH,0091 22 23086671,0091 22 23090568,"3/202,NAVJIRAN SOCIETY,LAMINGTON ROAD,MUMBAI",400 007,acesolvents@hotmail.com,,亚洲,C
SHREE KRISHNA ENGINEERING CO.,印度,五金,MR. S.S.ARORA,0091 11 23233034/23239218,0091,"73-74,DIN DAYAL UPADHYA MKT.,HAUZ QAZI,DELHI",110006,lovelyfasteners@hotmail.com,WWW.LOVELYFASTENERS.COM,亚洲,C
SHOYO SANGYO CO LTD,日本,五金,TAKEUCHI MASAAKI,0081 6 65432666,0081 6 65432665,"6-1, MINAMIHORIE 3-CHOME, NISHI-KU OSAKA-SHI, OSAKA 5500015",,osaka@shoyosangyo.co.jp,,亚洲,S
SHOWA KINZOKU KK,日本,五金,"OBARA, KAZUKI",0081 48 979 5333,0081 48 979 5358,"698-2, NISHI ARAI KOSHIGAYA-SHI, SAITAMA 3430855",,showakinzoku@muse.ocn.ne.jp,,亚洲,S
SHOWA KIKAI SHOJI CO LTD,日本,五金,OKAZAKI SATOSHI,0081 6 66856775,0081 6 66850350,"3-23, KITAKAGAYA 1-CHOME, SUMINOE-KU OSAKA-SHI, OSAKA 5590011",,,WWW.SHOWA-KIKAI.CO.JP,亚洲,S
SHOWA CABOT SUPERMETALS K K,日本,五金,,0081 3 3434 3711,0081 3 3434 6506,"KOYO BLDG. 9-5, SHIBAKOEN 2-CHOME, MINATO-KU, TOKYO 1050011",,,WWW.CABOTSUPERMETALS.CO.JP,亚洲,S
Shopcreator Developments Ltd,英国,五金,Mrs J. E. Brown,0044 845 1211400,0044 1282 2018181,"Farrington Road, Rossendale Road, Industrial Estate, GB BB11 5S, Burnley",,info@shopcreator.com,http://www.shopcreator.co.uk,欧洲,S
SHIVAM ELECTRONICS,印度,五金,RAKESH ARORA,0091 11 25272879/9810560603,0091,"92-A,EKTA ENCLAVE,DDA FLATS,PEERA GARHI,DELHI-87",,,,亚洲,C
SHIVAAN CORPORATION,美国,五金,MR.SATISH GIROTRA,001 562 4947244,001 562 4948691,4133 E.MEDEG ST.#1 LONGBEACH CA 90815,CA 90815,shivaancorp@hotmail.com,WWW.DOLLAR10.COM,北美洲,S
"SHIUN-HUEI ENTERPRISE CO.,LTD.",台湾省,五金,叶弘德,00886 4 7712980,00886 4 7714490,"NO.36 LANE 3, SEC. 4, LD HO RD, LU KANG TOWN,CHANGHUA HSIEN",,,,亚洲,C
SHISHU METAL WORKS,印度,五金,MUKESH GUPTA,0091 571 2412579,0091 571 2415123,GANDHI NAGAR ALIGARH,202001,shishu123@sancharnet.in,,亚洲,C
SHIROKUMA CO LTD,日本,五金,KUMASHIRO SEIICHI,0081 6 67683131,0081 6 67683132,"3-7, AJIHARA-CHO, TENNOJI-KU OSAKA-SHI, OSAKA 5430023",,,WWW.SHIROKUMA.CO.JP,亚洲,S
Shirley Manufacturing Co. Ltd,英国,五金,M. M. Faber,0044 121 666 6788,0044 121 666 6715,"Unit 94 Moseley St,Birmingham,B12 0RT",,smc@shirleymanufacturing.co.uk,http://www.shirleymanufacturing.co.uk,欧洲,S
SHINKYOWA KK,日本,五金,KACHIMACHI,0081 6 67892321,0081 6 67892391,"3-34, NAGATANISHI 2-CHOME, HIGASHIOSAKA-SHI, OSAKA 5770016",,,WWW.SHINKYOWA.CO.JP,亚洲,S
SHIRAN HPL INDUSTRIES LTD.,以色列,五金,YEHUDA SHIRAN,00972 2 5376868,00972 2 5376861,"1 HARIKMA ST.,94468 JERUSALEM",,y_shiran@netvision.net.il,WWW.SHIRAN-HPL.CO.IL,亚洲,A
SHIRAIWAYA SHOTEN KK,日本,五金,"ONUMA, SADAHIKO",0081 243 34 3123,,"33, NAKAJO, MOTOMIYA-MACHI ADACHI-GUN, FUKUSHIMA 9691133",,,,亚洲,S
SHIRAISHI SEISAKUSHO KK,日本,五金,"KATO, MASATOSHI",0081 6 6581 0091,0081 6 6583 2111,"13-23, KUJOMINAMI 3-CHOME NISHI-KU OSAKA-SHI, OSAKA 5500025",,,,亚洲,S
Ship-Chandlers Ltd,英国,五金,TERRY.SIMMONS,0044 1493 855464,0044 1493 842784,"26-28 Southgates Road, GB NR30 3L, Great Yarmouth",,,WWW.ATLISINDUSTRIAL.CO.UK,欧洲,S
SHIOZAKI SHOTEN YK,日本,五金,SHIOZAKI YOSHINOBU,0081 766 52 1500,0081 766 525505,"165, KOJIMA, OSHIMA-MACHI, IMIZU-GUN, TOYAMA 9390274",,,,亚洲,S
SHIONOME KANAMONOTEN YK,日本,五金,"SHIONOME, OSAMU",0081 48 664 4458,,"530, NISSHIN-CHO 2-CHOME SAITAMA-SHI, SAITAMA 3310044",,,,亚洲,S
SHINWA TSUSHO HK,香港,五金,NORIE LAU,00852 23773078/90262736,00852 23773100,"UNIT 907,CORNELL CENTRE,50 WING TAI RD.,CHAIWAN",,norie@cmmail.com,,亚洲,C
SHINWA SANKO KK,日本,五金,"ENOKI, NOBUHISA",0081 726 54 7461,0081 72 653 0581,"16-34, TORIKAIHON-MACHI 5-CHOME SETTSU-SHI, OSAKA 5660052",,,,亚洲,S
SHINSHU BUSSAN KK,日本,五金,"HIRABAYASHI, TAISUKE",0081 261 22 1008,0081 261 23 2811,"6351, TAIRA OMACHI-SHI, NAGANO 3980001",,,,亚洲,S
SHINTO SANGYO KK,日本,五金,"OKADA, TEIICHI",0081 3 3446 0238,0081 3 3446 0241,"3-17, HIROO 1-CHOME SHIBUYA-KU, TOKYO 1500012",,shinto.f-l@blue.ocn.ne.jp,,亚洲,S
SHINRIKI KK,日本,五金,"MAESHIRO, HIROSHI",0081 98 887 7939,0081 98 886 1355,"26-7, FURUJIMA 1-CHOME NAHA-SHI, OKINAWA 9020061",,,,亚洲,S
SHINSHO KANAMONO KK,日本,五金,"HASEBE, MOTOO",0081 82 243 7141,,"9-16, HAGOROMO-CHO NAKA-KU HIROSHIMA-SHI, HIROSHIMA 7300814",,,,亚洲,S
SHINNIHONSEIYAKU KK,日本,五金,"MOMOI, MEGUMI",0081 92 720 5800,0081 92 720 5808,"14-22, AKASAKA 1-CHOME CHUO-KU FUKUOKA-SHI, FUKUOKA 8100042",,,,亚洲,S
SHINNIHON YK,日本,五金,"HIRAI, FUMIAKI",0081 45 373 7011,,"77-3, TSURUGAMINE 2-CHOME ASAHI-KU YOKOHAMA-SHI, KANAGAWA 2410022",,,,亚洲,S
SHINO TOMEZO SHOTEN KK,日本,五金,"SHINO, RYUICHI",0081 3 3388 3341,0081 3 3330 6061,"NAKANO SANKWARE 307, 3-1, NAKANO 4-CHOME NAKANO-KU, TOKYO 1640001",,,,亚洲,S
SHINNIHON KOGYO KK,日本,五金,"SHIIHASHI, MICHIO",0081 46 234 7373,0081 46 234 6616,"1244-2, IMAZATO EBINA-SHI, KANAGAWA 2430423",,,,亚洲,S
Shinners Engineering,爱尔兰,五金,Mrs Elizabeth Shinners/DIVINEY,00353 61 361770,00353 61 361404,"Smithstown Industrial Est, Shannon",,,,欧洲,A
SHINKO KIKI KK,日本,五金,FUKIZAWA TAKEO,0081 52 504 5155,0081 52 5045158,"11, NAKAOTAI 4-CHOME, NISHI-KU NAGOYA-SHI, AICHI 4520822",,,WWW.SHINKOKIKI.CO.JP,亚洲,S
SHINKO KANAMONO KK,日本,五金,ICHIMIYA ATSUSHI,0081 97 552 0222,0081 97 556 7174,"5-51, SHINGAI, OITA-SHI, OITA 8700911",,,,亚洲,S
SHINKI KOGYO KK,日本,五金,TANAKA TOYOHIKO,0081 794 54 1500,0081 794 54 1510,"753-13, TSUCHIYAMA, HIRAOKA-CHO, KAKOGAWA-SHI, HYOGO 6750104",,,,亚洲,S
SHINGEN KK,日本,五金,"YABE, HYOE",0081 55 226 6556,0081 55 226 6559,"8-1, TOKUGYO 2-CHOME KOFU-SHI, YAMANASHI 4000047",,,,亚洲,S
SHINING HOLDINGS PTE LTD,新加坡,五金,ALEX TAN,0065 96160037(HP),0065 64485549,SINGAPORE POST CENTRE P.O.BOX 657,914022,accotan@singnet.com.sg,,亚洲,A
SHINETSU BYORA KK,日本,五金,"ISHIZONE, SAKAE",0081 263 47 1585,,"4551-2, SHIMAUCHI MATSUMOTO-SHI, NAGANO 3900851",,,,亚洲,S
SHING LAM HUAT SDN. BHD.,马来西亚,五金,PHUA LAM HUAT,0060 3 92852122,0060 3 92858004/92851462,"NO. 250,JALAN MAHKOTA,TAMAN MALURI,3RD MILE,JALAN CHERAS,55100 KUALA LUMPUR",,slhsb@tm.net.my,,亚洲,B
SHING FUNG TAI CO.,香港,五金,SIU HON KWONG,00852 25498657,00852 25598402,"502 DES VOEUX BLDG.,25 DES VOEUX ROAD,WEST",,shifunga@hotmail.com,,亚洲,C
"SHINEWIDE ENTERPRISES CO.,LTD.",台湾省,五金,彭代明,00886 4 26268880/932140216,00886 4 26268883,台中县清水镇民治东路270巷1号,,,,亚洲,C
SHIN TAI HO & CO (PTE) LTD,新加坡,五金,LEE CHENG KEE,0065 67781632/97103896,0065 67741401,222 PANDAN LOOP,128410,"sth@shintaiho.com,cklee.smg@shintaiho.com",WWW.SHINTAIHO.COM,亚洲,A
SHINETSU KOKI KK,日本,五金,"CHINO, HIROYOSHI",0081 26 221 6699,0081 26 2216872,"2034-21, KAZAMA NAGANO-SHI, NAGANO 3810023",,,,亚洲,S
"SHIN SIP CARTEL CO.,LTD.",台湾省,五金,LIN JUNG SHENG,00886 2 22553622/22555503/933717122,00886 2 22555524,"2F.,NO.28,LANE 234,SEC.2,MINSHENG RD.,BANCIAO CITY,TAIPEI COUNTRY",,,,亚洲,C
SHIN NIPPON ZOKI,日本,五金,,0081 3 3492 6173,,"5-9, KAMIOSAKI 4-CHOME SHINAGAWA-KU, TOKYO 1410021",,,,亚洲,S
SHIN NAN STEELS SDN.BHD.,马来西亚,五金,Mr. YEO SHUEN CHIEH,0060 3 32905535/32906535/122203887,0060 3 32906535/33420448,"NO.7,LINTANG SUNGAI KERAMAT 1-B,TAMAN KLANG UTAMA,KLANG,SELANGOR DARUL EHSAN",42100,shinnan7@hotmail.com,,亚洲,B
SHIN KANSAI BEARING CO LTD,日本,五金,ITO KAZUMI,0081 6 67881517,0081 6 67881546,"5-3, MIKURIYA 1-CHOME, HIGASHIOSAKA-SHI, OSAKA 5770032",,,WWW.SKB-NET.CO.JP,亚洲,S
SHIMIZU CO LTD,日本,五金,"SHIMIZU, HIROSUKE",0081 6 6723 8537,0081 6 6723 1990,"1-4, KANAMONO-CHO HIGASHIOSAKA-SHI, OSAKA 5770815",,,WWW.SHIMIZU-NET.CO.JP,亚洲,S
SHIMONISHI SEISAKUSHO CO LTD,日本,五金,SHIMONISHI IWAO,0081 6 67249501,0081 6 67242142,"8-25, WAKAEHIGASHI-MACHI 6-CHOME, HIGASHIOSAKA-SHI, OSAKA 5780935",,,WWW.SHIMONISHI.CO.JP,亚洲,S
SHIMOMURA KIHAN KK,日本,五金,SHIMOMURA EIZO,0081 256 64 5588,0081 256 64 5064,"4803-4, KOIKE, TSUBAME-SHI, NIIGATA 9591276",,sm.kihan@sbne.ne.jp,,亚洲,S
"SHIMOOKA CO., LTD.",日本,五金,SHIMOOKAYOUICHIROU,0081 6 67723051,0081 6 67723058,"5-3-23, UESHIO, TENNOJI-KU, OSAKA-SHI, OSAKA 543, JAPAN",,infopo@shimooka.co.jp,,亚洲,S
SHIMAYA SHOKAI KK,日本,五金,"ICHIHARA, YASUO",0081 820 22 2521,0081 820 22 4853,"1574-30, YANAI YANAI-SHI, YAMAGUCHI 7420021",,,,亚洲,S
SHIKO TRADING CO LTD,日本,五金,"TSUCHIKAWA, YOSHIJI",0081 6 6241 9761,0081 6 6251 6903,"SANWA DAI-2 BLDG. 7-23, SHIMANOUCHI 1-CHOME CHUO-KU OSAKA-SHI, OSAKA 5420082",,shiko-trd@mc.newed.ne.jp,,亚洲,S
SHIMODAIRA HARD WARE CO LTD,日本,五金,SHIMODAIRA YUKIO,0081 3 3873 4126,0081 3 3873 4881,"13-11, SHITAYA 3-CHOME, TAITO-KU, TOKYO 1100004",,,WWW.SHIMODAIRA.CO.JP,亚洲,S
Shimfoil Ltd,英国,五金,Antony W. Miles,0044 121 333 3420,0044 121 359 3966,"21 New Summer Street, GB B19 3QN, Birmingham",,,,欧洲,S
SHIMBO KK,日本,五金,SHIMBO YOSHIO,0081 3 3541 2356,,"SHIMBO BLDG. 13-7, GINZA 6-CHOME, CHUO-KU, TOKYO 1040061",,,,亚洲,S
SHIMAMOTO SEISAKUSHO KK,日本,五金,"SHIMAMOTO, MASAJI",0081 3 3808 2041,0081 3 3808 2045,"32-13-202, NIHOMBASHI KAKIGARA-CHO 1-CHOME CHUO-KU, TOKYO 1030014",,,,亚洲,S
SHIMADA YOSHIYUKI SHOTEN YK,日本,五金,"SHIMADA, YOSHIYUKI",0081 940 42 0238,0081 940 430711,"8-16, CHUO 3-CHOME, FUKUMA-MACHI MUNAKATA-GUN, FUKUOKA 8113217",,,,亚洲,S
SHIMA INTERNATIONAL CORP.,美国,五金,Mr. ASHOK MALHOE,001 941 7722728,001 239 772 5217,1613 S.E.15 RERRACE CAPECORAL-FLORIDA 33990,33990,amalhoe@dwfea.rr.com,,北美洲,S
SHILOH INTERNATIONAL CO.LTD.,尼日利亚,五金,SEMIU OYEROGBA(BOBBY),00234 1 2669637/80 33050922,00234 1 2669638,"34/39 ISALE AGBEDE STREET,LAGOS",,bobbyyinka@yahoo.co.uk,,非洲,C
SHIKU KEYA KK,日本,五金,SHIRAIKE TERUMICHI,0081 729 56 0025,0081 729 569983,"9-25, NISHIURA 3-CHOME, HABIKINO-SHI, OSAKA 5830861",,,,亚洲,S
SHIINO TRADING CO LTD,日本,五金,"SHIINO, TAMAE",0081 3 5443 2551,0081 3 5443 2141,"5-10, KAIGAN 3-CHOME MINATO-KU, TOKYO 1080022",,,,亚洲,S
SHIHLITA (M) SDN. BHD.,马来西亚,五金,YONG KING CHIU,0060 84 338223,0060 84 338223,"NO. 36,GROUND FLOOR,JALAN CHENGAL,P.O. BOX 1517,96008 SIBU,SARAWAK,EAST MALAYSIA",,,,亚洲,B
SHIGUMA CO LTD,日本,五金,SHIGUMA YASUO,0081 92 712 5121,0081 92 712 5125,"10-3, YAKUIN 1-CHOME, CHUO-KU FUKUOKA-SHI, FUKUOKA 8100022",,,,亚洲,S
SHIGEYASU KK,日本,五金,"KODERA, YOSHIKAZU",0081 25 273 7181,0081 25 2737186,"2059-4, OROSHISHIN-MACHI 1-CHOME NIIGATA-SHI, NIIGATA 9500863",,,,亚洲,S
SHIFFLER EQUIPMENT SALES INC,美国,五金,TRACY SMEARMEN,001 440 2859175,001 440 2852770,"745 SOUTH ST,CHARDON,OH 44024",,j.farinacci@shifflerequip.com,www.shifflerequip.com,北美洲,S
SHEPHERD HARDWARE LLC,美国,五金,JEFF WESOLOWSKI,001 269 756 3830,001 269 756 3848,"6961 US HIGHWAY 12, THREE OAKS, MI 49128",,customerservice@shepherdhardware.com,www.shepherdhardware.com,北美洲,S
SHIBUYA TRADING CO.,日本,五金,NOBORU SHIBUYA,0081 256 321697/90 25642630,0081 256 341123,2-1 TAJIMA SANJO-CITY NIIGATA,955-0044,shibuya@ginzado.ne.jp,,亚洲,S
SHIBUTANI CO. LTD.,日本,五金,RYUICHI KANDA,0081 6 62115864,0081 6 62115883,2-12-21 SHIMANOUCHI CHUO-KU OSAKA,542-0082,kanda@shibutani.co.jp,WWW.SHIBUTANI.CO.JP,亚洲,S
SHIBANO SANGYO CO LTD,日本,五金,SHIBANO NAOKI,0081 3 3366 7711,0081 3366 9239,"56-4, NAKANO 1-CHOME, NAKANO-KU, TOKYO 1640001",,,,亚洲,S
SHIBAKOH CO LTD,日本,五金,"IWASHITA, SHIRO",0081 3 3669 0361,0081 3 3669 0361,"29-15, NIHOMBASHI KAKIGARA-CHO 1-CHOME CHUO-KU, TOKYO 1030014",,,,亚洲,S
"SHIANG JENG ENTERPRISES CO.,LTD.",台湾省,五金,GORDON HSU,00886 2 85215737/85215251/937094303,00886 2 85225243,"NO.40-12,WU KONG ROAD.,HSIN CHUANG CITY,TAIPEI SHIEN",,,,亚洲,C
SHERLE WAGNER INTERNATIONAL,美国,五金,Mr. TOMMY YU,001 212 7583300,001 212 2078010,"60 EAST 57TH STREET,NEW YORK",10022,ty@sherlewagner.com,WWW.SHERLEWAGNER.COM,北美洲,S
SHETH BROTHERS EXPORT-IMPORT,印度,五金,NITIN SHETH,0091 22 2089875/2064706/3626916/3681434,0091 22 2082834/3636470,"6,KANTILAL SHARMA MARG (LOHAR CHAWL),1ST FLOOR, LALSING MANSING BLDG,MUMBAI 400002",400002,sbro@vsnl.com,WWW.SHETH_BROTHERS.COM,亚洲,C
SHEPHERD WORLDWIDE(HONG KONG) LIMITED,香港,五金,SALLY JIAO,00852 27237800,00852 27238101,"7TH FLOOR,PROSPEROUS CENTRE,1 KNUTSFORD TERRACE,TSIMSHATSUI,KOWLOON",,shepherd@datainternet.com,,亚洲,C
SHEPHERD WORLDWIDE CORP.,台湾省,五金,PEGGY CHEN,00886 2 27032166,00886 2 27031836,"3F-1,NO.26 HSIN-YI RD.SECTION 4,TAIPEI",106,switaipe@ms14.hinet.net,,亚洲,C
SHEPHERD PRODUCTS U S INC,美国,五金,JONES,001 616 9837351,001 616 9836157,"203 KERTH STREET,ST. JOSEPH,MI",MI 49085,,WWW.SHEPHERDCASPERS.COM,北美洲,S
SHEPHERD CASTER,美国,五金,DENNIS JONES,001 269-983-7351,001 269-9836157,"203 KERTH ST, SAINT JOSEPH, MI 49085-2623",,dj@shepherdcaster.com,www.shepherdcaster.com,北美洲,S
SHERAV (H.K.) LTD.,香港,五金,BEN HUANG,00852 25813588/33381689,00852 25813233/25813444,"8TH FLOOR,TAK HOUSE,5-11 STANLEY STREET,CENTRAL",,alen@sherav.com.hk,WWW.SHERAV.COM.HK,亚洲,C
SHERAB ENTERPRISES,不丹,五金,SHERAB WANGCHUK,00975 8 271393,00975 8 271611,"BONDEY,PARO",,sherwood@druknet.bt,,其他,C
"SHE TAI INDUSTRY CO., LTD.",台湾省,五金,PARKSON CHEN,00886 4 22779935/933533261,00886 4 22779930,"6F,NO.9 CHIEN HSIN ROAD TAI-OING CITY,TAICHUNG COUNTY TAIWAN ROAD",,shetai.com@msa.hinet.net,,亚洲,C
SHER AZIZ LIMITED,巴基斯坦,五金,HABIB UR REHMAN,0092 91 815827,0092 91 822271,"13-14 B/BLOCK KABUL PLAZA,KARKHNOO MARKET HAYATABAD PESHAWAR",25000,salamat150@hotmail.com,,亚洲,C
SHENMAN TRADING,菲律宾,五金,JERRY MONBUNO,0063 2 7337781,0063 2 7337781,"TOMAS MAPUA ST.,MANILA",,,,亚洲,B
SHENG LEE HARDWARE & TRADING,新加坡,五金,NG CHEE HER(RICHARD),0065 67529866/96386798,0065 67529855,"BLK 22 WOODLANDS LINK,#01-57/58 WOODLANDS EAST INDUSTRIAL ESTATE",738734,shenglee@pacific.net.sg,WWW.SHENGLEE.COM,亚洲,A
SETO CUTLERY MFG CO LTD,日本,五金,"SETO, YOUICHI",0081 575 22 8892,0081 575 24 1895,"674, INAGUCHI SEKI-SHI, GIFU 5013932",,,WWW.SETOCUT.CO.JP,亚洲,S
SETIMPEX,法国,五金,ALAIN DOUEK,0033 1 40267626,0033 1 40264941,"48,RUE VIVIENNE 75002,PARIS",,setimpex@aol.com,WWW.SETIMPEX.COM,欧洲,A
SETHI BROTHERS,印度,五金,ARVIND SETHI,0091 11 23658632,0091,"75 A SHAHZADA BAGH,DELHI",110035,arvinds6690@hotmail.com,,亚洲,C
SHEN KIM GEK BROTHERS SDN.BHD.,马来西亚,五金,TAN LENG WAH,0060 3 62760877/62760757/196645185,0060 3 62744899,"12A,JALAN TAGO 11,TAMAN PERINDUSTRIAN TAGO,SRI DAMANSARA,52200 KUALA LUMPUR",,shenkimgek@hotmail.com,,亚洲,B
"SHEN DAR ELECTRICITY MACHINERY CO.,LTD.",越南,五金,WEI HUNG CHENG,0084 8 8640527,0084,NO 2798 LY THUONG KIET-P 15-Q 11 HO CHI MINH CITY,,,WWW.SHEN-DAR.COM,亚洲,B
Shelby Teknikk A/S,挪威,五金,,0047 51 49 05 00,0047 51 49 05 80,"Strandgaten 55, NO 4370, Egersund",,post@shelby.no,www.shelby.no,欧洲,A
SHARP MACHINERY AND TOOLS IND.INC.,台湾省,五金,Mr. CHARLIE HSU,00886 2 23457882,00886 2 23456710,P.O.BOX 572 TAIPEI,,sharpmac@46.hinet.net,WWW.SHARPMAC.COM,亚洲,C
SHARP EDGE ENTERPRISES,巴基斯坦,五金,IFTIKHAR AHMED,0092 437 601249/606249/3008640340,0092 437 600019,G.T.ROAD (3KM) WAZIRABAD GUJRANWALA,,uniq_sh@hotmail.com,,亚洲,C
SHELL BEAD AUSTRALIA TRADING CO.,澳大利亚,五金,JASON Z.WEN,0061 2 95862254,0061 2 95861269,"P.O.BOX A1351,SYDNEY SOUTH,NSW 1235",1235,jasonwen268@hotmail.com,,大洋洲,S
SHEHARYAR ENTERPRISES,巴基斯坦,五金,AMJAD.F.FAROOQI,0092 42 5754719,0092 42 5757183,365-A1 GULBERG-3 LAHORE,54660,amjad.f@nexlinx.net.pk,,亚洲,C
SHEENA INTERNATIONAL,印度,五金,MR.K.S.BNATIA,0091 11 6124539/6890985,0091 11 6893172,"C-2/2180,VASANT KUNJ NEW DELHI",110070,sheenainternational2000@yahoo.com,,亚洲,C
SHECHEM INVESTMENTS LTD.,赞比亚,五金,Ms. R.M. KNVSONDA,00260 1 222965,00260 1 222966,7TH FLOOR GODFRNY HOUSE BOX 37014 LUSAKA,,,,其他,C
SHEBOYGAN GLASS COMPANY,美国,五金,,001 920 4584611,001 920 4584927,"3208, WASHINGTON AVENUE,SHEBOYGAN,WI",WI 53081,anything@sheboyganglass.com,,北美洲,S
SHAY OFEK,以色列,五金,Mr. YOCHANAN MALCHI,00972 3 6889888,00972 3 6881018,"31 PERETZ ST.,TEL-AVIV 66854",,say_ofek@zahav.net.il,,亚洲,A
SHARPES HARDWARE PTY LTD,澳大利亚,五金,EUGENE PATRICK MCKENZIE ESMONDE,0061 7 3221 7177,0061 7 3221 4039,Suite 3 Level 2171 Elizabeth St Brisbane QLD 4000,,meactarau@powerup.com.au,,大洋洲,S
SHANGHAI TONG LEE HARDWARE PTE. LTD.,新加坡,五金,JACOB TEE,0065 62917288/62987211/97633377,0065 62911228/62965540,"200,JALAN SULTAN,#01-01,TEXTILE CENTRE",199018,sales@shanghaitonglee.com.sg,WWW.SHANGHAITONGLEE.COM.SG,亚洲,A
SHANGHAI PACIFIC PARTNERS INC.,美国,五金,李怀白,001 650 583 3699,001 650 583 8036,"304 GRAND AVENUE, #201, SAN FRANCISCO, CA 94080",,spplhb@aol.com,,北美洲,S
SHANGHAI MARINETIME ADVISERS,新加坡,五金,LISA WANG,0065 67820947/98316162,0065 62275103,"BLK16 SIMEI STREET 1,#01-07",529942,wanglisa@singnet.com.sg,,亚洲,A
SHANG TECK TRADING (M) SDN. BHD.,马来西亚,五金,PEY TECK SENG,0060 6 9850241/126818141,0060 6 9850240,"LOT 4559,MP 269,JALAN BUKIT PASIR,BUKIT PASIR,MUAR,JOHOR",84300,sttmsb@tm.net.my,,亚洲,B
SHANDONG INDUSTRIAL INC,美国,五金,Zhan Wen Wang,001 201-947-6225,001 201-585-0895,"301 Bridge Plz., N., Fort Lee, NJ 07024-5059, USA",,sdindinc@earthlink.net,,北美洲,S
SHAN (GROUP) CORPORATION,巴基斯坦,五金,ZESHAN KHALIL,0092 42 7655905/7636297/3008448488,0092 42 7653048/5753480,"13-B 1, GULBERG Ⅲ, LAHORE",,hyder@nexlinx.net.pk,,亚洲,C
SHAHID MAHMOOD & CO. (PVT) LTD.,巴基斯坦,五金,SHAHID MAHMOOD,0092 42 111121112/3008451240,0092 42 7220393,"48 STEEL MARKET,DIL MOHAMMAD ROAD LAHORE",,smchardware@brain.net.pk,WWW.SMCHARDWARE.COM,亚洲,C
SHAHID HARDWARE,巴基斯坦,五金,M.SHAHID,0092 21 4914327/3002104250,0092 21 4914327,"SHOP NO.3,PLOT #824,BLOCK-4 LIAQUATABAD,KARACHI.",,mdshahid803@hotmail.com,,亚洲,C
SHAHEEN ALI ATJALAHEM AND SONS,巴林,五金,SHAHEEN ALI ATJALAHEN,00973 400138,00973 400341,P.O.BOX 631,,atjalahem@balder.com.bh,,亚洲,C
"SHAHBA,INC., NIMA DISTRIBUTORS CORP.",美国,五金,SEAN AMIN,001 323 5699292,,"9715 LONG BEACH BLVD.#A&B SOUTH GATE, CA 90280",CA 90280,aminsean@aol.com,,北美洲,S
SHAMI TRADING,也门共和国,五金,HADI SHAMI,00967 2 252067/385559/73800241,00967 2 233529,P.O.BOX 212 CRATER ADEN,,hshami@y.net.ye,,其他,C
SHAM PENG TONG & (PTY) LTD.,塞舌尔,五金,Mr. FRANCE SHAM PENG TONG,00248 322729,00248 321669,"ALBERT STREET, VICTORIA",,sptong@seychelles.net,,其他,C
SHAKTI SHIVA MAGNETS (P) LTD.,印度,五金,MR.RAJEEV GUPTA,0091 11 5408116/5492043,0091 11 5147153,"G-II 114,PHASE II MAYAPURI IND AREA,NEW DELHI",110027,,,亚洲,C
SHAKTI HARDWARE COLLECTIONS PVT.LTD.,印度,五金,PRADEEP KAINYA,0091 22 2422810/2423219/2425949/2425809/2425223/98,0091 22 2426026/4331468,"60/62,KIKA STREET,MUMBAI",400004,kainya@bom2.vsnl.net.in,WWW.SHAKTIHARDWARE.COM,亚洲,C
SHAHID ASLAM PERACHA,巴基斯坦,五金,MR.SHAHID ASLAM,0092 91 240822/214350,0092 91 214350,KATRA NEEL CHOWK YADGAR PESHAWAR,,,,亚洲,C
SHAKERI GENERAL TRADING EST.,阿拉伯联合酋长国,五金,ABDUL RAHMAN SHARIF SHAKERI,00971 4 2210331/2231208,00971 4 2230041,P.O. BOX 662 DUBAI,,towar2@emirates.net.ae/abdulrshakeri@netscape.net,,亚洲,B
SHAKERI ELECTRONICS(L.L.C.),阿拉伯联合酋长国,五金,,00971 4 2289799,00971 4 2214955,"P.O.BOX 8185,DUBAI",,yash@emirates.net.ae,,亚洲,B
SHAKERI ELECTRONIC EQUIPMENT SHOWROOM L.L.C.,阿拉伯联合酋长国,五金,MR.A.H.CHOTAI,00971 4 2289799/2225608/2214201,00971 4 2214955,"NAKHEEL STREET,DUBAI (P.O.BOX 8185,DUBAI)",,yash@emirates.net.ae,WWW.SHAKERIUAE.COM,亚洲,B
SHAIKH MOHD. RAFI AL AWADI GENERAL TRADING COMPANY,阿拉伯联合酋长国,五金,YOUSUF HUSSAIN,00971 4 2262402,00971 4 2260425,"P.O.BOX 122,DUBAI",,,,亚洲,B
SHAIKH MOHAMED RAFI FAQIHI AWAZI GENERAL TRADING CO.(L.L.C.),阿尔及利亚,五金,MS.AQLU,00213 36 873195,00213 36 866817,BLIDA,,smrfa@emirates.net.ae,,非洲,C
SHAIKH MOHAMED RAFI FAQIHI AWAZI,阿拉伯联合酋长国,五金,AHMED NAZEER,00971 4 2281222,00971 4 2231171,"P.O.BOX 13251,CASABLANCA HOTEL BLDG.,DUBAI",,smrfa@emirates.net.ae,WWW.FAQIHIGROUP.COM,亚洲,B
Shai Gouzman & Sons Ltd,以色列,五金,Dan Gouzman,00972 3 9230281,00972 3 9230280,"16 Halapid Street, 49254, Petah Tikva",,,WWW.GOUSMAN.CO.IL,亚洲,A
SHAHZA AGENCIES CC,南非,五金,,0027 31 9028167,0027 31 9028260,4-14 POLICE STATION RD ISIPINGO DURBAN,23049 ISIPINGO RAIL 4110,za 786@global.co.za,,非洲,C
SHAHID MAHMOOD & CO.(PVT) LTD.,巴基斯坦,五金,ZAHID MAHMOOD/SHAHID MAHMOOD,0092 42 7220781/7224930/111121112/3008442749/30084,0092 42 7220393,"48-STEEL MARKET, DIL MOHAMMAD ROAD, LAHORE",,shahdco@brain.net.pk;smchardware@brain.net.pk,WWW.SMCHARDWARE.COM,亚洲,C
SHAHAB TRADING EST.,阿拉伯联合酋长国,五金,Mr. AYAZ HUSSAIN,00971 4 2267098/2267632/50 5745263,00971 4 2267179,"P.O.BOX.5061, DUBAI",,shahab98@emirates.net.ae,,亚洲,B
SHAH TRADING AGENCIES,印度,五金,MR.BHAVESH SHAH,0091 22 28443847/9820037577,0091 22 28443848,"SHOP NO.2,JAI SAKET C.H.S.LTD.,DADI SHETH ROAD,MALAD(W)MUMBAI",400064,bhaveshs@vsnl.com,,亚洲,C
SHAFIQ HAYAT LTD.,巴基斯坦,五金,Mr. SHAFIQ ULLAH,0092 91 817638,0092 91 814877,"SHAH SHOPPING CENTRE, BLOCK B,OFFICE NO.177/178 JAMRUD ROAD PESHAWAR",,shafiqul@brain.net.pk,,亚洲,C
SHAFANA TRADERS,阿拉伯联合酋长国,五金,SHABBIR SHAFANA,00971 4 3242134/2222422/506242752,00971 4 3241674/2226641,P.O.BOX:1121 DUBAI,,shafana@emirates.net.ae,,亚洲,B
SHABBIR TRADING CO.,印度,五金,,0091 22 22085152,0091 22 22091024,"136,LOHAR CHAWL,DIAMOND BUILDING,MUMBAI",400002,,,亚洲,C
SGTP,法国,五金,MME DE YOUNGMEISTER DOMINIQUE,0033 1 69037435,0033 1 69428539,"23 RUE DE L INDUSTRIE, ZONE ARTISANALE DE MAINVILLE, 91210, DRAVEIL",,sgtp@wanadoo.fr,WWW.SGTP.NET,欧洲,A
SGT SANAYI VE TICARI URUNLER DIS TICARET LIMITED SIRKETI,土耳其,五金,HARUN SINAY,0090 232 4258410/4414537,0090 232 4837043,CUMHURIYET BULVARI ERBOY IS HANI NO.82/801 35210 IZMIR,,sinay@sgt.com.tr,,亚洲,B
SGJ HARDWARE PLYWOOD ENTERPRISE,马来西亚,五金,B.H.SAW,0060 3 77261873/122971663,0060 3 77268873,"NO.E-G-3B,JALAN PJU 10/9,PRIMA,DAMAN SARA PJU 10,PETALING JAYA,SELANGOR",47830,sgjhardware@hotmail.com,,亚洲,B
SGJ FURNITURE HARDWARE PLYWOOD SDN.BHD.,马来西亚,五金,B.H.SAW,0060 3 61567373/61567878/12 2971663,0060 3 77268873,"NO.19 JALAN TS 6/6,TAMAN INDUSTRI SUBANG,47510 SUBANG JAYA.SELANGOR D.E",,sgjfurniturehardware@hotmail.com,,亚洲,B
SGEXIM SINGAPORE PRIVATE LIMITED,新加坡,五金,SABEEL AHMED,0065 62504541,0065 62506545,76 lorong limau,320076,sgexim@singnet.com.sg,,亚洲,A
SFTI BATTERY,埃及,五金,ESSAM REFAIE,0020 2 3025181/3027701/122113415,0020 2 3026482,"24,AL NAKIB FAWZI AL RAMAH ST.,MOHANDESEEN,GIZA",,essamrk@link.net,,非洲,C
SEYED ALI SHIPPING CO. L.L.C.,阿拉伯联合酋长国,五金,SYED ALI SAEIDI,00971 4 2277044/506531215,00971 4 2274920,"P.O.BOX:30399,DUBAI",,saliship@emirates.net.ae,,亚洲,B
"SEWAN TRADING CO.,LTD.",韩国,五金,SHIN,0082 2 5041091/5041092/117691091,0082 2 5041093,"GWACHON OFFICETEL NO. 9026,1-14 BYULYANG,GWACHON-SI,KYUNGGI-DO",427-040,sewantr@hotmail.com,,亚洲,A
SEVEN HARDWARE CONSTRUCTION AND TEXTILE CO.,土耳其,五金,MUSTAFA SEVEN,0090 5335704695,0090 232 4250008,GAZI OSMAN PASA BLV.NO.62/B-5 CANKAYA IZMIR,,mustafa@sevenhirdavat.com,,亚洲,B
SEVA,法国,五金,M GIRARDOT,0033 3 85472500,0033 3 85472599,"43 RUE DU PONT DE FER, BP 176, 71105, CHALON SUR SAONE CEDEX",,maurice.girardot@saint-gobain.com,WWW.SAINT-GOBAIN-SEVA.COM,欧洲,A
SETTRONIC CORP.,阿根廷,五金,SERGIO LEVENZON,0054 11 48089327,0054,"CASTEX 3422 4TH FLOOR COD,BUENOS AIRES",1425,sergioleven@fibertel.com.ar;sergioleven@hotmail.com,,南美洲,B
SETTCO INC,美国,五金,JEFF SETTLE,001 559 230 1100,001 559 230 1110,"4839 N BLACKSTONE AVE, FRESNO, CA 93726",,sales@settco.com,www.settco.com,北美洲,S
SETRANSA,西班牙,五金,ADRIAN GOMIS,0034 93 4870714,0034 93 2687048,RONDA SANT PERE.44 ENTLO 1A 08010 BARCELONA,,barcelona@setransa.com,WWW.SETRANSA.COM,欧洲,A
SETEVAD LTD.,加纳,五金,EVA ADU,00233 20 8139649,00233 21 810278,P.O.BOX 9897 K.I.A. ACCRA,,setevad@hotmail.com,,非洲,C
SERVISTAR HOME CENTER,厄瓜多尔,五金,FREDY MALDONADO,00593 4 2291714 EXT.141,00593 4 2282376,AV. DE LAS AMERICAS Y CALLE 7MA GUAYAQUIL,,evejar@ecua.net.ec,,其他,C
"SERVICIOS Y PRODUCTOS INTERAMERICANOS,S.A.",巴拿马,五金,MR.GUILLERMO LEBLANC,00507 2331659/2171148/6126910,00507 2171148/2335187,"VIA TOCUMEN,URBANIZACION,SAN CRISTOBAL,APDO 2296,ZONA 9A,PANAMA",,seprisa@bellsouth.net.pa,,其他,C
ServiceGrossisterna AB,瑞典,五金,Mr Aake Nilsson,0046 8 6329252,0046 8 7512266,"Box 1295 (Isafjordsg. 11, 5tr), S-164 29 Kista",,,,欧洲,A
SERVICE-CENTER BRUNNER GBR,德国,五金,MR BRUNNER,0049 5352 969932,0049 5352 969924,"NIEDERNSTR. 29,38364 SCHOENINGEN,GERMANY",,,http://www.service-center.de,欧洲,S
SERVICE PLUS DIST. INC.,美国,五金,,001 215-785-4466,001 215 7853231,"1900 FROST RD STE. 101, BRISTOL, PA 19007-1519",,contract@spdhardware.com,www.spdhardware.com,北美洲,S
Service Caster Corp.,美国,五金,Ronald T. Manz,001 610 4788220,001 610 4788227,"9 S. 1st Ave.,Reading, PA 19611-1314,USA",,service.caster@aol.com,www.servicecaster.com,北美洲,S
Serto U K Ltd,英国,五金,Kurt Tanner,0044 1527 573960,0044 1527 870291,3 West Court Buntsford Business Park Buntsford Park Road Bromsgrove B60 3DX,,sales@serto.co.uk,http://www.serto.co.uk,欧洲,S
SENTEI KK,日本,五金,KAKOI GINJIRO,0081 99 223 7421,0081 99 2256244,"9-25, KINKO-CHO, KAGOSHIMA-SHI, KAGOSHIMA 8920836",,,,亚洲,S
SEKINO KOSAN KD,日本,五金,SEKINO MITSUTOSHI,0081 76 479 2221,0081 76 4792228,"277-12, MIZUHASHI KAIHOTSU, TOYAMA-SHI, TOYAMA 9393542",,,,亚洲,S
SEKIGIKU KK,日本,五金,SEKI HIDEMICHI,0081 766 21 1313,0081 766 25 2633,"1-10, SHOWA-MACHI 3-CHOME, TAKAOKA-SHI, TOYAMA 9330946",,,,亚洲,S
SEKI KANAMI KK,日本,五金,"SEKI, YUKIO",0081 254 27 3141,0081 254 273499,"128, HIWATASHI SHIBATA-SHI, NIIGATA 9570072",,,,亚洲,S
"SERV-A-LITE PRODUCTS,INC.",美国,五金,BILL HINTZ,001 309 752 1255,001 309 752 1266,"3451 MORTON DR, EAST MOLINE, IL 61244",,m.oles@serv-a-lite.com,www.serv-a-lite.com,北美洲,S
Serrano Industrial y Comercial S. A.,西班牙,五金,Mr. Ricard Puigferrat,0034 93 330 09 00,0034 93 339 50 74,"Galileu, 32 36, E 08028, Barcelona",,,,欧洲,A
SERINCOM,突尼斯,五金,TAOUFIK DOGHRI,00216 71 383577/384577/382792,00216 71 380281,"KM 7,GP1 ROUTE DE SOUSSE,Z.I.DE BEN AROUS.B.P.185,2013 BEN AROUS",,,,非洲,C
"SEO WOO TRADING CO.,LTD.",韩国,五金,梁光锡,0082 54 9757847,0082,SEOUL,,ykseog@hanmir.com,,亚洲,A
SEMAK MAKINA TICARET VE SANAYI LTD. STI.,土耳其,五金,Mr. SULEYMAN KELES,0090 216 4594865,0090 216 4429325,ALTAY CESME MAH. YASEMIN SOK. NO:39 KAT:1 MALTEPE-ISTANBUL,81530,k.selim@superonline.com,,亚洲,B
SEOUL DIE CUTTING SYSTEMS,韩国,五金,"LIM, KUK-WON",0082 02-461-4390,0082 02-3409-3883,"16-4, SONGSU 1-GA-DONG SONGDONG-GU, SEOUL",133-110,,WWW.SDCS.CO.KR,亚洲,A
"SEONGBO CONST IND CO., LTD.",韩国,五金,"PARK, SEONG-TAE",0082 (02)539-1501,0082 (02)539-2726,"SEONGBO B/D, 718-24, YUKSAM-DONG, KANGNAM-GU, SEOUL",135-082,chungsj@seongpo.com,,亚洲,A
"SEO-DO METAL CO., LTD.",韩国,五金,"LEE, JAE-SOON",0082 02-682-4985,0082 02-614-5512,"RM DA-4306, CHUNGANG CIRCULATION COMPLEX. 1258, KUROBON-DONG, KURO-KU,SEOUL",152-059,seodo@seodo.com,,亚洲,A
SEO RIN TRADING CO.,韩国,五金,KIM KUN BAE,0082 2 26346495/1197106495,0082 2 26354820,"NO.402-YANG PYEONG BLDG,NO.241 YANGPYEONGDONG-4GA,YEONGDUNGPO-GU,SEOUL",,se-rin00@hanmail.net,,亚洲,A
SENVIEW EQUITY SDN.BHD.,马来西亚,五金,LYNDY LEE,0060 6 7995963/123087698/12 6376553,0060 6 7999343/3 89483279,"NO.117,JALAN NILAI 3/12,KAWASAN PERINDUSTRIAN NILAI 3,NILAI,NEGERI SEMBILAN",71800,homemate@tm.net.my,,亚洲,B
SENUKU PREKYBOS CENTRAS LTD.,立陶宛,五金,VILMA KARVELIENE,00370 37 304854/304855/304649/304647/65059503/6991,00370 37 304640/304605/304604,PRAMONES 6 LT-3031 KAUNAS,LT-3031,vilkac@senukai.lt;andcek@senukai.lt;vilkar@senukai.lt,www.senukai.lt,其他,C
SENTORA CORPORATION,美国,五金,PETER T. KONISHI,001 562 9088855,001 562 9088852,"9555 BRASHER STREET,PICO RIVERA,CA",CA 90660,,,北美洲,S
SENTOKU KK,日本,五金,"ICHIBA, TAKESHIRO",0081 6 6768 1019,,"10-20, TAMATSUKURIHON-MACHI TENNOJI-KU OSAKA-SHI, OSAKA 5430013",,,,亚洲,S
Seng Huat Enterprises(Pte)Ltd,新加坡,五金,Alvin Lee,0065 62980655,0065 62965744,"377-383,Jalan Besar, 208999, Singapore",,,,亚洲,A
SENEL MADENI ESYA SAN. VE TIC.A.S.,土耳其,五金,M.CEMAL SEN,0090 216 3164760,0090 216 3353561/3356747,ALEMDAG CAD SITE YOLU UNTEL SK NO 20 UMRANIYE-ISTANBUL,81250,senel@turk.net,WWW.SENEL.COM.TR,亚洲,B
SENNHUAT INDUSTRIAL HARDWARE TRADING SDN. BHD.,马来西亚,五金,CHIA WAI MENG,0060 3 79802088/123387423,0060 3 79800308,"NO.19,JALAN 5/108C,TAMAN SUNGEI BESI,OFF JALAN SUNGEI BESI,57100 KUALA LUMPUR",,senhuat@pd.jaring.my,,亚洲,B
SENEKKUSU KK,日本,五金,"SHIMONO, RYOSAKU",0081 6 6369 0141,0081 6 6369 1555,"5-26, ENOKI-CHO SUITA-SHI, OSAKA 5640053",,,,亚洲,S
SENG YEE HENG HARDWARE TRADING SDN. BHD.,马来西亚,五金,ANDY NG S.SENG,0060 4 9761152/12 4716422,0060 4 9774478,"NO.41,JALAN KANGAR-ALOR SETAR,TAMAN PERTIWI,01000 KANGAR,PERLIS INDERA KAYANGAN",,,,亚洲,B
SENG KONG SOON HARDWARE SDN. BHD.,马来西亚,五金,JAMES Y.H. LEONG,0060 85 412368/424586/138398228,0060 85 417668,"LOT 2033,GROUND FLOOR,KROKOP MAIN ROAD,P.O.BOX 274,MIRI,SARAWAK",98007,,,亚洲,B
SENG HUAT HANG SDN.BHD.,马来西亚,五金,LOH LIEW HONG,0060 4 5070991/194113406,0060 4 5070891,"1473,LORONG PERUSAHAAN MAJU 8,PRAI INDUSTRIAL ESTATE 4,13600 PRAI,SPT,PENANG",,senghh@myjaring.net,,亚洲,B
SENDAYAN PROPERTIES SDN.BHD.,马来西亚,五金,LOUIS T.H.TING,0060 82 231300,0060 82 231600,"1ST FLOOR,LOT 283,LORONG RUBBER NO.9,JALAN RUBBER,KUCHING,SARAWAK",93400,thting@hotmail.com,,亚洲,B
SENDAI NEJI KK,日本,五金,"YANAGIHASHI, KUNIHIKO",0081 22 227 1541,0081 22 227 1870,"15-33, ICHIBAN-CHO 1-CHOME AOBA-KU SENDAI-SHI, MIYAGI 9800811",,,,亚洲,S
SENDA CO LTD,日本,五金,SENDA YOSHIKAZU,0081 6 66325851,0081 6 66415873,"8-16, NAMBA SENNICHIMAE, CHUO-KU OSAKA-SHI, OSAKA 5420075",,,www.senda.co.jp,亚洲,S
Senco Fastening Systems (Ireland) Ltd,爱尔兰,五金,Mr. John Brady,00353 1 4567773,00353 1 4500453,"Walkinstown, Dublin 12",,,www.senco.ie,欧洲,A
sempurna jaya,印度尼西亚,五金,rusli chandra,0062 721 482778/481539/482135,0062 721 487125,"jl.ikan tongkol kompleks ruko tahap 2 blok b no.10-11, TELUKBETUNG,BANDAR, LAMPUNG",,,,亚洲,B
SEMPER-BENIN SARL,贝宁,五金,CHEN JIANGUO,00229 318591/986842,00229 318591,OI B.P.2538 CARRE 1209/0 COTONOU REP.DU BENIN,,,,其他,C
Seinajoen Rakennustarvike ja Lukko Oy,芬兰,五金,MR.JUHI.MELEHTINEN,00358 6 4 14 14 75,00358 6 4 14 07 12,"Kauppanelio 11, FI 60120, Seinajoki",,,WWW.SRL.FI,欧洲,A
SEM TEC INC.,美国,五金,JOSEPH M KROSOCZKA,001 508-798-8551,001 508-799-0328,"47 LARGRANGE ST, WORCESTER, MA 01610",,,,北美洲,S
SELLSTROM MFG. CO.,美国,五金,DAVID PETERS,001 847-358-2000,001 847-358-8564/358 2036,"ON SELLSTROM DR, PALATINE, IL 60067",,,www.sellstrom.com,北美洲,S
Selkent Industrial,英国,五金,G. Martin,0044 20 8699 6777,0044 20 8699 6709,"Willow House, 51-57 Willow Way, Sydenham, GB SE26 4Q, London",,,,欧洲,S
Selim Sankari - Import,以色列,五金,Avraham Sankari,00972 3 6822861,00972 3 6822705,"24 Abulafia Street, 66870, Tel Aviv Yafo",,,,亚洲,A
SELFIX INCORPORATED,美国,五金,BILL FOTO,001 773 8901010,001 773 8900523,"4501 W. 47TH ST.,CHICAGO,IL",IL 60632,,WWW.HPII.COM,北美洲,S
SCRAW & RIVED LTD,英国,五金,G. Chapel,0044 121 459 2281,0044 190 2428035,"44 Pershore Road South, Kings, Norton, GB B30 3ES, Birmingham",,,http://www.birmingham.co.uk/black& luff/,欧洲,S
SCRATCHMASTERS,美国,五金,BRENT,001 9494150758,001 9496791329,"147 TOPEKA, U.S.A.",,brent@scratch-masters.coma,www.scratch-masters.com,北美洲,S
SELETC DISTRIBUTORS INC.,美国,五金,,001 214-350-8484,001-214-350-0772,"2608 PERTH ST,DALLASTX 75220,U.S.A.",,selectdistinc@netscape.net,,北美洲,S
"SELECTA,S.A.",西班牙,五金,MR.MARRON,0034 93 4948050,0034 93 4948051,"URGEL 240,BARCELONA",,,,欧洲,A
Select Import,瑞典,五金,Mr Jan Andersson,0046 46 712146,001 603 6762362,"Snickarev. 13, S-246 33 Loeddekoepinge",,,,欧洲,A
SELECT DPS,美国,五金,TECHESTER,001 8054557319,001 8056813319,"5383 HOLLISTER AVE,SUITE 240 SANTA BARBARA,CA 93111,U.S.A.",,tchester@selectdps.com,,北美洲,S
Selchau A/S,丹麦,五金,,0045 97 52 44 11,0045 97 52 07 67,"Bilstrupvej 2, DK 7800, Skive",,,www.selchau.dk,欧洲,A
SELAYANG JAYA MARKETING SDN. BHD.,马来西亚,五金,K. C. CHUA,0060 3 61389882,0060 3 61384618,"NO. 5,JALAN SJ5,TAMAN SELAYANG JAYA,68100 BATU CAVES,SELANGOR",,sjmgh@tm.net.my,,亚洲,B
SEL JAPAN INC,日本,五金,KOBAYASHI YASUNOBU,0081 3 3451 5981,0081 3 34539966,"SHIBA KOTOBUKI BLDG. 30-11, SHIBA 2-CHOME, MINATO-KU, TOKYO 1050014",,sakurai@seljapan.co.jp,,亚洲,S
SEJIN WALL-TECH LTD.,韩国,五金,Mr. HUN S. SUH,0082 2 7615651,0082 2 7615640,"#1004 MANHATTAN BLDG 36-2, YOUIDO-DONG, YOUNGDOUNGPO-KU, SEOUL",,sejinwt@unitel.co.kr,,亚洲,A
SEJATI JAYA,印度尼西亚,五金,Mr. TOKOBESI,0062 61 4573205/4571149,0062 61 4563664,ALAMAT:JL.TEMBER NO.17 MEDAN,20212,,,亚洲,B
SEJAHTERA PTE LTD.,印度尼西亚,五金,SUDIMAN TANDRA(AHONG),0062 21 6245858/6498018/811170970,0062 21 6499842,JL.PINANGSIA TIMUR RAYA 22H JAKARTA,11110,,,亚洲,B
Seiwa Supply Inc.,日本,五金,BABATO,0081 424 80 8515,0081 424 80 8517,"11-5-202, Fuda 4-chome, Chofu-shi, Tokyo 182-0024",,,,亚洲,S
SEINA STORES,也门共和国,五金,RADHWAN ABDULHAQ SAEED,00967 1 503903,00967 1 503902,P.O.BOX 30 SANA'A,,alhaqgroup@y.net.ye,,其他,C
SEIMEI SHOKAI KK,日本,五金,"KOJIMA, TADASHI",0081 6 6762 3877,,"11-5, KAWARAYA-MACHI 2-CHOME CHUO-KU OSAKA-SHI, OSAKA 5420066",,,,亚洲,S
SEIMA,澳大利亚,五金,JIM SEGREDOS,0061 8 83328877/418 486702,0061 8 83328723,PO BOX 308 KENSINGTON PARK SOUTH AUSTRALIA,5068,jim@seima.com.au,,大洋洲,S
SEIKO INDUSTRY CO LTD,日本,五金,NOBUHARA TETSUJI,0081 6 65380731,0081 6 65392888,"14-38, SHIN-MACHI 1-CHOME, NISHI-KU OSAKA-SHI, OSAKA 5500013",,,,亚洲,S
"SCT CO.,LTD.",泰国,五金,SATTHA PONGPRAPANSIRI,0066 2 5862111/5862453/5864334,0066 2 5862145/9104023/5862251,"1 SIAM CEMENT ROAD,BANGSUE,BANGKOK",10800,"satthap@cementhai.co.th,ananh@cementhai.co.th",WWW.SCTTRADING.COM,亚洲,B
Screwplan Ltd,英国,五金,C Brown,0044 1706 812299,0044 1706 816258,"Hazlewood Street, GB OL14 5B, Todmorden",,fasteners@screwplan.dabsol.co.uk,WWW.SCREWPLAN.DABSOL.CO.UK,欧洲,S
SCREWMATIC INC,美国,五金,BOB CLWOD,001 626 3347831,001 626 3346356,"925 WEST FIRST STREET,AZUSA,CA",CA 91702,,,北美洲,S
"SCREW AND FASTENER (HK) CO.,LTD.",香港,五金,JACK CHAN,00852 25635243/25635244,00852 25659925,"10/F.,NORTH POINT IND.BLDG.,499 KING'S ROAD,NORTH POINT",,sales@screwfast.com.hk,WWW.SCREWFAST.COM.HK,亚洲,C
Scotts for Tools,爱尔兰,五金,Mr. Billy Scott,00353 21 4870955,00353 21 4870955,"Ballincollig Commcl Pk, Ballincollig",,,,欧洲,A
Scandinavian Aerospace & Industry AB,瑞典,五金,HAMS FAMD STROM,0046 8 93 08 10,0046 8 94 33 87,"Flygfaltsg 9, SE 12822, Skarpnack",,,www.saiab.se,欧洲,A
Scandiloc a/s,丹麦,五金,MR.IPSEN,0045 56 25 05 00,0045 56 25 05 10,"Solvangsvej 15, 4681, Herfoelge",,info@scandiloc.dk,http://www.scandiloc.dk,欧洲,A
SCANDICOLL AB,瑞典,五金,,0046 36 760 05,0046 36 76005,"BOX 341,S-551 15 JONKOPING",,,,欧洲,A
SEIKO S-YARD CO LTD,日本,五金,"KOBE, KUNIJI",0081 3 5644 4681,,"7-2, NIHOMBASHI HON-CHO 3-CHOME CHUO-KU, TOKYO 1030023",,,,亚洲,S
SEIKIDO KK,日本,五金,"HIRATA, MAMORU",0081 86 231 0322,0081 86 231 0323,"4-17, SEIKIBASHI 1-CHOME OKAYAMA-SHI, OKAYAMA 7000861",,,,亚洲,S
SEIBU KASETSUKIZAI KK,日本,五金,"TANAKA, MASANORI",0081 99 229 3144,0081 99 229 3154,"16-16, ONO 2-CHOME KAGOSHIMA-SHI, KAGOSHIMA 8900021",,,,亚洲,S
SEGURO INDUSTRIAL COMPANY,香港,五金,PYAR ALI,00852 23677158/98167599,00852 27220261,"SUITE C-5,15TH FLOOR,HANKOW CENTRE,1-C,MIDDLE ROAD,TST,KOWLOON",,indsegro@netvigator.com;indsegro@netvigator.com,,亚洲,C
SEGURA TRADING,美国,五金,BUTCH,001 3378579009,001 3372912598,"157 VINCENT ROAD,LAFAYETTE,LA 70508,U.S.A.",,esegura@juno.com,,北美洲,S
SEIKA SANGYO GmbH,德国,五金,,0049 211 4 15 80,0049 211 4 79 14 28,"Heltorfer Strasse 16, DE 40472, Duesseldorf",,info@seika-germany.com,http://www.seika-germany.com,欧洲,S
SEIBU FASTENERS INC.,美国,五金,I TAKEUCHI,001 562-941-3348,001 562 9443621,"10370 SLUSHER DR, SANTA FE SPRINGS, CA 90670-3752",,,,北美洲,S
SEGUETAS LENMEX,墨西哥,五金,ING.EDWIN M.MARADIAGA V.,0052 81 83743474 EXT.229,0052 83743494,"GUERRERO 2314 COL.15 DE MAYO,MONTERRY,N.L.",64450,edwinm@seguetaslenmex.com.mx,WWW.SEGUETASLENMEX.COM.MX,北美洲,B
SEDIGHI GENERAL TRADING CO.,伊朗,五金,DAVIS BAI,0098 21 7523000/911 2243864,0098 21 7536060,"1ST FLOOR,NO.80,MALEK ST.,SHARIATI AVE.,TEHRAN",1565794118,hardwaretrdg@hardwaretrdg.com;davis@hardwaretrdg.com,WWW.HARDWARETRDG.COM,亚洲,C
SEDIA KK,日本,五金,"MIZUNO, KENJI",0081 52 355 3551,0081 52 355 3553,"MAISON MURASE 1F, 93, NINYOSHI-CHO 5-CHOME NAKAGAWA-KU NAGOYA-SHI, AICHI 4540036",,sedea@aqua.ocn.ne.jp,,亚洲,S
SEGAWA KK,日本,五金,"WATASE, YASUO",0081 3 3413 0560,0081 3 3413 2429,"18-13, DAIZAWA 3-CHOME SETAGAYA-KU, TOKYO 1550032",,,,亚洲,S
SEG Baubeschlag GmbH,德国,五金,Gerhard Stein,0049 6205 20 50,0049 6205 20 51 22,"4. Industriestrasse 16, DE 68766, Hockenheim",,,,欧洲,S
SEESA,尼加拉瓜,五金,HUGO E.JEREZ,00505 4223301/7790590,00505 2497786,"P.O.BOX 6088,MANAGUA",6088,seesa@ibw.com.ni,,其他,C
SEER ENT.,菲律宾,五金,DANNY CHUA,0063 2 3662949,0063 2 3655244,MANILA,,,,亚洲,B
SEER,法国,五金,M VERGNE JACK,0033 5 46306680,0033 5 46447162,"AVENUE PAUL LANGEVIN, 17187, PERIGNY CEDEX",,groupespiral@groupespiral.fr,,欧洲,A
SEE TAT SDN.BHD.,马来西亚,五金,RAYMOND TAY,0060 3 80757225/124109244,0060 3 80703636,"NO.7,JALAN RAJAWALI 3,BANDAR PUCHONG JAYA,BATU 8,JALAN PUCHONG,47100 PUCHONG,SELANGOR DARUL EHSAN",,seetat@pd.jaring.my,,亚洲,B
SEDIQ OHG HANDICRAFTS,德国,五金,ING.M.SARIF SEDIQ,0049 69 296323/1716833144,0049 69 296207,"HANAUER LANDSTR.213,60314 FRANKFURT A.M.",60314,sediq-ohg@t-online.de,,欧洲,S
SEDIKELEC S.A.R.L,摩洛哥,五金,MOHAMMED SEDIK,00212 22 445229/441281/444122/61320398,00212 22 444122/834621,176.178 BD MOHAMED VL CASABLANCA,,sedik@sedikelec.com,,非洲,C
SEDI,法国,五金,M MALAVIEILLE PATRICE,0033 1 69366400,0033 1 69366419,"6 RUE JEAN MERMOZ, ZONE INDUSTRIELLE SAINT GUENAULT, 91080, COURCOURONNES",,sedif@sedi-fibres.com,,欧洲,A
SEDERATED CO-OPERATION,加拿大,五金,D.VOGELGESANG,001 306 2443123,001 306 2443403,VANCOUVER B.C.,V6H 3L1,dhd3275@sysm.fcl.ca,,北美洲,S
SEDA HEDIYELIK ESYA OYUNCAK SAN.TIC.LTD.STI.,土耳其,五金,M.MURAT ABACIOGLU,0090 212 5289904/5325884563,0090 212 5119834,RIZAPASA YOKUSU SARK HAN NO:23/189 EMINONU ISTANBUL,,sedatoys@isnet.net.tr,,亚洲,B
SECURITY·SAFETY & TRAD.CENTRE,卡塔尔,五金,HASSAN A.MALALLA,00974 4427171/4427205/5501030,00974 4442443,P.O.BOX:1236 DOHA,,security@qatar.net.qa,,亚洲,B
SECURITY SYSTEMS FRANCE,法国,五金,M LETESSIER J,0033 1 60079797,0033 1 60073223,"3 RUE PAUL HENRI SPAAK, ZONE D ACTIVITE DE L ESPLANADE, 77462, LAGNY SUR MARNE CEDEX",,ahp@security-systems.fr,WWW.CISAFRANCE.COM,欧洲,A
"SECURITY HARDWARE, INC.",美国,五金,Mark Ferraro,001 714 6881700,001 714 4902010,"1064 N. Tustin Ave.,Anaheim,CA",CA 92807,,WWW.SECURITYHARDWARE.COM,北美洲,S
Security Distributing & Marketing Pte Ltd,新加坡,五金,,0065 62964029,0065 62919120,"Jalan Besar Plaza, 101,Kitchener Road #03-44, 208511, Singapore",,sdmsin@pacific.net.sg,http://www.sdm.com.sg,亚洲,A
Security Chain Co,美国,五金,Bryan Mc Court,001 503 656 5400,001 503 657 7476,"Po Box 949 Clackamas, OR 97015-0949",,,,北美洲,S
Securiscreen,爱尔兰,五金,Mr. Jack O'Reilly,00353 1 6262972,00353 1 6261632,"Ballyfermot, Dublin 10",,,www.securiscreen.com,欧洲,A
Securikey Ltd,英国,五金,Robert V. White,0044 1252 311888,0044 1252 343950,"5 Springlakes Estate,Deadbrook Lane,Aldershot,Hampshire. GU12 4UH",,enquiries@securikey.co.uk,http://www.securikey.co.uk,欧洲,S
Secure Fasteners (Midlands) Ltd,英国,五金,Mrs Leonie Smith,0044 1902 405258,0044 1902 401763,"Webb Street,Coseley,Bilston,West Midlands,WV14 8XL",,sales@secure-fasteners.co.uk,http://www.secure-fasteners.co.uk,欧洲,S
SE-CHANG MFG & TRADING CO.,韩国,五金,SE HONG PARK,0082 53 6563426/6563427/118089405,0082 53 6563428,1015-3 DAEMYUNG 6DONG NAMGU TAEGU S.,,scmfg@hitel.net,,亚洲,A
SEAWAY HARDWARE SDN.BHD.,马来西亚,五金,ALAN LAU,0060 3 21410866/21480793,0060 3 21485715/21443341,"137-139,JALAN MAHARAJALELA(JALAN BIRCH),KUALA LUMPUR",50150,seaway@pd.jaring.my,HTTP://SEAWAYHARDWARE.COM,亚洲,B
SEAWALK TRADING CORPORATION,菲律宾,五金,BENNETT G. PALANG,0063 32 3461335/3461324,0063 32 3461222,"M.C.888 A.S. FORTUNA ST.,MANDAUE CITY,CEBU 6014",,bmpceb@mozcom.com,,亚洲,B
SEAWALK HARDWARE TRADING PTE LTD,新加坡,五金,CAREN CHEN,0065 67442328,0065 67441923,"223,KAKI BUKIT AVE 1,SHUN LI IND.PARK",416046,purchase@seawalkhardware.com,WWW.SEAWALKHARDWARE.COM,亚洲,A
"SEARS CANADA,INC. (IMP.SRVCS.)",加拿大,五金,BRIAN GERRIOR,001 416 941 3203,001 416 941 2317,"222, JARVIS ST., D/702I, TORONTO, ON M5B 2B8",,brian.gerrior@sears.ca,www.sears.ca,北美洲,S
SEA-DOG CORPORATION,美国,五金,MICHAEL DILLS,001 425 2590194,001 425 3391345,"P.O.BOX 479 EVERETT,WASHINGTON",98206,purchasing@sea-dog.com,WWW.SEA-DOG.COM,北美洲,S
"SEANG CHAROEN PATANA ENTERPRISE CO.,LTD.",泰国,五金,SANTI SIRIWONGWATTANA,0066 2 9381938/5135368/18173753,0066 2 5133070/9381665,"438/12-13 LARDPHRAO ROAD SOI 24,LARDYAO JATUJAK BANGKOK 10900",10900,,,亚洲,B
SEA BREEZE,美国,五金,CHARLES TUTT,001 631 2873903,,"P.O.BOX 3077 S.HAMPTON,N.Y.11969",,,,北美洲,S
SEAGULLS INTERNATIONAL TOOLS,巴基斯坦,五金,MUHAMMAD NAEEM LODHI,0092 21 2419796/2425863,0092 21 2416928,"#843,SUNNY PLAZA,HASRAT MOHANI ROAD,KARACHI",,sitools@hotmail.com,,亚洲,C
SEABOARD AUSTRALIA PTY LTD,澳大利亚,五金,WILLIAM HONG,0061 2 95645141/95181030/414836889,0061 2 95645051,40-76 WILLIAM STREET LEICHHARDT NSW 2040,2040,seaboard2002@yahoo.com,WWW.HIMAX.COM.AU,大洋洲,S
SEA SANDY INVESTMENT LTD.,尼日利亚,五金,Mr. EMEKA NNAMA,00234 1 4522022/4522228,00234 1 4522022,"27, OSOLO WAY, OFF INT'L AIRPORT RD., AJAO ESTATE LAGOS",,sandy@ hyperia.com,,非洲,C
SEA GULF GENERAL TRADING & CONT. CO. W.L.L.,科威特,五金,ALI MAZANDARANI,00965 3927829/9014440,00965 3925285/3915951,P.O.BOX 47498 FAHAHEEL DUBAI,64025,,,亚洲,B
SEA FRANCE,法国,五金,M BAIUTTI,0033 4 72814242,0033 4 72814252,"9 RUE DES ALPES, 69120, VAULX EN VELIN",,crawfordsea@crawfordsea.fr,www.sea.fr,欧洲,A
Sea Dog Corp.,美国,五金,Brad Nysether,001 425-259-0194,001 425-339-1345,"P.O. Box 479, Everett, WA 98206-0479, USA",,,WWW.SEA-DOG.COM,北美洲,S
SEA AUTOS,孟加拉国,五金,Mr. MD.MAINUL HAQUE,00880 2 7119187/19344624,00880 2 7214152/8318015,"3/12,JHONSON ROAD,VICTORIA PARK,DHAKA",1000,asheek@aitlbd.net,,亚洲,C
SCHUTT GRANDE FORGE,法国,五金,M KLEIN PIERRE,0033 3 88640998,0033 3 88649032,"ROUTE DEPARTEMENTALE 468, 67114, ESCHAU",,info@grande-forge.tm.fr,WWW.GRANDE-FORGE.TM.FR,欧洲,A
Scott Ltd,英国,五金,P. Clark,0044 1482 324731,0044 1482 214290,"Canning Street, GB HU2 8QS, Hull",,,www.scott.co.uk,欧洲,S
SDT SARK DIS TICARET,土耳其,五金,SENER KALKAN,0090 212 5226605,0090 212 5191331,TAHTAKALE CD.NO.94 EMINONU ISTANBUL,,,,亚洲,B
SD INTERNATIONAL,印度,五金,PRAMOD AGRAWAL,0091 11 25157049/25103622,0091 11 25153015,"H-86,2ND FLOOR,KIRTI NAGAR,NEW DELHI",110015,sdindia@ndb.vsnl.net.in;gdnepal@mail.com.np,,亚洲,C
SCORE SUPERMARKETS,南非,五金,KEVIN BARRETT,0027 11 6252300/6252316/829033568,0027 11 6134555/6131716,CNR PIET STR. & HEIDELBERG RD CITY DEEP. JOHANNESBURG (P.O.BOX 57273 SPRINGFIELD 2137),,kbarrett@score.pnp.co.za,,非洲,C
SCOPE WELL INTERNATIONAL CORP.,台湾省,五金,STELLA WU,00886 6 3352472,00886 6 2900142,"NO.36,ALLEY 24,LANE 243,SEC.2 JONG-HWA EAST ROAD,TAINAN",,soon@scotewell.com.tw,,亚洲,C
SCIONERI GROUP,意大利,五金,BEN LUK,0039 0172 22299,0039 0172 22299,"VIA BISALTA,23/A,SAVIGLIANO (CN)",12038,renato.scioneri@libero.it,,欧洲,A
SCHOTT & ASSOCS.,美国,五金,JON STEPEN SCHOTT,001 317 3987655,001 317 3922436,"146 E. Broadway St.,Shelbyville,IN",IN 46176,schott@lightdound.com,,北美洲,S
SCHWENCKNER BOOTSZUBEHOER,德国,五金,BORIS SCHWENCKNER,0049 4152 8455-0,0049 4152 8455-18,"SPANDAUER STR.18,GEESTHACHT",21502,boris@schwenckner.de,,欧洲,S
"SCHROEDER'S MIDWEST MARKETING, INC.",美国,五金,Peter Schroeder,001 847 8251868,001 847 8250079,"1052 N. Northwest Hwy.,Park Ridge,IL",IL 60068-0495,smminc@aol.com,,北美洲,S
Schrauben-Jaeger AG,德国,五金,Juergen Hartmann,0049 721 57 00 60,0049 721 5 70 06 11,"Industriestrasse 15, DE 76189, Karlsruhe",,verkauf@schrauben-jaeger.de,www.schrauben-jaeger.de,欧洲,S
Schrauben und Draht Union GmbH,德国,五金,Willi Gruss,0049 234 26 90,0049 234 23 59 21,"Wallbaumweg 45-49, DE 44894, Bochum",,,WWW.SCHRAUBEN-UND-DRAHT-UNION.DE,欧洲,S
SCHOLLE,美国,五金,JAMES BURDEN,001 209-384-3100,001 209-384-3166,"2500 COOPER AVE, MERCED, CA 95348-4312",,,www.scholle.com,北美洲,S
Schmidtschlaeger Walter & Klaus GesmbH,奥地利,五金,Herr Ing. Klaus Schmidtschlaeger,0043 1 5234652,0043 1 523465216,"Kaiserstrasse 41, A-1070 Wien, Wien, Austria",,service@schmidtschlaeger.at,http://www.schmidtschlaeger.at,欧洲,A
Schneider + Klein Metallwaren GmbH & Co. KG,德国,五金,MR.KUECHLER,0049 6575 7 10,0049 6575 7 11 00,"Werner-Klein-Strasse 3, DE 54526, Landscheid",,,WWW.SUKI.DE,欧洲,S
Schmidt GmbH & Co. KG,德国,五金,Hubertus Schmidt,0049 2204 4 00 70,0049 2204 40 07 88,"Frankenforster Strasse 27-29, DE 51427, Bergisch Gladbach",,,www.schmidt-rudersdorf.de,欧洲,S
Schmidt & Co. ApS,丹麦,五金,MR.KARFFEN,0045 59 44 50 05,0045 59 44 49 14,"Spaannebak 18, DK 4300, Holbaek",,,www.toulmabsenendros.dk,欧洲,A
Schmarda Helmut Lederwarenerzeugung,奥地利,五金,Herr Helmut Schmarda,0043 512 587022,0043 512 587022,"Maria Theresien Strasse 7-9, A-6020 Innsbruck, Tirol, Austria",,,,欧洲,A
Schlytter & Co. A/S,挪威,五金,,0047 22 05 05 25/35,0047 22 05 05 65,"Chr. Krohgs gate 16, NO 0186, Oslo",,schlytt@online.no,www.schlytter.no,欧洲,A
SCHLAUCHE & TECHNIK GRUNER & CO. GMBH,德国,五金,THOMAS GLATZ,0049 6321 14010,0049 6321 14798,ROBLAUFSTRABE 7 D-67433 NEUSTADT,,glatz@gruener-tech.de,WWW.GRUENER-TECH.DE,欧洲,S
Schiltz SA,比利时,五金,,0032 2 464 48 40,0032 2 464 48 49,"Chaussee de Gand 1034, B 1082, Bruxelles",,,www.schiltz.be,欧洲,A
Schiffauer GmbH & Co. KG,德国,五金,Armin Wolf,0049 9261 50 90,0049 9261 9 11 59,"Industriestrasse 17, DE 96317, Kronach",,,www.schiffauer-kronach.de,欧洲,S
"SCHERER INDUSTRIAL PRODUCTS, INC.",美国,五金,Robert Scherer,001 404 2528877,001 404 2528867,"5775-B Glenridge Drive, Suite 140,Atlanta,GA",GA 30328,,WWW.SIPINC.COM,北美洲,S
Schenkers International,美国,五金,,001 610 461 3100,001 610 461 7297,"850 Calcon Hook Rd # 1 Sharon Hill, PA 19079-1830 USA",,,WWW.SCHENKERS.COM,北美洲,S
SCHEINERT & SONS INC,美国,五金,,001 201 7914600,001 201 7918551,"404 N. MIDLAND AVENUE,SADDLE BROOK,NJ",NJ 07663,,WWW.SCHEINERTSCREWS.COM,北美洲,S
SCHAEFER INT'L CORP.,台湾省,五金,SIMON YANG,00886 4 22535777,00886 4 22535778,"5F-2,NO.111-66,WEN SHIN ROAD SEC.2.TAICHUNG",,schaefer@ms32.hinet.net,,亚洲,C
Schadebo Den Bosch BV,荷兰,五金,,0031 73 6242400,0031 73 6242399,"Daviottenweg 40, NL 5222 BH, Hertogenbosch,'s-",,info@schadebo.nl,www.schadebo.nl,欧洲,A
SCH ECOMEX,厄瓜多尔,五金,JORGE SCHRECKINGER,00593 2 2807386/2473569,00593 2 2441854,AV.10 DE AGOSTO N 67-82 QUITO,,ecomex@interactive.net.ec,,其他,C
"SCE DEVELOPMENT (CANADA) CO.,LTD.",加拿大,五金,LLOYD L.CHEN,001 604 2311880/6043067780,001 604 2311889,"#146-11788 RIVER ROAD,RICHMOND,BC",V6X 1Z7,electronics@scecoltd.com,WWW.SCECOLTD.COM,北美洲,S
Scanway Engineering Ltd,英国,五金,C. Stokes,0044 121 440 3759,0044 121 440 3759,"Unit 3, 123 Vincent Street, Balsall Heath, GB B12 9SG, Birmingham",,,,欧洲,S
Scanmec aps,丹麦,五金,SCANMEC,0045 55 45 95 00,0045 55 45 95 46,"Bisserup Byvej 42, Bisserup, 4243, Rude",,info@scanmec.dk,http://www.scanmec.dk,欧洲,A
Scanfit (International) Ltd,英国,五金,Mark Stindlay,0044 1603 480400,0044 1603 424547,"Burton Close, Burton Road, GB NR6 6AZ, Norwich",,scanfitint@aol.com,http://www.scanfit.co.uk,欧洲,S
Scandy Arts Crafts AB,瑞典,五金,Mr Haakan Paalsson,0046 40 214000,0046 40 214045,"Bjuroegatan 42, S-211 24 Malmoe",,info@scandy.se,WWW.SCANDY.SE,欧洲,A
SAWASHIN CORPORATION,日本,五金,KIZAWA TAKAO,0081 3 3269 5651,0081 3 3268 5370,"391, WASEDATSURUMAKI-CHO, SHINJUKU-KU, TOKYO 1620041",,,,亚洲,S
"SCANDESS, S.A.",西班牙,五金,PEDER SJAGRER,0034 91 5495230,0034 91 5440376,"GUZMAN EL BUENO, 48//E-28015 MADRID",,,,欧洲,A
"SCANASIA TRADING CO.,LTD.",泰国,五金,JUHA AALTONEN,0066 38 377360/92441418,0066 38 377359,"29/13 M.9 SUKHUMVIT ROAD NONGPRUE,BANGLAMUNG CHONBURI",20260,juha.aaltonen@scanasia.net,WWW.SCANASIA.NET,亚洲,B
SCAN-APRIMA AB,瑞典,五金,C GLOGGENGIESER,0046 31 25 00 90,0046 52167101,"GENERALSGATEN 2 A,S-415 05 GOTEBORG",,,www.scanaprima.se,欧洲,A
SCAN INDUSTRIES (AUSTRALIA) PTY LIMITED,澳大利亚,五金,SIMON PATRICK JUDE SKIBSTED,0061 2 9699 3199,0061 2 9699 8909,30 O'Dea Ave Waterloo NSW 2017,,simon@scanlistening.com.au,,大洋洲,S
SBJ BINAJAYA DEVELOPMENT SDN.BHD.,马来西亚,五金,DATO'TAN LIANG CHONG,0060 9 7481500/199817500,0060 9 7449929,"NO.5400 E & F,BANGUNAN SBJ,JALAN SULTAN YAHYA PETRA,KOTA BHARU,KELANTAN",15200,sbjbinajaya@pd.jaring.my,,亚洲,B
SBAC CO LTD,日本,五金,HATTA NASAAKI,0081 3 3768 0501,0081 3 3768 3782,"11-4, HIGASHIOI 2-CHOME, SHINAGAWA-KU, TOKYO 1400011",,,WWW.SBAC.CO.JP,亚洲,S
"SB. CO.,LTD.",日本,五金,SHAO JIA ZHOU,0081 47 3482526,0081 47 3482543,"RM102,6-42 SHIN-MASTUDO,MASTUDO-SHI,CHIBA-CITY",270-0034,jiawen@dg.mbn.or.jp,WWW.SB-WEB.CO.JP,亚洲,S
SAZIO TRADE,日本,五金,许健,0081 6 62455605/9011552681,0081 6 62455605,NO.120 3-1-7-B SEMBACHUO CHUO-KU OSAKA,,sazio@sazio.com.jp,WWW.SAZIO.CO.JP,亚洲,S
SAYEGH BROTHERS INDUSTRIAL GROUP,约旦,五金,MR. RAMZI SALAMEH,00962 6 4162481,00962 6 4162483,P.O.BOX:533 ABU-ALANDA 11592,11592,npfc@nets.com.jo,WWW.SAYEGHGROUP.COM,亚洲,C
SAYED AHMAD LTD,阿富汗,五金,MUHAMMAD NABI,0093 20 2102815/70276116,0093 20 2102816,"ROOM#2,2ND FLOOR,LATIF MARKET,KABUL",,sayedahmadltd@yahoo.com,,其他,C
SAYAMA KK,日本,五金,SAYAMA TOSHIRO,0081 282 23 1381,0081 282 231457,"11-6, YAMATO-CHO, TOCHIGI-SHI, TOCHIGI 3280037",,,,亚洲,S
SAY FATT SDN.BHD.,马来西亚,五金,NGU SAY BING,0060 84 341188/335389/198873889,0060 84 341199,"NO.4,1/F LORONG TAPANG TIMUR,SIBU,SARAWAK",96000,safasabi@tm.net.my,,亚洲,B
SAWTEX INDUSTRIES INC.,美国,五金,ERIC TSAI,001 562 6925530,001 562 6925560,11612 E.WASHINGTON BLVD.#B WHITTIER.CA 90606,CA 90606,,,北美洲,S
SAWAURA KANAMONOTEN KK,日本,五金,"SAWAURA, TAKAYUKI",0081 270 25 1822,,"9-20, CHUO-CHO ISESAKI-SHI, GUMMA 3720042",,,,亚洲,S
Saw & Tool Services NI Ltd,英国,五金,Mrs M. Abernethy,0044 28 9035 1177,0044 28 9075 5415,"Hillview Enterprise Park, Hillview Road, GB BT14 7B, Belfast",,,www.sawandtool.com,欧洲,S
SAWANO SHOKAI KK,日本,五金,SAWANO MASASHI,0081 52 383 0233,0081 52 3830238,"7-13, MATSUKAGE, SHIMONOISHIKI-CHO, NAKAGAWA-KU NAGOYA-SHI, AICHI 4540945",,,,亚洲,S
SAWAN TANZANIA LIMITED,坦桑尼亚,五金,ARVIND KOTECHA,00255 22 2113252/2134679,00255 22 2112277,MOROGORO RD/ INDIRA GANDHI ST. PLOT NO. 81/98(P.O.BOX 6223) DAR ES SALAAM,,sales@sawantz.com,WWW.SAWANTZ.COM,其他,C
SAWAKAZUMA SHOTEN KK,日本,五金,SAWA HIROYUKI,0081 778 24 5111,0081 778 24 5113,"33-47, HAGURI-CHO, TAKEFU-SHI, FUKUI 9150891",,,,亚洲,S
SAWAGUCHI GEN SHOTEN GS,日本,五金,"SAWAGUCHI, TAKAO",0081 22 291 8563,0081 22 295 1480,"12-15, MASUE MIYAGINO-KU SENDAI-SHI, MIYAGI 9830837",,,,亚洲,S
SAWADAKANAMONO KK,日本,五金,"SAWADA, AKIO",0081 3 3862 7888,,"1-4-3, KANDAIZUMI-CHO CHIYODA-KU, TOKYO 1010024",,,,亚洲,S
SAWA KENSHO KK,日本,五金,"UZAWA, TOSHIZUMI",0081 45 742 1131,0081 45 742 1144,"3RD FL., HG 5 BLDG. 34, SHUKU-CHO 2-CHOME MINAMI-KU YOKOHAMA-SHI, KANAGAWA 2320017",,,,亚洲,S
Savo Design & Technic Oy,芬兰,五金,Harri Savo,00358 9 8 70 08 10,00358 9 87 00 81 50,"Muuntot 1, FI 01510, Vantaa",,savo@savodt.fi,WWW.SAVODT.FI,欧洲,A
SAVERS MART INC.,美国,五金,,001 401 245 3630,001 401 633 6668,3BURR AVE,,nizar@futuretradingusa.com,,北美洲,S
"SAVAKE,C.A.",委内瑞拉,五金,GRAHAM SHROSBREE,0058 212 2386837/2358883,0058 212 2391135,"AV.PRINCIPAL DE BOLEITA NORTE CALLE TIUNA NO.5,EDIF.FERRETOTAL APARTADO 70460-CARACAS 1070-A",,savake@savake.com,,南美洲,C
SANYU KENZAI KK,日本,五金,"OZEKI, HIROSHI",0081 52 231 8641,0081 52 231 0053,"33-13, OSU 1-CHOME NAKA-KU NAGOYA-SHI, AICHI 4600011",,,,亚洲,S
SANYOKOGYO HOKKAIDO SHISUTEMU KK,日本,五金,"TANUMA, AKIRA",0081 11 871 8780,0081 11 871 8783,"1-7, KIKUSUI MOTO-MACHI 2-JO 3-CHOME SHIROISHI-KU SAPPORO-SHI, HOKKAIDO 0030822",,,,亚洲,S
SANYO KOGU CO LTD,日本,五金,"GOTO, KOICHI",0081 792 53 8728,0081 792 53 8738,"504-1, KANOHARADA, HANADA-CHO HIMEJI-SHI, HYOGO 6710252",,,,亚洲,S
SANYEI CORPORATION HONG KONG LTD.,香港,五金,AKINA LEE,00852 23636316/27652205,00852 27641879/27643248/27647891,"14/F.,KAISER ESTATE,PHASE 1,41,MAN YUE STREET,HUNG HOM,KOWLOON",,"richardc@sanyei.com.hk,akinalny@sanyei.com.hk",,亚洲,C
SAUDI FACTORY FOR FIRE EQUIPMENT CO.,沙特阿拉伯,五金,ESAM KASSAB,00966 1 2650070,00966 1 2652190,2ND INDUSTRIAL AREA RIYADH (P.O.BOX 58469 RIYADH 11515),,riyadh@sffeco.com.sa,WWW.SFFECO.COM,亚洲,B
SAUDI CO. FOR HARDWARE,沙特阿拉伯,五金,NAZEM A. KASIM,00966 1 4828877 EXT.246,00966 1 4881920,P.O.BOX 86387 RIYADH 11622,11622,nazem058@saco-ksa.com,WWW.SACO.COM.SA,亚洲,B
"SATYA,SAI ENT'S LTD.",乌干达,五金,NARESH KUMAR,00256 41 236958,00256 41 233209,"PLOT 17/19,LUWUM STREET CITY HOUSE,(P.O.BOX:906 )KAMPALA",,satyasai@swiftuganda.com,,其他,C
SATURN TECHNOLOGIES PTY (LTD),南非,五金,ASIF LATIB,0027 31 2075853/835777865,0027,170 BRICKFIELD ROAD DURBAN,,raqis@webmail.co.za,,非洲,C
SATUDAN ENTERPRISE,加纳,五金,HAUSATU A.MOHAMMED,00233 21 670692/228201,00233,P.O.BOX GP 915932 ACCRA,,,,非洲,C
SATRAII TRADING EST.,阿拉伯联合酋长国,五金,QURESH,00971 2259807/50 6459271,00971 4 2264870,"P.O.BOX: 26458,DUBAI",,satrah@emirates.net.ae,,亚洲,B
SATOKENZAI KANAMONO KK,日本,五金,SATO MASAICHI,0081 55 233 9001,,"9-2, JOTO 1-CHOME, KOFU-SHI, YAMANASHI 4000861",,,,亚洲,S
SATO KANAMONO KK,日本,五金,SATO TORU,0081 22 295 5111,0081 22 295 5335,"1-11, SHINTERA 2-CHOME, WAKABAYASHI-KU SENDAI-SHI, MIYAGI 9840051",,,,亚洲,S
SATO KAN KENZAI KK,日本,五金,"SATO, KENICHI",0081 241 27 2211,,"ARAMACHI 1864, SHIOKAWA-MACHI YAMA-GUN, FUKUSHIMA 9693514",,,,亚洲,S
"SATHIT ENGNEERING CO., LTD.",泰国,五金,CEN YAOCONG,0066 2 4633576/4637093/1 4951017,0066 2 8191385,"62/8 M.3 SOI SUKSAWAD 74/7 SUKSAWAD RD., PHRAPRADANG SAMUTPRAKAM 10130",,,,亚洲,B
SAS AL-ARAB EST,科威特,五金,SASA WU,00965 2640055,00965 2640077,HAWALLI TUNIS ST.P.O.BOX 1753 HAWALLI,32081,cbphone@qualitynet.net,,亚洲,B
SATOK HARDWARE SDN BHD,马来西亚,五金,JAMES LEONG KWAN LONG,0060 82 412995/242995/128866362,0060 82 417075,"LOT 519,G/F RUBBER ROAD,KUCHING,SARAWAK",93400,,,亚洲,B
SATNAM IMPORTS AUSTRALIA PTY.LTD.,澳大利亚,五金,DEEPAK GIDWANI,0061 2 96364321/402106852,0061 2 96367329,"UNIT 6/114 GILBA TD.,GIRRAWEEN,NSW (P.O.BOX 223 PENDLE HILL)",2145,satnamimports@ozemail.com.au,,大洋洲,S
SATI BUILDING MATERIAL & INDUSTRIAL EQUIPMENT TRADING,利比亚,五金,,00218 61 89732/916102309/912140739,00218 61 89732,"SOUQ AL ARAB,AL MARATH,BENGHAZI",,juhaina3@yahoo.com,,其他,C
SASAKI KANAMONO KK,日本,五金,"SASAKI, TOSHIAKI",0081 6 6261 8135,0081 6 6251 1608,"12-32, SHIMANOUCHI 1-CHOME CHUO-KU OSAKA-SHI, OSAKA 5420082",,,,亚洲,S
SASTEX,英国,五金,JOHN FORTE,0044 1761 419 564,0044 1761 411 821,"13, RIVERSIDE WALK,MIDSOMER NORTON, BATH BA3 2PE",,sastex@btinternet.com,www.btinternet.com/~sastex,欧洲,S
SATAKESEISAKUSHO KK,日本,五金,KATAKURA SHINJI,0081 47 332 1211,0081 47 332 1216,"483, FUTAGO-CHO, FUNABASHI-SHI, CHIBA 2730034",,,,亚洲,S
SATAKE CUTLERY MFG CO LTD,日本,五金,SATAKE YASUHIRO,0081 575 22 1631,0081 575 22 1632,"6-21, HIGASHI FUKUNO-CHO, SEKI-SHI, GIFU 5013242",,,,亚洲,S
SATAKE BUSSAN KK,日本,五金,"SATAKE, MASARU",0081 23 686 5213,0081 23 6865120,"965-2, TACHIYAGAWA 3-CHOME YAMAGATA-SHI, YAMAGATA 9902251",,,,亚洲,S
SAT SETIA HARDWARE S/B,马来西亚,五金,,0060 3 80622810,0060 3 80622812,"36,JALAN UTAMA 2/1,MAJU,JAYA",47100,,,亚洲,B
SASCO TOOLS AND EQUIPMENT,美国,五金,,001 2127600101,001 2122688666,"432 CONEY ISLAND AVE,BROOKLYN, NY 11230U.S.A.",,leo.lee@verizon.net,,北美洲,S
SASCO EST.,黎巴嫩,五金,MOHAMAD C. SERHAL,00961 3 217124/395454,00961 7 241159,P.O.BOX:114-5083 BEIRUT,,sasco@terra.net.lb,,亚洲,C
SARL IMPORT-EXPORT,阿尔及利亚,五金,A. HAMID,00213 21 531318,00213 21 241834,"LOT 209,BARAKI-16210",,aboubdz@yahoo.fr,,非洲,C
SASAMOTO KINSAKU SHOTEN KK,日本,五金,"SASAMOTO, YASUHISA",0081 42 551 2521,0081 42 551 6205,"126, SHIMO FUSSA-SHI, TOKYO 1970023",,,,亚洲,S
SASAKI SEKIZAI KK,日本,五金,"SASAKI, MIKIHARU",0081 25 284 8214,,"12-6, SONOKI 2-CHOME NIIGATA-SHI, NIIGATA 9501135",,,,亚洲,S
SASAKI SANGYO KK,日本,五金,SASAKI SHINICHI,0081 53 475 5000,0081 53 462 5870,"548, SUKENOBU-CHO, HAMAMATSU-SHI, SHIZUOKA 4300903",,,,亚洲,S
SASAGE KINZOKU KK,日本,五金,"SASAGE, KAZUTOSHI",0081 256 34 6100,0081 256 347765,"21-22, SHIMOSAKAI SANJO-SHI, NIIGATA 9550042",,,,亚洲,S
SARNA TRADING,阿拉伯联合酋长国,五金,MR.SHAFEER AHAMED,00971 4 8816557/506449761,00971 4 8819529,"P.O.BOX:61493,JEBEL ALI FREE ZONE,JEBEL ALI DUBAI",,sarna@emirates.net.ae,,亚洲,B
SARL ZIRCON,阿尔及利亚,五金,Mr. MOKRI SID'AHMED,00213 21 601148,00213 21 605146,"VILLA 27,RUE 2,LOTISSEMENT PETITE PROVENCE,HYDRA ALGIERS",,,,非洲,C
SARL AMA,法国,五金,RONAN FEILLANT,0033 2 98860808/607436702,0033 2 98860315,1 RUE CLONAKILTY BP 8 29150 CHATEAULIN,,,,欧洲,A
SARL KENZA IMP-EXP,阿尔及利亚,五金,Y.ANNOUN,00213 21 950695/61 506129,00213 21 950695,B.E.K.ALGER,,announr@yahoo.com,,非洲,C
SARL GOLDEN TOOLS,阿尔及利亚,五金,AGGOUNE NOUREDINE,00213 36 877761,00213 36 877761,COOP.IMMOBILIERE EN-NOUR (19600)-EL-EULMA,,,,非洲,C
SARL ELIMAD,阿尔及利亚,五金,BRAHIMI NOUARL,00213 36 865413,00213 36 862027,ELEUIMA SETIF,19600,,,非洲,C
SARL CUISI NORD INTERNATIONAL,法国,五金,M DIDIER,0033 3 22871174,0033 3 22871863,"2 RUE DE L EGLISE, 80700, BALATRE",,,,欧洲,A
SARL COSDIM.,阿尔及利亚,五金,MDRAMED METHAY,00213 21 860199,00213 21 860325,LOT NO.8 HAMIE 04,,cosdim-sarl@yahoo.fr,,非洲,C
SARL BENNOUR BELKACEM,阿尔及利亚,五金,,00213 41 402486,00213 41 414764/402486,"10,BD MARCEAU,ORAN",,b-bennour8@hotmail.com,,非洲,C
SARL B&H IMPORT,阿尔及利亚,五金,HASSANI-MOHAMED-MILOUD,00213 35 684119/680880/61638220/61504164,00213 35 684119,602 FG..DU.1 NOUVEMBRE-BBA,34000,m-miloud@yahoo.fr,,非洲,C
SARK FOREIGN TRADE,土耳其,五金,SENOL KALKAN,0090 212 5226605,0090 212 5191331,TAHTAKALE CD.NO.94 EMINONU ISTANBUL,,sarkdt@mynet.com,,亚洲,B
Sariva,芬兰,五金,MAMM,00358 9 1 35 12 61,00358 9 1 35 13 81,"Mariank 26 A, FI 00170, Helsinki",,,,欧洲,A
SARINA ACCESSORIES WHOLESALE,美国,五金,SHAY MIZAN,001 619 4268888/6197785677,001 619 4268886,"669 PALOMAR ST.,STE.D CHULA VISTA,CA 91911",CA 91911,,,北美洲,S
SARGENT MFG.,美国,五金,,001 203-498-1172,,"100 SARGENT DR, NEW HAVEN, CT 06511-5943",,,,北美洲,S
SARGENT MANUFACTURING CO,美国,五金,Carrie Johnson,001 203-562-2151,001 203-603-5987,"P.O. Box 9725, New Haven, CT 06536-0915, USA",,,WWW.SARGENT.COM,北美洲,S
SARAFIAN TRADING,黎巴嫩,五金,,00961 1 889688/3241304,00961,ZALKA,,sarafian@inco.com,,亚洲,C
SARAM INTERNATIONAL,美国,五金,,001 8182432627,001 8182432627,"442 WEST STOCKER STREET, SUITE B,GLENDALE, CA-91202,U.S.A.",,amithani@hotmail.com,,北美洲,S
SARAJ GRUP,马其顿共和国,五金,ABDULLA SALIU,00389 2 2039385/70244711,00389 2 2039385,"SARAJ,M.TITO 39 SKOPJE",1000,sgr@unet.com.mk,,其他,C
"SARAWAK, INC",美国,五金,,001 2539415588,001 2539415588,"5112 S. 291ST STREET,AUBURN, WA 98001,U.S.A.",,dorastan@netscape.net,,北美洲,S
SARAVANA HARDWARE STORES,印度,五金,S.PONNUDURAI,0091 431 709275/709851,0091 44 410750,"234-235, MYLAMCHANDAI TRICHY",620008,,,亚洲,C
SARATAN ENTERPRISES,加纳,五金,SARAH TANIKIE,00233 21 662362,00233,P.O.BOX 14792 ACCRA,,sallieray@yahoo.com,,非洲,C
SARAMCO LTD.,香港,五金,RIYAZ M. NASSER,00852 25450061,00852 25459446,"1203, CAR PO COMML. BLDG. 18-20 LYNDHURST TERRACE(G.P.O.BOX 9807)",,,,亚洲,C
SARABO,摩洛哥,五金,ABDELMAJID ABOU ELFATH,00212 22 613772/61328693/13678917735,00212 22 613743,"HAY TISSIR II,LOT 99,2E ETAGE APPT.4,HAY MOHAMMADI AIN SEBAA CASABLANCA",,sarabo@iam.net.ma,,非洲,C
SARA CO.,埃及,五金,MOHAMED ABD EL AZIZ ESHRA,0020 45 2910096,0020 45 2911000,EDCA BEHIRD ST.EL SAID ABD ELGLIL ALEX,,sara_co@arabia.com,,非洲,C
SAQUI TRADING CORPORATION,巴基斯坦,五金,SHAHAZAD SAQI,0092 42 7237436/7120606,0092 42 7355498,"5-AFTAB CHAMBERS 4TH FLOOR 15-PATIALA GROUND,LINK MCLEOD ROAD,LAHORE(P.O.BOX 1250 LAHORE)",,,,亚洲,C
SAQER AL-KUWAIT EST.,科威特,五金,MADASSAR ABBAS,00965 4812428,00965 4837690,P.O.BOX 26605 SAFAT,13127,saqar@qualitynet.net,,亚洲,B
SANYO OKABE KK,日本,五金,HANADA AKIYOSHI,0081 82 254 4811,0081 82 2542685,"4-14, DEJIMA 2-CHOME, MINAMI-KU HIROSHIMA-SHI, HIROSHIMA 7340013",,,,亚洲,S
SENTORA CORPORATION,美国,五金,PETER T. KONISHI,001 562 9088855,001 562 9088852,"9555 BRASHER STREET,PICO RIVERA,CA",CA 90660,,,北美洲,S
SENTOKU KK,日本,五金,"ICHIBA, TAKESHIRO",0081 6 6768 1019,,"10-20, TAMATSUKURIHON-MACHI TENNOJI-KU OSAKA-SHI, OSAKA 5430013",,,,亚洲,S
SGTP,法国,五金,MME DE YOUNGMEISTER DOMINIQUE,0033 1 69037435,0033 1 69428539,"23 RUE DE L INDUSTRIE, ZONE ARTISANALE DE MAINVILLE, 91210, DRAVEIL",,sgtp@wanadoo.fr,WWW.SGTP.NET,欧洲,A
"SEO-DO METAL CO., LTD.",韩国,五金,"LEE, JAE-SOON",0082 02-682-4985,0082 02-614-5512,"RM DA-4306, CHUNGANG CIRCULATION COMPLEX. 1258, KUROBON-DONG, KURO-KU,SEOUL",152-059,seodo@seodo.com,,亚洲,A
"SEO WOO TRADING CO.,LTD.",韩国,五金,梁光锡,0082 54 9757847,0082,SEOUL,,ykseog@hanmir.com,,亚洲,A
SEO RIN TRADING CO.,韩国,五金,KIM KUN BAE,0082 2 26346495/1197106495,0082 2 26354820,"NO.402-YANG PYEONG BLDG,NO.241 YANGPYEONGDONG-4GA,YEONGDUNGPO-GU,SEOUL",,se-rin00@hanmail.net,,亚洲,A
SENVIEW EQUITY SDN.BHD.,马来西亚,五金,LYNDY LEE,0060 6 7995963/123087698/12 6376553,0060 6 7999343/3 89483279,"NO.117,JALAN NILAI 3/12,KAWASAN PERINDUSTRIAN NILAI 3,NILAI,NEGERI SEMBILAN",71800,homemate@tm.net.my,,亚洲,B
SENUKU PREKYBOS CENTRAS LTD.,立陶宛,五金,VILMA KARVELIENE,00370 37 304854/304855/304649/304647/65059503/6991,00370 37 304640/304605/304604,PRAMONES 6 LT-3031 KAUNAS,LT-3031,vilkac@senukai.lt;andcek@senukai.lt;vilkar@senukai.lt,www.senukai.lt,其他,C
SENTEI KK,日本,五金,KAKOI GINJIRO,0081 99 223 7421,0081 99 2256244,"9-25, KINKO-CHO, KAGOSHIMA-SHI, KAGOSHIMA 8920836",,,,亚洲,S
SANWABYORA YK,日本,五金,"ISHII, AKIO",0081 3 3433 1706,0081 3 3433 1709,"1ST FL., DAI-3 MATSUZAKA BLDG. 2-5, TORANOMON 4-CHOME MINATO-KU, TOKYO 1050001",,,,亚洲,S
SANWA TRAIDING CO LTD,日本,五金,"HANAMOTO, TSUNEO",0081 6 6475 4422,0081 6 64754427,"7-17, MITEJIMA 1-CHOME NISHIYODOGAWA-KU OSAKA-SHI, OSAKA 5550012",,,,亚洲,S
SANWA TRADING CORPORATION,日本,五金,RYUICHI TAKAHARA,0081 3 56003834,0081 3 56003836,"TAHO BLDG.7F,3-12-7,CHITOSE,SUMIDA-KU,TOKYO",130-0025,sw-th@k6.dion.ne.jp,,亚洲,S
SANWA NUTS INDUSTRIES LTD,日本,五金,KIMURA SHINJI,0081 72 236 0381,0081 72 2360100,"62, KUSAO, SAKAI-SHI, OSAKA 5998127",,,HTTP://VILLAGE.INFOWEB.NE.JP,亚洲,S
SANWA I CO LTD,日本,五金,KUMATA TOKIWA,0081 6 67476600,0081 6 67447222,"93-BI53, HONJO NISHI 2-CHOME, HIGASHIOSAKA-SHI, OSAKA 5780965",,,WWW.SANWA-I.CO.JP,亚洲,S
SANWA AND CO LTD,日本,五金,KAWANO YUKIO,0081 48 864 3121,0081 48 864 3550,"11-19, SHIRAHATA 4-CHOME, SAITAMA-SHI, SAITAMA 3360022",,,,亚洲,S
SGT SANAYI VE TICARI URUNLER DIS TICARET LIMITED SIRKETI,土耳其,五金,HARUN SINAY,0090 232 4258410/4414537,0090 232 4837043,CUMHURIYET BULVARI ERBOY IS HANI NO.82/801 35210 IZMIR,,sinay@sgt.com.tr,,亚洲,B
Santpoort BV,荷兰,五金,M. Cornelisse,0031 23 5319210,0031 23 5329843,"A. Hofmanweg 20, NL 2031 BL, Haarlem",,,www.santpoort.com,欧洲,A
SANTOMI KOGYO KK,日本,五金,MITSUKUCHI NOBORU,0081 52 871 7311,0081 52 8717318,"5-22, TAKATSUJI-CHO, SHOWA-KU NAGOYA-SHI, AICHI 4660057",,,,亚洲,S
SHABBIR TRADING CO.,印度,五金,,0091 22 22085152,0091 22 22091024,"136,LOHAR CHAWL,DIAMOND BUILDING,MUMBAI",400002,,,亚洲,C
SGJ HARDWARE PLYWOOD ENTERPRISE,马来西亚,五金,B.H.SAW,0060 3 77261873/122971663,0060 3 77268873,"NO.E-G-3B,JALAN PJU 10/9,PRIMA,DAMAN SARA PJU 10,PETALING JAYA,SELANGOR",47830,sgjhardware@hotmail.com,,亚洲,B
SGJ FURNITURE HARDWARE PLYWOOD SDN.BHD.,马来西亚,五金,B.H.SAW,0060 3 61567373/61567878/12 2971663,0060 3 77268873,"NO.19 JALAN TS 6/6,TAMAN INDUSTRI SUBANG,47510 SUBANG JAYA.SELANGOR D.E",,sgjfurniturehardware@hotmail.com,,亚洲,B
SGEXIM SINGAPORE PRIVATE LIMITED,新加坡,五金,SABEEL AHMED,0065 62504541,0065 62506545,76 lorong limau,320076,sgexim@singnet.com.sg,,亚洲,A
SFTI BATTERY,埃及,五金,ESSAM REFAIE,0020 2 3025181/3027701/122113415,0020 2 3026482,"24,AL NAKIB FAWZI AL RAMAH ST.,MOHANDESEEN,GIZA",,essamrk@link.net,,非洲,C
SEYED ALI SHIPPING CO. L.L.C.,阿拉伯联合酋长国,五金,SYED ALI SAEIDI,00971 4 2277044/506531215,00971 4 2274920,"P.O.BOX:30399,DUBAI",,saliship@emirates.net.ae,,亚洲,B
"SEWAN TRADING CO.,LTD.",韩国,五金,SHIN,0082 2 5041091/5041092/117691091,0082 2 5041093,"GWACHON OFFICETEL NO. 9026,1-14 BYULYANG,GWACHON-SI,KYUNGGI-DO",427-040,sewantr@hotmail.com,,亚洲,A
SEVEN HARDWARE CONSTRUCTION AND TEXTILE CO.,土耳其,五金,MUSTAFA SEVEN,0090 5335704695,0090 232 4250008,GAZI OSMAN PASA BLV.NO.62/B-5 CANKAYA IZMIR,,mustafa@sevenhirdavat.com,,亚洲,B
SEVA,法国,五金,M GIRARDOT,0033 3 85472500,0033 3 85472599,"43 RUE DU PONT DE FER, BP 176, 71105, CHALON SUR SAONE CEDEX",,maurice.girardot@saint-gobain.com,WWW.SAINT-GOBAIN-SEVA.COM,欧洲,A
SETTRONIC CORP.,阿根廷,五金,SERGIO LEVENZON,0054 11 48089327,0054,"CASTEX 3422 4TH FLOOR COD,BUENOS AIRES",1425,sergioleven@fibertel.com.ar;sergioleven@hotmail.com,,南美洲,B
SETTCO INC,美国,五金,JEFF SETTLE,001 559 230 1100,001 559 230 1110,"4839 N BLACKSTONE AVE, FRESNO, CA 93726",,sales@settco.com,www.settco.com,北美洲,S
SETRANSA,西班牙,五金,ADRIAN GOMIS,0034 93 4870714,0034 93 2687048,RONDA SANT PERE.44 ENTLO 1A 08010 BARCELONA,,barcelona@setransa.com,WWW.SETRANSA.COM,欧洲,A
SETO CUTLERY MFG CO LTD,日本,五金,"SETO, YOUICHI",0081 575 22 8892,0081 575 24 1895,"674, INAGUCHI SEKI-SHI, GIFU 5013932",,,WWW.SETOCUT.CO.JP,亚洲,S
SETIMPEX,法国,五金,ALAIN DOUEK,0033 1 40267626,0033 1 40264941,"48,RUE VIVIENNE 75002,PARIS",,setimpex@aol.com,WWW.SETIMPEX.COM,欧洲,A
SETHI BROTHERS,印度,五金,ARVIND SETHI,0091 11 23658632,0091,"75 A SHAHZADA BAGH,DELHI",110035,arvinds6690@hotmail.com,,亚洲,C
SETEVAD LTD.,加纳,五金,EVA ADU,00233 20 8139649,00233 21 810278,P.O.BOX 9897 K.I.A. ACCRA,,setevad@hotmail.com,,非洲,C
SERVISTAR HOME CENTER,厄瓜多尔,五金,FREDY MALDONADO,00593 4 2291714 EXT.141,00593 4 2282376,AV. DE LAS AMERICAS Y CALLE 7MA GUAYAQUIL,,evejar@ecua.net.ec,,其他,C
"SERVICIOS Y PRODUCTOS INTERAMERICANOS,S.A.",巴拿马,五金,MR.GUILLERMO LEBLANC,00507 2331659/2171148/6126910,00507 2171148/2335187,"VIA TOCUMEN,URBANIZACION,SAN CRISTOBAL,APDO 2296,ZONA 9A,PANAMA",,seprisa@bellsouth.net.pa,,其他,C
"SEONGBO CONST IND CO., LTD.",韩国,五金,"PARK, SEONG-TAE",0082 (02)539-1501,0082 (02)539-2726,"SEONGBO B/D, 718-24, YUKSAM-DONG, KANGNAM-GU, SEOUL",135-082,chungsj@seongpo.com,,亚洲,A
ServiceGrossisterna AB,瑞典,五金,Mr Aake Nilsson,0046 8 6329252,0046 8 7512266,"Box 1295 (Isafjordsg. 11, 5tr), S-164 29 Kista",,,,欧洲,A
SERVICE-CENTER BRUNNER GBR,德国,五金,MR BRUNNER,0049 5352 969932,0049 5352 969924,"NIEDERNSTR. 29,38364 SCHOENINGEN,GERMANY",,,http://www.service-center.de,欧洲,S
SERVICE PLUS DIST. INC.,美国,五金,,001 215-785-4466,001 215 7853231,"1900 FROST RD STE. 101, BRISTOL, PA 19007-1519",,contract@spdhardware.com,www.spdhardware.com,北美洲,S
Service Caster Corp.,美国,五金,Ronald T. Manz,001 610 4788220,001 610 4788227,"9 S. 1st Ave.,Reading, PA 19611-1314,USA",,service.caster@aol.com,www.servicecaster.com,北美洲,S
"SERV-A-LITE PRODUCTS,INC.",美国,五金,BILL HINTZ,001 309 752 1255,001 309 752 1266,"3451 MORTON DR, EAST MOLINE, IL 61244",,m.oles@serv-a-lite.com,www.serv-a-lite.com,北美洲,S
Serto U K Ltd,英国,五金,Kurt Tanner,0044 1527 573960,0044 1527 870291,3 West Court Buntsford Business Park Buntsford Park Road Bromsgrove B60 3DX,,sales@serto.co.uk,http://www.serto.co.uk,欧洲,S
Serrano Industrial y Comercial S. A.,西班牙,五金,Mr. Ricard Puigferrat,0034 93 330 09 00,0034 93 339 50 74,"Galileu, 32 36, E 08028, Barcelona",,,,欧洲,A
SERINCOM,突尼斯,五金,TAOUFIK DOGHRI,00216 71 383577/384577/382792,00216 71 380281,"KM 7,GP1 ROUTE DE SOUSSE,Z.I.DE BEN AROUS.B.P.185,2013 BEN AROUS",,,,非洲,C
SENDAYAN PROPERTIES SDN.BHD.,马来西亚,五金,LOUIS T.H.TING,0060 82 231300,0060 82 231600,"1ST FLOOR,LOT 283,LORONG RUBBER NO.9,JALAN RUBBER,KUCHING,SARAWAK",93400,thting@hotmail.com,,亚洲,B
SENDAI NEJI KK,日本,五金,"YANAGIHASHI, KUNIHIKO",0081 22 227 1541,0081 22 227 1870,"15-33, ICHIBAN-CHO 1-CHOME AOBA-KU SENDAI-SHI, MIYAGI 9800811",,,,亚洲,S
SEDIKELEC S.A.R.L,摩洛哥,五金,MOHAMMED SEDIK,00212 22 445229/441281/444122/61320398,00212 22 444122/834621,176.178 BD MOHAMED VL CASABLANCA,,sedik@sedikelec.com,,非洲,C
SEDIGHI GENERAL TRADING CO.,伊朗,五金,DAVIS BAI,0098 21 7523000/911 2243864,0098 21 7536060,"1ST FLOOR,NO.80,MALEK ST.,SHARIATI AVE.,TEHRAN",1565794118,hardwaretrdg@hardwaretrdg.com;davis@hardwaretrdg.com,WWW.HARDWARETRDG.COM,亚洲,C
SEDIA KK,日本,五金,"MIZUNO, KENJI",0081 52 355 3551,0081 52 355 3553,"MAISON MURASE 1F, 93, NINYOSHI-CHO 5-CHOME NAKAGAWA-KU NAGOYA-SHI, AICHI 4540036",,sedea@aqua.ocn.ne.jp,,亚洲,S
SEDI,法国,五金,M MALAVIEILLE PATRICE,0033 1 69366400,0033 1 69366419,"6 RUE JEAN MERMOZ, ZONE INDUSTRIELLE SAINT GUENAULT, 91080, COURCOURONNES",,sedif@sedi-fibres.com,,欧洲,A
sempurna jaya,印度尼西亚,五金,rusli chandra,0062 721 482778/481539/482135,0062 721 487125,"jl.ikan tongkol kompleks ruko tahap 2 blok b no.10-11, TELUKBETUNG,BANDAR, LAMPUNG",,,,亚洲,B
SEOUL DIE CUTTING SYSTEMS,韩国,五金,"LIM, KUK-WON",0082 02-461-4390,0082 02-3409-3883,"16-4, SONGSU 1-GA-DONG SONGDONG-GU, SEOUL",133-110,,WWW.SDCS.CO.KR,亚洲,A
SENNHUAT INDUSTRIAL HARDWARE TRADING SDN. BHD.,马来西亚,五金,CHIA WAI MENG,0060 3 79802088/123387423,0060 3 79800308,"NO.19,JALAN 5/108C,TAMAN SUNGEI BESI,OFF JALAN SUNGEI BESI,57100 KUALA LUMPUR",,senhuat@pd.jaring.my,,亚洲,B
SEER,法国,五金,M VERGNE JACK,0033 5 46306680,0033 5 46447162,"AVENUE PAUL LANGEVIN, 17187, PERIGNY CEDEX",,groupespiral@groupespiral.fr,,欧洲,A
SEE TAT SDN.BHD.,马来西亚,五金,RAYMOND TAY,0060 3 80757225/124109244,0060 3 80703636,"NO.7,JALAN RAJAWALI 3,BANDAR PUCHONG JAYA,BATU 8,JALAN PUCHONG,47100 PUCHONG,SELANGOR DARUL EHSAN",,seetat@pd.jaring.my,,亚洲,B
SEDERATED CO-OPERATION,加拿大,五金,D.VOGELGESANG,001 306 2443123,001 306 2443403,VANCOUVER B.C.,V6H 3L1,dhd3275@sysm.fcl.ca,,北美洲,S
SEDA HEDIYELIK ESYA OYUNCAK SAN.TIC.LTD.STI.,土耳其,五金,M.MURAT ABACIOGLU,0090 212 5289904/5325884563,0090 212 5119834,RIZAPASA YOKUSU SARK HAN NO:23/189 EMINONU ISTANBUL,,sedatoys@isnet.net.tr,,亚洲,B
Schneider + Klein Metallwaren GmbH & Co. KG,德国,五金,MR.KUECHLER,0049 6575 7 10,0049 6575 7 11 00,"Werner-Klein-Strasse 3, DE 54526, Landscheid",,,WWW.SUKI.DE,欧洲,S
"SCHERER INDUSTRIAL PRODUCTS, INC.",美国,五金,Robert Scherer,001 404 2528877,001 404 2528867,"5775-B Glenridge Drive, Suite 140,Atlanta,GA",GA 30328,,WWW.SIPINC.COM,北美洲,S
"SCHROEDER'S MIDWEST MARKETING, INC.",美国,五金,Peter Schroeder,001 847 8251868,001 847 8250079,"1052 N. Northwest Hwy.,Park Ridge,IL",IL 60068-0495,smminc@aol.com,,北美洲,S
Senco Fastening Systems (Ireland) Ltd,爱尔兰,五金,Mr. John Brady,00353 1 4567773,00353 1 4500453,"Walkinstown, Dublin 12",,,www.senco.ie,欧洲,A
SEKINO KOSAN KD,日本,五金,SEKINO MITSUTOSHI,0081 76 479 2221,0081 76 4792228,"277-12, MIZUHASHI KAIHOTSU, TOYAMA-SHI, TOYAMA 9393542",,,,亚洲,S
SEIMEI SHOKAI KK,日本,五金,"KOJIMA, TADASHI",0081 6 6762 3877,,"11-5, KAWARAYA-MACHI 2-CHOME CHUO-KU OSAKA-SHI, OSAKA 5420066",,,,亚洲,S
SEIMA,澳大利亚,五金,JIM SEGREDOS,0061 8 83328877/418 486702,0061 8 83328723,PO BOX 308 KENSINGTON PARK SOUTH AUSTRALIA,5068,jim@seima.com.au,,大洋洲,S
SENG YEE HENG HARDWARE TRADING SDN. BHD.,马来西亚,五金,ANDY NG S.SENG,0060 4 9761152/12 4716422,0060 4 9774478,"NO.41,JALAN KANGAR-ALOR SETAR,TAMAN PERTIWI,01000 KANGAR,PERLIS INDERA KAYANGAN",,,,亚洲,B
SENG KONG SOON HARDWARE SDN. BHD.,马来西亚,五金,JAMES Y.H. LEONG,0060 85 412368/424586/138398228,0060 85 417668,"LOT 2033,GROUND FLOOR,KROKOP MAIN ROAD,P.O.BOX 274,MIRI,SARAWAK",98007,,,亚洲,B
SENG HUAT HANG SDN.BHD.,马来西亚,五金,LOH LIEW HONG,0060 4 5070991/194113406,0060 4 5070891,"1473,LORONG PERUSAHAAN MAJU 8,PRAI INDUSTRIAL ESTATE 4,13600 PRAI,SPT,PENANG",,senghh@myjaring.net,,亚洲,B
Seng Huat Enterprises(Pte)Ltd,新加坡,五金,Alvin Lee,0065 62980655,0065 62965744,"377-383,Jalan Besar, 208999, Singapore",,,,亚洲,A
SENEL MADENI ESYA SAN. VE TIC.A.S.,土耳其,五金,M.CEMAL SEN,0090 216 3164760,0090 216 3353561/3356747,ALEMDAG CAD SITE YOLU UNTEL SK NO 20 UMRANIYE-ISTANBUL,81250,senel@turk.net,WWW.SENEL.COM.TR,亚洲,B
SENEKKUSU KK,日本,五金,"SHIMONO, RYOSAKU",0081 6 6369 0141,0081 6 6369 1555,"5-26, ENOKI-CHO SUITA-SHI, OSAKA 5640053",,,,亚洲,S
SENDA CO LTD,日本,五金,SENDA YOSHIKAZU,0081 6 66325851,0081 6 66415873,"8-16, NAMBA SENNICHIMAE, CHUO-KU OSAKA-SHI, OSAKA 5420075",,,www.senda.co.jp,亚洲,S
SEMPER-BENIN SARL,贝宁,五金,CHEN JIANGUO,00229 318591/986842,00229 318591,OI B.P.2538 CARRE 1209/0 COTONOU REP.DU BENIN,,,,其他,C
SEMAK MAKINA TICARET VE SANAYI LTD. STI.,土耳其,五金,Mr. SULEYMAN KELES,0090 216 4594865,0090 216 4429325,ALTAY CESME MAH. YASEMIN SOK. NO:39 KAT:1 MALTEPE-ISTANBUL,81530,k.selim@superonline.com,,亚洲,B
SEM TEC INC.,美国,五金,JOSEPH M KROSOCZKA,001 508-798-8551,001 508-799-0328,"47 LARGRANGE ST, WORCESTER, MA 01610",,,,北美洲,S
Selchau A/S,丹麦,五金,,0045 97 52 44 11,0045 97 52 07 67,"Bilstrupvej 2, DK 7800, Skive",,,www.selchau.dk,欧洲,A
SELLSTROM MFG. CO.,美国,五金,DAVID PETERS,001 847-358-2000,001 847-358-8564/358 2036,"ON SELLSTROM DR, PALATINE, IL 60067",,,www.sellstrom.com,北美洲,S
Selkent Industrial,英国,五金,G. Martin,0044 20 8699 6777,0044 20 8699 6709,"Willow House, 51-57 Willow Way, Sydenham, GB SE26 4Q, London",,,,欧洲,S
Selim Sankari - Import,以色列,五金,Avraham Sankari,00972 3 6822861,00972 3 6822705,"24 Abulafia Street, 66870, Tel Aviv Yafo",,,,亚洲,A
SELFIX INCORPORATED,美国,五金,BILL FOTO,001 773 8901010,001 773 8900523,"4501 W. 47TH ST.,CHICAGO,IL",IL 60632,,WWW.HPII.COM,北美洲,S
SELETC DISTRIBUTORS INC.,美国,五金,,001 214-350-8484,001-214-350-0772,"2608 PERTH ST,DALLASTX 75220,U.S.A.",,selectdistinc@netscape.net,,北美洲,S
"SELECTA,S.A.",西班牙,五金,MR.MARRON,0034 93 4948050,0034 93 4948051,"URGEL 240,BARCELONA",,,,欧洲,A
Select Import,瑞典,五金,Mr Jan Andersson,0046 46 712146,001 603 6762362,"Snickarev. 13, S-246 33 Loeddekoepinge",,,,欧洲,A
SELECT DPS,美国,五金,TECHESTER,001 8054557319,001 8056813319,"5383 HOLLISTER AVE,SUITE 240 SANTA BARBARA,CA 93111,U.S.A.",,tchester@selectdps.com,,北美洲,S
SEKI KANAMI KK,日本,五金,"SEKI, YUKIO",0081 254 27 3141,0081 254 273499,"128, HIWATASHI SHIBATA-SHI, NIIGATA 9570072",,,,亚洲,S
Seiwa Supply Inc.,日本,五金,BABATO,0081 424 80 8515,0081 424 80 8517,"11-5-202, Fuda 4-chome, Chofu-shi, Tokyo 182-0024",,,,亚洲,S
SELAYANG JAYA MARKETING SDN. BHD.,马来西亚,五金,K. C. CHUA,0060 3 61389882,0060 3 61384618,"NO. 5,JALAN SJ5,TAMAN SELAYANG JAYA,68100 BATU CAVES,SELANGOR",,sjmgh@tm.net.my,,亚洲,B
SEL JAPAN INC,日本,五金,KOBAYASHI YASUNOBU,0081 3 3451 5981,0081 3 34539966,"SHIBA KOTOBUKI BLDG. 30-11, SHIBA 2-CHOME, MINATO-KU, TOKYO 1050014",,sakurai@seljapan.co.jp,,亚洲,S
SEKIGIKU KK,日本,五金,SEKI HIDEMICHI,0081 766 21 1313,0081 766 25 2633,"1-10, SHOWA-MACHI 3-CHOME, TAKAOKA-SHI, TOYAMA 9330946",,,,亚洲,S
SEJIN WALL-TECH LTD.,韩国,五金,Mr. HUN S. SUH,0082 2 7615651,0082 2 7615640,"#1004 MANHATTAN BLDG 36-2, YOUIDO-DONG, YOUNGDOUNGPO-KU, SEOUL",,sejinwt@unitel.co.kr,,亚洲,A
SEJATI JAYA,印度尼西亚,五金,Mr. TOKOBESI,0062 61 4573205/4571149,0062 61 4563664,ALAMAT:JL.TEMBER NO.17 MEDAN,20212,,,亚洲,B
SEJAHTERA PTE LTD.,印度尼西亚,五金,SUDIMAN TANDRA(AHONG),0062 21 6245858/6498018/811170970,0062 21 6499842,JL.PINANGSIA TIMUR RAYA 22H JAKARTA,11110,,,亚洲,B
Seinajoen Rakennustarvike ja Lukko Oy,芬兰,五金,MR.JUHI.MELEHTINEN,00358 6 4 14 14 75,00358 6 4 14 07 12,"Kauppanelio 11, FI 60120, Seinajoki",,,WWW.SRL.FI,欧洲,A
SEINA STORES,也门共和国,五金,RADHWAN ABDULHAQ SAEED,00967 1 503903,00967 1 503902,P.O.BOX 30 SANA'A,,alhaqgroup@y.net.ye,,其他,C
SEGURO INDUSTRIAL COMPANY,香港,五金,PYAR ALI,00852 23677158/98167599,00852 27220261,"SUITE C-5,15TH FLOOR,HANKOW CENTRE,1-C,MIDDLE ROAD,TST,KOWLOON",,indsegro@netvigator.com;indsegro@netvigator.com,,亚洲,C
SEGURA TRADING,美国,五金,BUTCH,001 3378579009,001 3372912598,"157 VINCENT ROAD,LAFAYETTE,LA 70508,U.S.A.",,esegura@juno.com,,北美洲,S
SEGUETAS LENMEX,墨西哥,五金,ING.EDWIN M.MARADIAGA V.,0052 81 83743474 EXT.229,0052 83743494,"GUERRERO 2314 COL.15 DE MAYO,MONTERRY,N.L.",64450,edwinm@seguetaslenmex.com.mx,WWW.SEGUETASLENMEX.COM.MX,北美洲,B
SEDIQ OHG HANDICRAFTS,德国,五金,ING.M.SARIF SEDIQ,0049 69 296323/1716833144,0049 69 296207,"HANAUER LANDSTR.213,60314 FRANKFURT A.M.",60314,sediq-ohg@t-online.de,,欧洲,S
Security Distributing & Marketing Pte Ltd,新加坡,五金,,0065 62964029,0065 62919120,"Jalan Besar Plaza, 101,Kitchener Road #03-44, 208511, Singapore",,sdmsin@pacific.net.sg,http://www.sdm.com.sg,亚洲,A
SEIKO S-YARD CO LTD,日本,五金,"KOBE, KUNIJI",0081 3 5644 4681,,"7-2, NIHOMBASHI HON-CHO 3-CHOME CHUO-KU, TOKYO 1030023",,,,亚洲,S
SEIKO INDUSTRY CO LTD,日本,五金,NOBUHARA TETSUJI,0081 6 65380731,0081 6 65392888,"14-38, SHIN-MACHI 1-CHOME, NISHI-KU OSAKA-SHI, OSAKA 5500013",,,,亚洲,S
SEIKIDO KK,日本,五金,"HIRATA, MAMORU",0081 86 231 0322,0081 86 231 0323,"4-17, SEIKIBASHI 1-CHOME OKAYAMA-SHI, OKAYAMA 7000861",,,,亚洲,S
SEIKA SANGYO GmbH,德国,五金,,0049 211 4 15 80,0049 211 4 79 14 28,"Heltorfer Strasse 16, DE 40472, Duesseldorf",,info@seika-germany.com,http://www.seika-germany.com,欧洲,S
SEIBU KASETSUKIZAI KK,日本,五金,"TANAKA, MASANORI",0081 99 229 3144,0081 99 229 3154,"16-16, ONO 2-CHOME KAGOSHIMA-SHI, KAGOSHIMA 8900021",,,,亚洲,S
SEIBU FASTENERS INC.,美国,五金,I TAKEUCHI,001 562-941-3348,001 562 9443621,"10370 SLUSHER DR, SANTA FE SPRINGS, CA 90670-3752",,,,北美洲,S
SEG Baubeschlag GmbH,德国,五金,Gerhard Stein,0049 6205 20 50,0049 6205 20 51 22,"4. Industriestrasse 16, DE 68766, Hockenheim",,,,欧洲,S
SECURITY SYSTEMS FRANCE,法国,五金,M LETESSIER J,0033 1 60079797,0033 1 60073223,"3 RUE PAUL HENRI SPAAK, ZONE D ACTIVITE DE L ESPLANADE, 77462, LAGNY SUR MARNE CEDEX",,ahp@security-systems.fr,WWW.CISAFRANCE.COM,欧洲,A
SEGAWA KK,日本,五金,"WATASE, YASUO",0081 3 3413 0560,0081 3 3413 2429,"18-13, DAIZAWA 3-CHOME SETAGAYA-KU, TOKYO 1550032",,,,亚洲,S
SEESA,尼加拉瓜,五金,HUGO E.JEREZ,00505 4223301/7790590,00505 2497786,"P.O.BOX 6088,MANAGUA",6088,seesa@ibw.com.ni,,其他,C
SEER ENT.,菲律宾,五金,DANNY CHUA,0063 2 3662949,0063 2 3655244,MANILA,,,,亚洲,B
SECURITY·SAFETY & TRAD.CENTRE,卡塔尔,五金,HASSAN A.MALALLA,00974 4427171/4427205/5501030,00974 4442443,P.O.BOX:1236 DOHA,,security@qatar.net.qa,,亚洲,B
"SECURITY HARDWARE, INC.",美国,五金,Mark Ferraro,001 714 6881700,001 714 4902010,"1064 N. Tustin Ave.,Anaheim,CA",CA 92807,,WWW.SECURITYHARDWARE.COM,北美洲,S
Security Chain Co,美国,五金,Bryan Mc Court,001 503 656 5400,001 503 657 7476,"Po Box 949 Clackamas, OR 97015-0949",,,,北美洲,S
Securiscreen,爱尔兰,五金,Mr. Jack O'Reilly,00353 1 6262972,00353 1 6261632,"Ballyfermot, Dublin 10",,,www.securiscreen.com,欧洲,A
Securikey Ltd,英国,五金,Robert V. White,0044 1252 311888,0044 1252 343950,"5 Springlakes Estate,Deadbrook Lane,Aldershot,Hampshire. GU12 4UH",,enquiries@securikey.co.uk,http://www.securikey.co.uk,欧洲,S
Secure Fasteners (Midlands) Ltd,英国,五金,Mrs Leonie Smith,0044 1902 405258,0044 1902 401763,"Webb Street,Coseley,Bilston,West Midlands,WV14 8XL",,sales@secure-fasteners.co.uk,http://www.secure-fasteners.co.uk,欧洲,S
SE-CHANG MFG & TRADING CO.,韩国,五金,SE HONG PARK,0082 53 6563426/6563427/118089405,0082 53 6563428,1015-3 DAEMYUNG 6DONG NAMGU TAEGU S.,,scmfg@hitel.net,,亚洲,A
SEAWAY HARDWARE SDN.BHD.,马来西亚,五金,ALAN LAU,0060 3 21410866/21480793,0060 3 21485715/21443341,"137-139,JALAN MAHARAJALELA(JALAN BIRCH),KUALA LUMPUR",50150,seaway@pd.jaring.my,HTTP://SEAWAYHARDWARE.COM,亚洲,B
SEAWALK TRADING CORPORATION,菲律宾,五金,BENNETT G. PALANG,0063 32 3461335/3461324,0063 32 3461222,"M.C.888 A.S. FORTUNA ST.,MANDAUE CITY,CEBU 6014",,bmpceb@mozcom.com,,亚洲,B
SEAWALK HARDWARE TRADING PTE LTD,新加坡,五金,CAREN CHEN,0065 67442328,0065 67441923,"223,KAKI BUKIT AVE 1,SHUN LI IND.PARK",416046,purchase@seawalkhardware.com,WWW.SEAWALKHARDWARE.COM,亚洲,A
"SEARS CANADA,INC. (IMP.SRVCS.)",加拿大,五金,BRIAN GERRIOR,001 416 941 3203,001 416 941 2317,"222, JARVIS ST., D/702I, TORONTO, ON M5B 2B8",,brian.gerrior@sears.ca,www.sears.ca,北美洲,S
"SEANG CHAROEN PATANA ENTERPRISE CO.,LTD.",泰国,五金,SANTI SIRIWONGWATTANA,0066 2 9381938/5135368/18173753,0066 2 5133070/9381665,"438/12-13 LARDPHRAO ROAD SOI 24,LARDYAO JATUJAK BANGKOK 10900",10900,,,亚洲,B
SEA SANDY INVESTMENT LTD.,尼日利亚,五金,Mr. EMEKA NNAMA,00234 1 4522022/4522228,00234 1 4522022,"27, OSOLO WAY, OFF INT'L AIRPORT RD., AJAO ESTATE LAGOS",,sandy@ hyperia.com,,非洲,C
SEAGULLS INTERNATIONAL TOOLS,巴基斯坦,五金,MUHAMMAD NAEEM LODHI,0092 21 2419796/2425863,0092 21 2416928,"#843,SUNNY PLAZA,HASRAT MOHANI ROAD,KARACHI",,sitools@hotmail.com,,亚洲,C
Scotts for Tools,爱尔兰,五金,Mr. Billy Scott,00353 21 4870955,00353 21 4870955,"Ballincollig Commcl Pk, Ballincollig",,,,欧洲,A
SEA-DOG CORPORATION,美国,五金,MICHAEL DILLS,001 425 2590194,001 425 3391345,"P.O.BOX 479 EVERETT,WASHINGTON",98206,purchasing@sea-dog.com,WWW.SEA-DOG.COM,北美洲,S
SEABOARD AUSTRALIA PTY LTD,澳大利亚,五金,WILLIAM HONG,0061 2 95645141/95181030/414836889,0061 2 95645051,40-76 WILLIAM STREET LEICHHARDT NSW 2040,2040,seaboard2002@yahoo.com,WWW.HIMAX.COM.AU,大洋洲,S
SEA GULF GENERAL TRADING & CONT. CO. W.L.L.,科威特,五金,ALI MAZANDARANI,00965 3927829/9014440,00965 3925285/3915951,P.O.BOX 47498 FAHAHEEL DUBAI,64025,,,亚洲,B
SEA FRANCE,法国,五金,M BAIUTTI,0033 4 72814242,0033 4 72814252,"9 RUE DES ALPES, 69120, VAULX EN VELIN",,crawfordsea@crawfordsea.fr,www.sea.fr,欧洲,A
Sea Dog Corp.,美国,五金,Brad Nysether,001 425-259-0194,001 425-339-1345,"P.O. Box 479, Everett, WA 98206-0479, USA",,,WWW.SEA-DOG.COM,北美洲,S
SEA BREEZE,美国,五金,CHARLES TUTT,001 631 2873903,,"P.O.BOX 3077 S.HAMPTON,N.Y.11969",,,,北美洲,S
SEA AUTOS,孟加拉国,五金,Mr. MD.MAINUL HAQUE,00880 2 7119187/19344624,00880 2 7214152/8318015,"3/12,JHONSON ROAD,VICTORIA PARK,DHAKA",1000,asheek@aitlbd.net,,亚洲,C
SDT SARK DIS TICARET,土耳其,五金,SENER KALKAN,0090 212 5226605,0090 212 5191331,TAHTAKALE CD.NO.94 EMINONU ISTANBUL,,,,亚洲,B
SD INTERNATIONAL,印度,五金,PRAMOD AGRAWAL,0091 11 25157049/25103622,0091 11 25153015,"H-86,2ND FLOOR,KIRTI NAGAR,NEW DELHI",110015,sdindia@ndb.vsnl.net.in;gdnepal@mail.com.np,,亚洲,C
"SCT CO.,LTD.",泰国,五金,SATTHA PONGPRAPANSIRI,0066 2 5862111/5862453/5864334,0066 2 5862145/9104023/5862251,"1 SIAM CEMENT ROAD,BANGSUE,BANGKOK",10800,"satthap@cementhai.co.th,ananh@cementhai.co.th",WWW.SCTTRADING.COM,亚洲,B
Screwplan Ltd,英国,五金,C Brown,0044 1706 812299,0044 1706 816258,"Hazlewood Street, GB OL14 5B, Todmorden",,fasteners@screwplan.dabsol.co.uk,WWW.SCREWPLAN.DABSOL.CO.UK,欧洲,S
SCREWMATIC INC,美国,五金,BOB CLWOD,001 626 3347831,001 626 3346356,"925 WEST FIRST STREET,AZUSA,CA",CA 91702,,,北美洲,S
"SCREW AND FASTENER (HK) CO.,LTD.",香港,五金,JACK CHAN,00852 25635243/25635244,00852 25659925,"10/F.,NORTH POINT IND.BLDG.,499 KING'S ROAD,NORTH POINT",,sales@screwfast.com.hk,WWW.SCREWFAST.COM.HK,亚洲,C
SCRAW & RIVED LTD,英国,五金,G. Chapel,0044 121 459 2281,0044 190 2428035,"44 Pershore Road South, Kings, Norton, GB B30 3ES, Birmingham",,,http://www.birmingham.co.uk/black& luff/,欧洲,S
SCRATCHMASTERS,美国,五金,BRENT,001 9494150758,001 9496791329,"147 TOPEKA, U.S.A.",,brent@scratch-masters.coma,www.scratch-masters.com,北美洲,S
Scott Ltd,英国,五金,P. Clark,0044 1482 324731,0044 1482 214290,"Canning Street, GB HU2 8QS, Hull",,,www.scott.co.uk,欧洲,S
SCORE SUPERMARKETS,南非,五金,KEVIN BARRETT,0027 11 6252300/6252316/829033568,0027 11 6134555/6131716,CNR PIET STR. & HEIDELBERG RD CITY DEEP. JOHANNESBURG (P.O.BOX 57273 SPRINGFIELD 2137),,kbarrett@score.pnp.co.za,,非洲,C
SCOPE WELL INTERNATIONAL CORP.,台湾省,五金,STELLA WU,00886 6 3352472,00886 6 2900142,"NO.36,ALLEY 24,LANE 243,SEC.2 JONG-HWA EAST ROAD,TAINAN",,soon@scotewell.com.tw,,亚洲,C
SCIONERI GROUP,意大利,五金,BEN LUK,0039 0172 22299,0039 0172 22299,"VIA BISALTA,23/A,SAVIGLIANO (CN)",12038,renato.scioneri@libero.it,,欧洲,A
SCHOLLE,美国,五金,JAMES BURDEN,001 209-384-3100,001 209-384-3166,"2500 COOPER AVE, MERCED, CA 95348-4312",,,www.scholle.com,北美洲,S
SCHWENCKNER BOOTSZUBEHOER,德国,五金,BORIS SCHWENCKNER,0049 4152 8455-0,0049 4152 8455-18,"SPANDAUER STR.18,GEESTHACHT",21502,boris@schwenckner.de,,欧洲,S
SCHUTT GRANDE FORGE,法国,五金,M KLEIN PIERRE,0033 3 88640998,0033 3 88649032,"ROUTE DEPARTEMENTALE 468, 67114, ESCHAU",,info@grande-forge.tm.fr,WWW.GRANDE-FORGE.TM.FR,欧洲,A
Schrauben-Jaeger AG,德国,五金,Juergen Hartmann,0049 721 57 00 60,0049 721 5 70 06 11,"Industriestrasse 15, DE 76189, Karlsruhe",,verkauf@schrauben-jaeger.de,www.schrauben-jaeger.de,欧洲,S
Schrauben und Draht Union GmbH,德国,五金,Willi Gruss,0049 234 26 90,0049 234 23 59 21,"Wallbaumweg 45-49, DE 44894, Bochum",,,WWW.SCHRAUBEN-UND-DRAHT-UNION.DE,欧洲,S
SCHOTT & ASSOCS.,美国,五金,JON STEPEN SCHOTT,001 317 3987655,001 317 3922436,"146 E. Broadway St.,Shelbyville,IN",IN 46176,schott@lightdound.com,,北美洲,S
Schmidtschlaeger Walter & Klaus GesmbH,奥地利,五金,Herr Ing. Klaus Schmidtschlaeger,0043 1 5234652,0043 1 523465216,"Kaiserstrasse 41, A-1070 Wien, Wien, Austria",,service@schmidtschlaeger.at,http://www.schmidtschlaeger.at,欧洲,A
Schmidt GmbH & Co. KG,德国,五金,Hubertus Schmidt,0049 2204 4 00 70,0049 2204 40 07 88,"Frankenforster Strasse 27-29, DE 51427, Bergisch Gladbach",,,www.schmidt-rudersdorf.de,欧洲,S
Schmidt & Co. ApS,丹麦,五金,MR.KARFFEN,0045 59 44 50 05,0045 59 44 49 14,"Spaannebak 18, DK 4300, Holbaek",,,www.toulmabsenendros.dk,欧洲,A
Schmarda Helmut Lederwarenerzeugung,奥地利,五金,Herr Helmut Schmarda,0043 512 587022,0043 512 587022,"Maria Theresien Strasse 7-9, A-6020 Innsbruck, Tirol, Austria",,,,欧洲,A
Schlytter & Co. A/S,挪威,五金,,0047 22 05 05 25/35,0047 22 05 05 65,"Chr. Krohgs gate 16, NO 0186, Oslo",,schlytt@online.no,www.schlytter.no,欧洲,A
SCHLAUCHE & TECHNIK GRUNER & CO. GMBH,德国,五金,THOMAS GLATZ,0049 6321 14010,0049 6321 14798,ROBLAUFSTRABE 7 D-67433 NEUSTADT,,glatz@gruener-tech.de,WWW.GRUENER-TECH.DE,欧洲,S
SATNAM IMPORTS AUSTRALIA PTY.LTD.,澳大利亚,五金,DEEPAK GIDWANI,0061 2 96364321/402106852,0061 2 96367329,"UNIT 6/114 GILBA TD.,GIRRAWEEN,NSW (P.O.BOX 223 PENDLE HILL)",2145,satnamimports@ozemail.com.au,,大洋洲,S
SATI BUILDING MATERIAL & INDUSTRIAL EQUIPMENT TRADING,利比亚,五金,,00218 61 89732/916102309/912140739,00218 61 89732,"SOUQ AL ARAB,AL MARATH,BENGHAZI",,juhaina3@yahoo.com,,其他,C
"SATHIT ENGNEERING CO., LTD.",泰国,五金,CEN YAOCONG,0066 2 4633576/4637093/1 4951017,0066 2 8191385,"62/8 M.3 SOI SUKSAWAD 74/7 SUKSAWAD RD., PHRAPRADANG SAMUTPRAKAM 10130",,,,亚洲,B
Schiltz SA,比利时,五金,,0032 2 464 48 40,0032 2 464 48 49,"Chaussee de Gand 1034, B 1082, Bruxelles",,,www.schiltz.be,欧洲,A
Schiffauer GmbH & Co. KG,德国,五金,Armin Wolf,0049 9261 50 90,0049 9261 9 11 59,"Industriestrasse 17, DE 96317, Kronach",,,www.schiffauer-kronach.de,欧洲,S
Schenkers International,美国,五金,,001 610 461 3100,001 610 461 7297,"850 Calcon Hook Rd # 1 Sharon Hill, PA 19079-1830 USA",,,WWW.SCHENKERS.COM,北美洲,S
SCHEINERT & SONS INC,美国,五金,,001 201 7914600,001 201 7918551,"404 N. MIDLAND AVENUE,SADDLE BROOK,NJ",NJ 07663,,WWW.SCHEINERTSCREWS.COM,北美洲,S
SCHAEFER INT'L CORP.,台湾省,五金,SIMON YANG,00886 4 22535777,00886 4 22535778,"5F-2,NO.111-66,WEN SHIN ROAD SEC.2.TAICHUNG",,schaefer@ms32.hinet.net,,亚洲,C
Schadebo Den Bosch BV,荷兰,五金,,0031 73 6242400,0031 73 6242399,"Daviottenweg 40, NL 5222 BH, Hertogenbosch,'s-",,info@schadebo.nl,www.schadebo.nl,欧洲,A
SCH ECOMEX,厄瓜多尔,五金,JORGE SCHRECKINGER,00593 2 2807386/2473569,00593 2 2441854,AV.10 DE AGOSTO N 67-82 QUITO,,ecomex@interactive.net.ec,,其他,C
Scanmec aps,丹麦,五金,SCANMEC,0045 55 45 95 00,0045 55 45 95 46,"Bisserup Byvej 42, Bisserup, 4243, Rude",,info@scanmec.dk,http://www.scanmec.dk,欧洲,A
SCAN INDUSTRIES (AUSTRALIA) PTY LIMITED,澳大利亚,五金,SIMON PATRICK JUDE SKIBSTED,0061 2 9699 3199,0061 2 9699 8909,30 O'Dea Ave Waterloo NSW 2017,,simon@scanlistening.com.au,,大洋洲,S
"SCE DEVELOPMENT (CANADA) CO.,LTD.",加拿大,五金,LLOYD L.CHEN,001 604 2311880/6043067780,001 604 2311889,"#146-11788 RIVER ROAD,RICHMOND,BC",V6X 1Z7,electronics@scecoltd.com,WWW.SCECOLTD.COM,北美洲,S
SBAC CO LTD,日本,五金,HATTA NASAAKI,0081 3 3768 0501,0081 3 3768 3782,"11-4, HIGASHIOI 2-CHOME, SHINAGAWA-KU, TOKYO 1400011",,,WWW.SBAC.CO.JP,亚洲,S
SASTEX,英国,五金,JOHN FORTE,0044 1761 419 564,0044 1761 411 821,"13, RIVERSIDE WALK,MIDSOMER NORTON, BATH BA3 2PE",,sastex@btinternet.com,www.btinternet.com/~sastex,欧洲,S
Scanway Engineering Ltd,英国,五金,C. Stokes,0044 121 440 3759,0044 121 440 3759,"Unit 3, 123 Vincent Street, Balsall Heath, GB B12 9SG, Birmingham",,,,欧洲,S
Scandinavian Aerospace & Industry AB,瑞典,五金,HAMS FAMD STROM,0046 8 93 08 10,0046 8 94 33 87,"Flygfaltsg 9, SE 12822, Skarpnack",,,www.saiab.se,欧洲,A
Scanfit (International) Ltd,英国,五金,Mark Stindlay,0044 1603 480400,0044 1603 424547,"Burton Close, Burton Road, GB NR6 6AZ, Norwich",,scanfitint@aol.com,http://www.scanfit.co.uk,欧洲,S
Scandy Arts Crafts AB,瑞典,五金,Mr Haakan Paalsson,0046 40 214000,0046 40 214045,"Bjuroegatan 42, S-211 24 Malmoe",,info@scandy.se,WWW.SCANDY.SE,欧洲,A
Scandiloc a/s,丹麦,五金,MR.IPSEN,0045 56 25 05 00,0045 56 25 05 10,"Solvangsvej 15, 4681, Herfoelge",,info@scandiloc.dk,http://www.scandiloc.dk,欧洲,A
SCANDICOLL AB,瑞典,五金,,0046 36 760 05,0046 36 76005,"BOX 341,S-551 15 JONKOPING",,,,欧洲,A
"SCANDESS, S.A.",西班牙,五金,PEDER SJAGRER,0034 91 5495230,0034 91 5440376,"GUZMAN EL BUENO, 48//E-28015 MADRID",,,,欧洲,A
"SCANASIA TRADING CO.,LTD.",泰国,五金,JUHA AALTONEN,0066 38 377360/92441418,0066 38 377359,"29/13 M.9 SUKHUMVIT ROAD NONGPRUE,BANGLAMUNG CHONBURI",20260,juha.aaltonen@scanasia.net,WWW.SCANASIA.NET,亚洲,B
SCAN-APRIMA AB,瑞典,五金,C GLOGGENGIESER,0046 31 25 00 90,0046 52167101,"GENERALSGATEN 2 A,S-415 05 GOTEBORG",,,www.scanaprima.se,欧洲,A
SBJ BINAJAYA DEVELOPMENT SDN.BHD.,马来西亚,五金,DATO'TAN LIANG CHONG,0060 9 7481500/199817500,0060 9 7449929,"NO.5400 E & F,BANGUNAN SBJ,JALAN SULTAN YAHYA PETRA,KOTA BHARU,KELANTAN",15200,sbjbinajaya@pd.jaring.my,,亚洲,B
"SB. CO.,LTD.",日本,五金,SHAO JIA ZHOU,0081 47 3482526,0081 47 3482543,"RM102,6-42 SHIN-MASTUDO,MASTUDO-SHI,CHIBA-CITY",270-0034,jiawen@dg.mbn.or.jp,WWW.SB-WEB.CO.JP,亚洲,S
SAZIO TRADE,日本,五金,许健,0081 6 62455605/9011552681,0081 6 62455605,NO.120 3-1-7-B SEMBACHUO CHUO-KU OSAKA,,sazio@sazio.com.jp,WWW.SAZIO.CO.JP,亚洲,S
SAYEGH BROTHERS INDUSTRIAL GROUP,约旦,五金,MR. RAMZI SALAMEH,00962 6 4162481,00962 6 4162483,P.O.BOX:533 ABU-ALANDA 11592,11592,npfc@nets.com.jo,WWW.SAYEGHGROUP.COM,亚洲,C
SAYED AHMAD LTD,阿富汗,五金,MUHAMMAD NABI,0093 20 2102815/70276116,0093 20 2102816,"ROOM#2,2ND FLOOR,LATIF MARKET,KABUL",,sayedahmadltd@yahoo.com,,其他,C
SAYAMA KK,日本,五金,SAYAMA TOSHIRO,0081 282 23 1381,0081 282 231457,"11-6, YAMATO-CHO, TOCHIGI-SHI, TOCHIGI 3280037",,,,亚洲,S
SAY FATT SDN.BHD.,马来西亚,五金,NGU SAY BING,0060 84 341188/335389/198873889,0060 84 341199,"NO.4,1/F LORONG TAPANG TIMUR,SIBU,SARAWAK",96000,safasabi@tm.net.my,,亚洲,B
SAWTEX INDUSTRIES INC.,美国,五金,ERIC TSAI,001 562 6925530,001 562 6925560,11612 E.WASHINGTON BLVD.#B WHITTIER.CA 90606,CA 90606,,,北美洲,S
SAWAURA KANAMONOTEN KK,日本,五金,"SAWAURA, TAKAYUKI",0081 270 25 1822,,"9-20, CHUO-CHO ISESAKI-SHI, GUMMA 3720042",,,,亚洲,S
SAWASHIN CORPORATION,日本,五金,KIZAWA TAKAO,0081 3 3269 5651,0081 3 3268 5370,"391, WASEDATSURUMAKI-CHO, SHINJUKU-KU, TOKYO 1620041",,,,亚洲,S
SAWANO SHOKAI KK,日本,五金,SAWANO MASASHI,0081 52 383 0233,0081 52 3830238,"7-13, MATSUKAGE, SHIMONOISHIKI-CHO, NAKAGAWA-KU NAGOYA-SHI, AICHI 4540945",,,,亚洲,S
SAWAN TANZANIA LIMITED,坦桑尼亚,五金,ARVIND KOTECHA,00255 22 2113252/2134679,00255 22 2112277,MOROGORO RD/ INDIRA GANDHI ST. PLOT NO. 81/98(P.O.BOX 6223) DAR ES SALAAM,,sales@sawantz.com,WWW.SAWANTZ.COM,其他,C
SAWAKAZUMA SHOTEN KK,日本,五金,SAWA HIROYUKI,0081 778 24 5111,0081 778 24 5113,"33-47, HAGURI-CHO, TAKEFU-SHI, FUKUI 9150891",,,,亚洲,S
SATURN TECHNOLOGIES PTY (LTD),南非,五金,ASIF LATIB,0027 31 2075853/835777865,0027,170 BRICKFIELD ROAD DURBAN,,raqis@webmail.co.za,,非洲,C
SAWAGUCHI GEN SHOTEN GS,日本,五金,"SAWAGUCHI, TAKAO",0081 22 291 8563,0081 22 295 1480,"12-15, MASUE MIYAGINO-KU SENDAI-SHI, MIYAGI 9830837",,,,亚洲,S
SAWADAKANAMONO KK,日本,五金,"SAWADA, AKIO",0081 3 3862 7888,,"1-4-3, KANDAIZUMI-CHO CHIYODA-KU, TOKYO 1010024",,,,亚洲,S
SAWA KENSHO KK,日本,五金,"UZAWA, TOSHIZUMI",0081 45 742 1131,0081 45 742 1144,"3RD FL., HG 5 BLDG. 34, SHUKU-CHO 2-CHOME MINAMI-KU YOKOHAMA-SHI, KANAGAWA 2320017",,,,亚洲,S
Saw & Tool Services NI Ltd,英国,五金,Mrs M. Abernethy,0044 28 9035 1177,0044 28 9075 5415,"Hillview Enterprise Park, Hillview Road, GB BT14 7B, Belfast",,,www.sawandtool.com,欧洲,S
Savo Design & Technic Oy,芬兰,五金,Harri Savo,00358 9 8 70 08 10,00358 9 87 00 81 50,"Muuntot 1, FI 01510, Vantaa",,savo@savodt.fi,WWW.SAVODT.FI,欧洲,A
SAVERS MART INC.,美国,五金,,001 401 245 3630,001 401 633 6668,3BURR AVE,,nizar@futuretradingusa.com,,北美洲,S
"SAVAKE,C.A.",委内瑞拉,五金,GRAHAM SHROSBREE,0058 212 2386837/2358883,0058 212 2391135,"AV.PRINCIPAL DE BOLEITA NORTE CALLE TIUNA NO.5,EDIF.FERRETOTAL APARTADO 70460-CARACAS 1070-A",,savake@savake.com,,南美洲,C
SAUDI FACTORY FOR FIRE EQUIPMENT CO.,沙特阿拉伯,五金,ESAM KASSAB,00966 1 2650070,00966 1 2652190,2ND INDUSTRIAL AREA RIYADH (P.O.BOX 58469 RIYADH 11515),,riyadh@sffeco.com.sa,WWW.SFFECO.COM,亚洲,B
SAUDI CO. FOR HARDWARE,沙特阿拉伯,五金,NAZEM A. KASIM,00966 1 4828877 EXT.246,00966 1 4881920,P.O.BOX 86387 RIYADH 11622,11622,nazem058@saco-ksa.com,WWW.SACO.COM.SA,亚洲,B
"SATYA,SAI ENT'S LTD.",乌干达,五金,NARESH KUMAR,00256 41 236958,00256 41 233209,"PLOT 17/19,LUWUM STREET CITY HOUSE,(P.O.BOX:906 )KAMPALA",,satyasai@swiftuganda.com,,其他,C
SASAMOTO KINSAKU SHOTEN KK,日本,五金,"SASAMOTO, YASUHISA",0081 42 551 2521,0081 42 551 6205,"126, SHIMO FUSSA-SHI, TOKYO 1970023",,,,亚洲,S
SATUDAN ENTERPRISE,加纳,五金,HAUSATU A.MOHAMMED,00233 21 670692/228201,00233,P.O.BOX GP 915932 ACCRA,,,,非洲,C
SATRAII TRADING EST.,阿拉伯联合酋长国,五金,QURESH,00971 2259807/50 6459271,00971 4 2264870,"P.O.BOX: 26458,DUBAI",,satrah@emirates.net.ae,,亚洲,B
SATOKENZAI KANAMONO KK,日本,五金,SATO MASAICHI,0081 55 233 9001,,"9-2, JOTO 1-CHOME, KOFU-SHI, YAMANASHI 4000861",,,,亚洲,S
SATOK HARDWARE SDN BHD,马来西亚,五金,JAMES LEONG KWAN LONG,0060 82 412995/242995/128866362,0060 82 417075,"LOT 519,G/F RUBBER ROAD,KUCHING,SARAWAK",93400,,,亚洲,B
SATO KANAMONO KK,日本,五金,SATO TORU,0081 22 295 5111,0081 22 295 5335,"1-11, SHINTERA 2-CHOME, WAKABAYASHI-KU SENDAI-SHI, MIYAGI 9840051",,,,亚洲,S
SATO KAN KENZAI KK,日本,五金,"SATO, KENICHI",0081 241 27 2211,,"ARAMACHI 1864, SHIOKAWA-MACHI YAMA-GUN, FUKUSHIMA 9693514",,,,亚洲,S
SATAKESEISAKUSHO KK,日本,五金,KATAKURA SHINJI,0081 47 332 1211,0081 47 332 1216,"483, FUTAGO-CHO, FUNABASHI-SHI, CHIBA 2730034",,,,亚洲,S
SATAKE CUTLERY MFG CO LTD,日本,五金,SATAKE YASUHIRO,0081 575 22 1631,0081 575 22 1632,"6-21, HIGASHI FUKUNO-CHO, SEKI-SHI, GIFU 5013242",,,,亚洲,S
SATAKE BUSSAN KK,日本,五金,"SATAKE, MASARU",0081 23 686 5213,0081 23 6865120,"965-2, TACHIYAGAWA 3-CHOME YAMAGATA-SHI, YAMAGATA 9902251",,,,亚洲,S
SAT SETIA HARDWARE S/B,马来西亚,五金,,0060 3 80622810,0060 3 80622812,"36,JALAN UTAMA 2/1,MAJU,JAYA",47100,,,亚洲,B
SARL IMPORT-EXPORT,阿尔及利亚,五金,A. HAMID,00213 21 531318,00213 21 241834,"LOT 209,BARAKI-16210",,aboubdz@yahoo.fr,,非洲,C
SASCO TOOLS AND EQUIPMENT,美国,五金,,001 2127600101,001 2122688666,"432 CONEY ISLAND AVE,BROOKLYN, NY 11230U.S.A.",,leo.lee@verizon.net,,北美洲,S
SASCO EST.,黎巴嫩,五金,MOHAMAD C. SERHAL,00961 3 217124/395454,00961 7 241159,P.O.BOX:114-5083 BEIRUT,,sasco@terra.net.lb,,亚洲,C
SARL ELIMAD,阿尔及利亚,五金,BRAHIMI NOUARL,00213 36 865413,00213 36 862027,ELEUIMA SETIF,19600,,,非洲,C
SAS AL-ARAB EST,科威特,五金,SASA WU,00965 2640055,00965 2640077,HAWALLI TUNIS ST.P.O.BOX 1753 HAWALLI,32081,cbphone@qualitynet.net,,亚洲,B
SASAKI SEKIZAI KK,日本,五金,"SASAKI, MIKIHARU",0081 25 284 8214,,"12-6, SONOKI 2-CHOME NIIGATA-SHI, NIIGATA 9501135",,,,亚洲,S
SASAKI SANGYO KK,日本,五金,SASAKI SHINICHI,0081 53 475 5000,0081 53 462 5870,"548, SUKENOBU-CHO, HAMAMATSU-SHI, SHIZUOKA 4300903",,,,亚洲,S
SASAKI KANAMONO KK,日本,五金,"SASAKI, TOSHIAKI",0081 6 6261 8135,0081 6 6251 1608,"12-32, SHIMANOUCHI 1-CHOME CHUO-KU OSAKA-SHI, OSAKA 5420082",,,,亚洲,S
SASAGE KINZOKU KK,日本,五金,"SASAGE, KAZUTOSHI",0081 256 34 6100,0081 256 347765,"21-22, SHIMOSAKAI SANJO-SHI, NIIGATA 9550042",,,,亚洲,S
SANTOMI KOGYO KK,日本,五金,MITSUKUCHI NOBORU,0081 52 871 7311,0081 52 8717318,"5-22, TAKATSUJI-CHO, SHOWA-KU NAGOYA-SHI, AICHI 4660057",,,,亚洲,S
SANTO PLASTIK,印度尼西亚,五金,RUCHIYAT KURNIADI,0062 22 6036300/6036556,0062 22 6036500,"JL.INDUSTRI III NO.8,LEUWIGAJAH CIMAHI",40533,,,亚洲,B
"SANTINI ALFREDO, Snc",意大利,五金,Franco Santini,0039 0532 51264,0039 0532 55006,"Via del Lavoro 12, I 44100, FERRARA",,santinife@santinialfredo.it,http://www.santinialfredo.it,欧洲,A
SARNA TRADING,阿拉伯联合酋长国,五金,MR.SHAFEER AHAMED,00971 4 8816557/506449761,00971 4 8819529,"P.O.BOX:61493,JEBEL ALI FREE ZONE,JEBEL ALI DUBAI",,sarna@emirates.net.ae,,亚洲,B
SARL ZIRCON,阿尔及利亚,五金,Mr. MOKRI SID'AHMED,00213 21 601148,00213 21 605146,"VILLA 27,RUE 2,LOTISSEMENT PETITE PROVENCE,HYDRA ALGIERS",,,,非洲,C
SARL KENZA IMP-EXP,阿尔及利亚,五金,Y.ANNOUN,00213 21 950695/61 506129,00213 21 950695,B.E.K.ALGER,,announr@yahoo.com,,非洲,C
SARL GOLDEN TOOLS,阿尔及利亚,五金,AGGOUNE NOUREDINE,00213 36 877761,00213 36 877761,COOP.IMMOBILIERE EN-NOUR (19600)-EL-EULMA,,,,非洲,C
SARL CUISI NORD INTERNATIONAL,法国,五金,M DIDIER,0033 3 22871174,0033 3 22871863,"2 RUE DE L EGLISE, 80700, BALATRE",,,,欧洲,A
SARL COSDIM.,阿尔及利亚,五金,MDRAMED METHAY,00213 21 860199,00213 21 860325,LOT NO.8 HAMIE 04,,cosdim-sarl@yahoo.fr,,非洲,C
SARGENT MFG.,美国,五金,,001 203-498-1172,,"100 SARGENT DR, NEW HAVEN, CT 06511-5943",,,,北美洲,S
SARGENT MANUFACTURING CO,美国,五金,Carrie Johnson,001 203-562-2151,001 203-603-5987,"P.O. Box 9725, New Haven, CT 06536-0915, USA",,,WWW.SARGENT.COM,北美洲,S
SANYO OKABE KK,日本,五金,HANADA AKIYOSHI,0081 82 254 4811,0081 82 2542685,"4-14, DEJIMA 2-CHOME, MINAMI-KU HIROSHIMA-SHI, HIROSHIMA 7340013",,,,亚洲,S
SARL BENNOUR BELKACEM,阿尔及利亚,五金,,00213 41 402486,00213 41 414764/402486,"10,BD MARCEAU,ORAN",,b-bennour8@hotmail.com,,非洲,C
SARL B&H IMPORT,阿尔及利亚,五金,HASSANI-MOHAMED-MILOUD,00213 35 684119/680880/61638220/61504164,00213 35 684119,602 FG..DU.1 NOUVEMBRE-BBA,34000,m-miloud@yahoo.fr,,非洲,C
SARL AMA,法国,五金,RONAN FEILLANT,0033 2 98860808/607436702,0033 2 98860315,1 RUE CLONAKILTY BP 8 29150 CHATEAULIN,,,,欧洲,A
SARK FOREIGN TRADE,土耳其,五金,SENOL KALKAN,0090 212 5226605,0090 212 5191331,TAHTAKALE CD.NO.94 EMINONU ISTANBUL,,sarkdt@mynet.com,,亚洲,B
Sariva,芬兰,五金,MAMM,00358 9 1 35 12 61,00358 9 1 35 13 81,"Mariank 26 A, FI 00170, Helsinki",,,,欧洲,A
SARINA ACCESSORIES WHOLESALE,美国,五金,SHAY MIZAN,001 619 4268888/6197785677,001 619 4268886,"669 PALOMAR ST.,STE.D CHULA VISTA,CA 91911",CA 91911,,,北美洲,S
"SARAWAK, INC",美国,五金,,001 2539415588,001 2539415588,"5112 S. 291ST STREET,AUBURN, WA 98001,U.S.A.",,dorastan@netscape.net,,北美洲,S
SARAVANA HARDWARE STORES,印度,五金,S.PONNUDURAI,0091 431 709275/709851,0091 44 410750,"234-235, MYLAMCHANDAI TRICHY",620008,,,亚洲,C
SARATAN ENTERPRISES,加纳,五金,SARAH TANIKIE,00233 21 662362,00233,P.O.BOX 14792 ACCRA,,sallieray@yahoo.com,,非洲,C
SARAMCO LTD.,香港,五金,RIYAZ M. NASSER,00852 25450061,00852 25459446,"1203, CAR PO COMML. BLDG. 18-20 LYNDHURST TERRACE(G.P.O.BOX 9807)",,,,亚洲,C
SAQUI TRADING CORPORATION,巴基斯坦,五金,SHAHAZAD SAQI,0092 42 7237436/7120606,0092 42 7355498,"5-AFTAB CHAMBERS 4TH FLOOR 15-PATIALA GROUND,LINK MCLEOD ROAD,LAHORE(P.O.BOX 1250 LAHORE)",,,,亚洲,C
SARAM INTERNATIONAL,美国,五金,,001 8182432627,001 8182432627,"442 WEST STOCKER STREET, SUITE B,GLENDALE, CA-91202,U.S.A.",,amithani@hotmail.com,,北美洲,S
SARAJ GRUP,马其顿共和国,五金,ABDULLA SALIU,00389 2 2039385/70244711,00389 2 2039385,"SARAJ,M.TITO 39 SKOPJE",1000,sgr@unet.com.mk,,其他,C
SARAFIAN TRADING,黎巴嫩,五金,,00961 1 889688/3241304,00961,ZALKA,,sarafian@inco.com,,亚洲,C
SARABO,摩洛哥,五金,ABDELMAJID ABOU ELFATH,00212 22 613772/61328693/13678917735,00212 22 613743,"HAY TISSIR II,LOT 99,2E ETAGE APPT.4,HAY MOHAMMADI AIN SEBAA CASABLANCA",,sarabo@iam.net.ma,,非洲,C
SARA CO.,埃及,五金,MOHAMED ABD EL AZIZ ESHRA,0020 45 2910096,0020 45 2911000,EDCA BEHIRD ST.EL SAID ABD ELGLIL ALEX,,sara_co@arabia.com,,非洲,C
SAQER AL-KUWAIT EST.,科威特,五金,MADASSAR ABBAS,00965 4812428,00965 4837690,P.O.BOX 26605 SAFAT,13127,saqar@qualitynet.net,,亚洲,B
SANYU KENZAI KK,日本,五金,"OZEKI, HIROSHI",0081 52 231 8641,0081 52 231 0053,"33-13, OSU 1-CHOME NAKA-KU NAGOYA-SHI, AICHI 4600011",,,,亚洲,S
SANYOKOGYO HOKKAIDO SHISUTEMU KK,日本,五金,"TANUMA, AKIRA",0081 11 871 8780,0081 11 871 8783,"1-7, KIKUSUI MOTO-MACHI 2-JO 3-CHOME SHIROISHI-KU SAPPORO-SHI, HOKKAIDO 0030822",,,,亚洲,S
SANYO KOGU CO LTD,日本,五金,"GOTO, KOICHI",0081 792 53 8728,0081 792 53 8738,"504-1, KANOHARADA, HANADA-CHO HIMEJI-SHI, HYOGO 6710252",,,,亚洲,S
SANWA TRAIDING CO LTD,日本,五金,"HANAMOTO, TSUNEO",0081 6 6475 4422,0081 6 64754427,"7-17, MITEJIMA 1-CHOME NISHIYODOGAWA-KU OSAKA-SHI, OSAKA 5550012",,,,亚洲,S
SANWA TRADING CORPORATION,日本,五金,RYUICHI TAKAHARA,0081 3 56003834,0081 3 56003836,"TAHO BLDG.7F,3-12-7,CHITOSE,SUMIDA-KU,TOKYO",130-0025,sw-th@k6.dion.ne.jp,,亚洲,S
Santpoort BV,荷兰,五金,M. Cornelisse,0031 23 5319210,0031 23 5329843,"A. Hofmanweg 20, NL 2031 BL, Haarlem",,,www.santpoort.com,欧洲,A
SANYEI CORPORATION HONG KONG LTD.,香港,五金,AKINA LEE,00852 23636316/27652205,00852 27641879/27643248/27647891,"14/F.,KAISER ESTATE,PHASE 1,41,MAN YUE STREET,HUNG HOM,KOWLOON",,"richardc@sanyei.com.hk,akinalny@sanyei.com.hk",,亚洲,C
SANWABYORA YK,日本,五金,"ISHII, AKIO",0081 3 3433 1706,0081 3 3433 1709,"1ST FL., DAI-3 MATSUZAKA BLDG. 2-5, TORANOMON 4-CHOME MINATO-KU, TOKYO 1050001",,,,亚洲,S
SANWA NUTS INDUSTRIES LTD,日本,五金,KIMURA SHINJI,0081 72 236 0381,0081 72 2360100,"62, KUSAO, SAKAI-SHI, OSAKA 5998127",,,HTTP://VILLAGE.INFOWEB.NE.JP,亚洲,S
SANWA I CO LTD,日本,五金,KUMATA TOKIWA,0081 6 67476600,0081 6 67447222,"93-BI53, HONJO NISHI 2-CHOME, HIGASHIOSAKA-SHI, OSAKA 5780965",,,WWW.SANWA-I.CO.JP,亚洲,S
SANWA AND CO LTD,日本,五金,KAWANO YUKIO,0081 48 864 3121,0081 48 864 3550,"11-19, SHIRAHATA 4-CHOME, SAITAMA-SHI, SAITAMA 3360022",,,,亚洲,S
SANSHIBA ELECTRONICS BHD.,马来西亚,五金,,0060 3 21614688,0060 3 21619104,"BOX 4, WISMA SELANG.DREDG.9/F,142A JL.AMP, 50450 KUALA LMPR.",,,,亚洲,B
SANSETTO 股份公司,日本,五金,WATANABE YOSHIKATSU,0081 47 3584635,0081 47 3584638,千叶县市川市相之川4-15-6,272-0143,"terutanno@aol.com,sunset@qb3.so-net.ne.jp",WWW.BOOKK.CO.JP,亚洲,S
SANSEN SA,法国,五金,M JOURDAIN F,0033 3 23503050,0033 3 23604085,"570 RUE DE ROBBE, 02120, GUISE",,,WWW.SANSEN.FR,欧洲,A
SANRYO ARUMINIUMU KK,日本,五金,"OKI, KOJI",0081 3 3669 7445,0081 3 3639 4705,"OKAMOTO BLDG. 11-3, NIHOMBASHI KAYABA-CHO 1-CHOME CHUO-KU, TOKYO 1030025",,,,亚洲,S
SANPO SHOJI CO LTD,日本,五金,KAWABATA KENJI,0081 3 3662 2455,0081 3 36622727,"3-10, NIHOMBASHI ODEMMA-CHO, CHUO-KU, TOKYO 1030011",,sakai-labo@seamec.co.jp,WWW.SANPO.CO.JP,亚洲,S
SANORI KK,日本,五金,"SANO, KYUICHIRO",0081 256 45 6611,0081 256 45 2700,"1181, FUKUSHIMA SHINDEN HEI, SAKAE-MACHI MINAMIKAMBARA-GUN, NIIGATA 9591145",,sanori@po.ne.jp,,亚洲,S
SANOHATSU CO LTD,日本,五金,"SANO, HATSUO",0081 48 451 6661,0081 48 451 6666,"12-60, HIZAORI-CHO 2-CHOME ASAKA-SHI, SAITAMA 3510014",,,,亚洲,S
SANOEI SHOTEN KK,日本,五金,"SANO, EISUKE",0081 256 32 0181,0081 256 357247,"25-6, SHIMOSAKAI SANJO-SHI, NIIGATA 9550042",,,,亚洲,S
SANO KANAMONO KK,日本,五金,"SANO, KOREMASA",0081 46 221 0812,0081 46 223 7516,"8-4, MOTO-CHO ATSUGI-SHI, KANAGAWA 2430002",,,,亚洲,S
SANKYO NEJI KK,日本,五金,"OWAKI, MOTOMU",0081 6 6782 5051,0081 6 6783 1029,"8-19, TAKAIDANAKA 2-CHOME HIGASHIOSAKA-SHI, OSAKA 5770065",,,,亚洲,S
SANJIMAS PT.DEKORAMIK PERDANA,印度尼西亚,五金,SETIADI,0062 21 66691080,0062 21 66691070,BLOK L-IX SELATAN NO.1 MUARA KARANG JAKARTA,14440,setiadi.cg@dnet.net.id,,亚洲,B
SANLUI LTD.,台湾省,五金,STAMPA CHIO,00886 2 25631980,00886 2 25372300,"CHUNG SHAN N.ROAD.SEC.2,LANE 84,NO.1,7TH FLOOR,TAIPEI (P.O.BOX 68-1221 TAIPEI)",,sanlui@ms65.hinet.net,,亚洲,C
SANKYO YUNITTO KK,日本,五金,"IKUZAWA, KAZUAKI",0081 726 26 5351,0081 726 26 5349,"17-7, OSUMI-CHO IBARAKI-SHI, OSAKA 5670813",,,,亚洲,S
SANKYO SEIKO,日本,五金,"MATSUMOTO, SABURO",0081 6 67515612,0081 6 67540065,"2-21, KAMIKITA 2-CHOME HIRANO-KU OSAKA-SHI, OSAKA 5470001",,,,亚洲,S
SANKYO SANGYO KK,日本,五金,TANAKA TAMOTSU,0081 187 62 2339,0081 187 62 2337,"1-36, NAKA-DORI-MACHI, OMAGARI-SHI, AKITA 0140024",,,,亚洲,S
SANKYO BORUTO KK,日本,五金,OOSEKI,0081 45 251 7813,0081 45 251 7614,"70-2, SHIROTAE-CHO 5-CHOME, MINAMI-KU YOKOHAMA-SHI, KANAGAWA 2320023",,,,亚洲,S
SANKO SHOTEN KK,日本,五金,"TAKEDA, TSUTOMU",0081 6 6581 4350,0081 6 65831883,"5-2, KAWAGUCHI 4-CHOME NISHI-KU OSAKA-SHI, OSAKA 5500021",,,,亚洲,S
SANKO KASETSU RISU KK,日本,五金,"KONO, MASAYUKI",0081 87 821 0025,0081 87 728 0396,"2-34, ASAHI-MACHI 2-CHOME TAKAMATSU-SHI, KAGAWA 7600065",,,,亚洲,S
SANKO CORPORATION,日本,五金,MATSUTANI KOKICHI,0081 256 32 4071,0081 256 35 2421,"17-24, HIGASHI URADATE 2-CHOME, SANJO-SHI, NIIGATA 9550081",,,,亚洲,S
SANKI KOGYO KK,日本,五金,YAMAGUCHI JIRO,0081 6 67461051,0081 6 67461947,"35-2, HONJO NISHI 3-CHOME, HIGASHIOSAKA-SHI, OSAKA 5780965",,yamaguchi@sanki.co.jp,WWW.SANKI.CO.JP,亚洲,S
SANKI BUROKKU KK,日本,五金,YAMAMOTO NOBUAKI,0081 3 3502 1621,0081 3 35087568,"11-7, TORANOMON 1-CHOME, MINATO-KU, TOKYO 1050001",,,,亚洲,S
SANKEN KANAMONO KK,日本,五金,"UEDA, TAKAAKI",0081 593 46 5151,0081 593 46 6684,"21-1, HINAGA NISHI 2-CHOME YOKKAICHI-SHI, MIE 5100891",,,,亚洲,S
SANGHVI HARDWARE INDUSTRIES,印度,五金,HARISH SANGHVI,0091 22 8893522/8804099,0091 22 8828949,"35/A/3, 1ST FLOOR, B. T. COMPOUND, OPP. SAIBABA TEMPLE, MALAD (WEST), MUMBAI",400064,,,亚洲,C
"SAINT TECHNOLOGIES, INC.",美国,五金,JIM BLAIR,001 815 864 3035,001 815 864 3134,"10 NORTH LOCUST P.O. BOX 66 SHANNON, IL 61078",,accounting@sainttechnologies.net,www.sainttechnologies.net,北美洲,S
SAINT JOHN SHIPBUILDING LTD.,加拿大,五金,W.J. THERIAULT,001 506 6323232,001 506 6325915,"P.O. BOX 5111, 300 UNION ST.//ST. JOHN, NB E2L 4L4",,,,北美洲,S
"SAINT BOWL TRADING CO.,LTD.",台湾省,五金,JAMES CHANG,00886 4 7510313,00886 4 7521075,"NO.507,SEC.2,CHANG TSAO ROAD,HO-MEI CHANG HUA(P.O.BOX 138 HOMEI CHANG HUA)",,,,亚洲,C
SANJORIKI KK,日本,五金,SATO KEIZO,0081 256 32 3161,,"9-25, NISHI URADATE 2-CHOME, SANJO-SHI, NIIGATA 9550082",,,,亚洲,S
SANJO KANAMONO KK,日本,五金,"KATO, KOKURO",0081 256 38 5711,0081 256 38 5715,"901-3, YANAGAWA SHINDEN SANJO-SHI, NIIGATA 9550002",,,,亚洲,S
SANJAY PAINTS & HARDWARE STORE,印度,五金,JAI PARKASH GARG,0091 11 27184705,0091,"132,RAMPURA,DELHI",110035,,,亚洲,C
SANGITA IMPEX,印度,五金,RAJIV KHURANA,0091 11 5932559/5414284,0091 11 5132747,"A-7,KIRTI NAGAR,NEW DELHI-110015",110015,,,亚洲,C
SANG CHEONG LOONG,香港,五金,T.K.TO,00852 27208157/23611165/91636123,00852 27255400,"229C,HAI TAN ST.SHAM SHUI PO,KOWLOON",,,,亚洲,C
SANEI RYUTSU KK,日本,五金,"ANDO, YASUO",0081 166 36 1300,,"2-21, KOGYODANCHI 3-JO 1-CHOME ASAHIKAWA-SHI, HOKKAIDO 0788273",,,,亚洲,S
SANEI CO,日本,五金,"HOTTA, MINORU",0081 594 31 5151,0081 594 31 5153,"1513-1, HAGASAKI KUWANA-SHI, MIE 5110944",,,,亚洲,S
SANDVIKEN AS,丹麦,五金,MR.LARS BURSCHE,0045 43 46 51 00,0045 43 96 60 81,"ABILDAGER 26-28,DK-2605 BRONDBY",,sandvik.dk@sandvik.com,www.sandvik.com,欧洲,A
Sandvik New Zealand Ltd,新西兰,五金,Brent Paulsen,0064 9 273 5888,0064 9 273 5899,"269 Ti Rakau Drive, East Tamaki, 1701, Auckland",,sandvik4@ihug.co.nz,http://www.sandvik.com,大洋洲,A
Sandvik Ireland Ltd,爱尔兰,五金,Mr. Kenneth V Sundh,00353 1 2952052,00353 1 2953725,"Stillorgan Ind Park, Stillorgan",,ie.coromant@sandvik.com,WWW.SANDVIK.COM,欧洲,A
SANDERSON PLUMBING PRODUCTS,美国,五金,Sandra B. Sanderson,001 662-328-4000,001 662-329-4362,"P.O. Box 1367, Columbus, MS 39703-1367, USA",,,WWW.BENEKESEATS.COM,北美洲,S
SANCO SHOJI CONPANY,日本,五金,MATSUKAWA,0081 52 7818286,0081 52 7824692,"1-23, SHIN-IKE-CHO, CHIKUSA-KU, NAGOYA-SHI, AICHI 464, JAPAN",,,,亚洲,S
Sander Handel GmbH,德国,五金,Hartmut Hofmann,0049 421 35 01 10,0049 421 3501141,"Plantage 14/17, DE 28215, Bremen",,info@sander-handel.de,http://www.sander-handel.de,欧洲,S
SAN KONG CO.,澳门,五金,CHAN CHO,00853 922007,00853 923194,RUA DO GUIMARAES N 238 (56B) R/C,,,,其他,C
SAN TIAN INTERNATIONAL,新加坡,五金,PETER WANG,0065 62788268/97827610,0065 62788428,"BLK 28,JALAN BUKIT MERAH #01-4464",152028,santian@singnet.com.sg,,亚洲,A
SAN SHOKAI KD,日本,五金,"MIYAWAKI, SHIRO",0081 794 82 5395,,"MACHIDA 207-1, KASA MIKI-SHI, HYOGO 6730402",,,,亚洲,S
SANBO LION KK,日本,五金,KURIOKA NOBORU,0081 724 38 6601,0081 724 388161,"9-9, NIIHAMA 2-CHOME, TADAOKA-CHO, SEMBOKU-GUN, OSAKA 5950814",,,WWW.SANBO-LION.CO.JP,亚洲,S
SANA DESIGNS INC.,加拿大,五金,RUDY NAKHLE,001 514 3347533,001 514 7451394,4716 THIMENS BOULEVARD//ST.LAURENT (MONT.) QC H4R 2B2,,,,北美洲,S
SAMS SUPER STORE,坦桑尼亚,五金,SALIM M SAID,00255 22 212560315/742603639,00255 22 2118077,"PLOT NO:429,MBEZI INDUSTRIAL AREA,BAGAMOYO ROAD",,samsuperstore@hotmail.com,,其他,C
SAM'S INTERNATIONAL LIMITED,香港,五金,SAM KIT,00852 25597700,00852 25597779,"RM.1902 EVER PROFIT COMM.BLDG.,34-36 KO SHING STREET,SHEUNG WAN(G.P.O.BOX 9420)",,sambo@netvigator.com,,亚洲,C
"SAMSUNG PRECISION IND. CO., LTD.",韩国,五金,PYO CHEOL-SOO,0082 (032)814-9200,0082 (032)814-9205,"NONHYON-DONG, NAMDONG-KU,INCHON",405-300,wwwirex@unitel.co.kr,WWW.IREX.CO.KR,亚洲,A
SAMSON EXTRUSIONS INDS.PVT.LTD.,印度,五金,MAHESH R.SHAH,0091 22 3422238/3436320,0091 22 3410028,"75,KAZI SAYED STREET,MASJID BUNDER (W),BOMBAY",400003,samson7@vsnl.com,WWW.SAMSON-GRP.COM,亚洲,C
SAMSEI ENTERPRISES LTD,日本,五金,"OYAMA, TETSUO",0081 6 6352 2783,0081 6 6352 8335,"13-20, TEMMA 2-CHOME KITA-KU OSAKA-SHI, OSAKA 5300043",,,,亚洲,S
Sampson Skilte,丹麦,五金,MR.SAMPSON,0045 65 31 34 53,0045 65 31 39 63,"Dronningensvej 40, DK 5800, Nyborg",,,,欧洲,A
SAMPELE INTER. AGENCY (NIG.) LTD.,尼日利亚,五金,SAMUEL OKWUMA,00234 1 4710757/8037161835/90 501647,00234,"SHOP 3B,NO.27,BADAGRY EXP. WAY,OPP. ZENTH BANK PLC,ORILE,LGANMU,LAGOS (8,SOKOTO ROAD,P.O.BOX 6134,ONITSHA)",,,,非洲,C
SAMPEI SANGYO KK,日本,五金,"KAGEYAMA, SAMPEI",0081 3 3647 3741,,"6-2, OGIBASHI 3-CHOME KOTO-KU, TOKYO 1350011",,,,亚洲,S
SAMPAN RESOURCES GROUP,香港,五金,MASOOD RIZVI,00852 25419010,00852 25418875,"10/FLOOR,EASTERN COMMERCIAL CENTRE,83,NAM ON STREET,SHAU KI WAN",,sudha@netvigator.com,WWW.BENTON.TO,亚洲,C
SAMIRIKA X'PORTS,印度,五金,MANDEEP SINGH,0091 120 4581073/4581250,0091 120 4581251/4430093,"A-45,SECTOR-57,NOIDA (U.P.)",201301,samirk@del3.vsn.net.in,,亚洲,C
"SAMJUNG CORP. CO., LTD.",韩国,五金,"KIM, DONG-RIN",0082 (02)895-2100,0082 (02)895-2949,"RM401, POONGLIM A.P.T-FACTORY, #1003-5, DOKSAN-DONG, KUMCHEON-GU, SEOUL",153-010,,WWW.SAMJUNG-COIP.CO.KR,亚洲,A
SAMIR ATTAR STORES,黎巴嫩,五金,HASSAN ATTAR,00961 1 555700,00961 1 272525,"P.O.BOX 25-400, BEIRUT ABED",,attar@attarsteel.com,WWW.ATTARSTEEL.COM,亚洲,C
SAMIKY INVESTMENT INTERNATIONAL LTD,尼日利亚,五金,MICHAEL ORAJIUKA,00234 1 2666540/2665676,00234,43 OFFIN RD LAGOS,,,,非洲,C
SAMIH EL SHAMY'S SONS CO.,黎巴嫩,五金,ABED EL NASSER SHAMY,00961 3 622707/622706,00961 5 466294,P.O.BOX: 24/130 BEIRUT,,shamy_co@cyberia.net.lb,,亚洲,C
SAMIER AL HAKIM,叙利亚,五金,,00963 11 2225074/2216964,00963 11 2232421,DAMASCUS-P.O.BOX:11169,,samieralhakim@mail.sy,,亚洲,C
"SAMICKLMS.CO.,LTD",韩国,五金,"JIN, WOO-SEOK",0082 (02)571-6451/9,0082 (02)575-0236,"SAMIK B/D, 16-7, YANGJAE-DONG, SOCHO-GU, SEOUL",137-130,,WWW.SAMICKLMS.CO.KR,亚洲,A
"SAMGONG CO., LTD.",韩国,五金,"ZONG, HE-RYONG",0082 (051)205-7101/5,0082 (051)200-3046,"532, SHINPYONG-DONG, SAHA-GU, PUSAN",604-030,,WWW.SAM-GONG.CO.KR,亚洲,A
SAMEERA HUWAIR TRADING CO. (L.L.C.),阿拉伯联合酋长国,五金,MR KHUZEMA GULBADAN,00971 4 2714557/506524981,00971 4 2713682,"P.O.BOX 15022,DUBAI",,gulbadan@emirates.net.ae,,亚洲,B
SAMEED CORPORATION,巴基斯坦,五金,MR.AHMAD SHAH,0092 91 815843,0092 91 817991,C/11-12 GB PLAZA JAMROD ROAD PESHAWAR,25000,sameed1@netzone.net.pk,,亚洲,C
SAMBORUTO KK,日本,五金,"NAKAJIMA, TAKASHI",0081 3 3694 4337,0081 3 3696 5407,"15-9, HIGASHITATEISHI 2-CHOME KATSUSHIKA-KU, TOKYO 1240013",,,,亚洲,S
SAMAS ASIA LTD.,香港,五金,MR. K.T. LO,00852 93548008,00852,"#10,10/F.,NEW TRADE PLAZA,BLOCK B',SHATIN",,,,亚洲,C
"SAMAFE,S.A.",巴拿马,五金,JUANG.DE SAINT MALOM.,00507 2701263/2261190,00507 2267019/2268511,P.O.BOX:1906 PANAMA 9A,,samafe@sinfo.net,,其他,C
SAMA MAJU SUKSES CEMERLANG,印度尼西亚,五金,MANOPPO LIEMER,0062 21 6503394/8158737886,0062 21 6502735,"PERKANTORAN MEGA SUNTER,JL.DANAU SUNTER SELATAN 05 BLO B/41 JAKARTA UTARA",,msmtradeco@cbn.net.id,,亚洲,B
SAM TRAC TRACTORS EQUIPMENTS,美国,五金,SAM HINDI,001 530 8942188,001 530 8941866,"3199 PLUMMERS LN#12,CHICO,CA",95973,econoglas@aol.com,,北美洲,S
Sam Tools Belgium,比利时,五金,Olivier Blanc/TERGE SIMON,0032 2 331 34 34,0032 2 331 34 43,"Basteleusstraat 2, B 1600, Sint-Pieters-Leeuw",,samtools@online.fr,,欧洲,A
SAKUMA TEKKO KK,日本,五金,TANNO MICHIO,0081 22 284 0121,,"4-4, OROSHI-MACHI 3-CHOME, WAKABAYASHI-KU SENDAI-SHI, MIYAGI 9840015",,,,亚洲,S
SAKUMA KANAMONO KK,日本,五金,"SAKUMA, SEIZO",0081 596 25 9227,0081 596 28 6163,"233-1, KAWABATA-CHO ISE-SHI, MIE 5160052",,,,亚洲,S
"SAM JUNG CO.,LTD.",韩国,五金,S.C.YUN,0082 31 7345500,0082 31 7345511,"B03 TECH TOWER 223-28,SANGDAEWON-DONG,JUNGWON-KU,SEONGNAM CITY",,sj-5500@hanmail.net,WWW.SAMJUNGM.COM,亚洲,A
SALMAN H. AL-NAJJAR,巴林,五金,A. ADHEEM AL-NAJJAR,00973 223474/225515/9609594,00973 213153,"P.O.BOX:5057, MANAMA",,shnajjar@batelco.com.bh,,亚洲,C
SALIM AL HALEEF TRADING EST.,沙特阿拉伯,五金,ABDUL RAHMAN,00966 1 4094273/4094278/54212941,00966 1 4094278,P.O.BOX 43231 RIYADH,11561,salimhaleef@ae.net.sa;amkarksa@hotmail.com,,亚洲,B
SALIM AGENCY,孟加拉国,五金,ABDUL HALIM SALIM,00880 31 614536/624290,00880,11 JUBILEE ROAD CHITTAGONG-4000,,,,亚洲,C
SALES GLASS & ALUMINUM SUPPLY,菲律宾,五金,EDWIN SALES,0063 2 7117447/7115767/9175378719,0063 2 7322209,"1311-1313 C.M. RECTO,MANILA",,stanza@philonline.com.ph;salesdisplay@mydestiny.net,,亚洲,B
SALEHEEN COMPANY,沙特阿拉伯,五金,AWAD SAID AL-YAFEI,00966 2 6709182,00966 2 6709175,"P.O.BOX 7860,JEDDAH 21472",,yafiegroup@hotmail.com,,亚洲,B
SALEH HAMADEH & SON'S TRADING CO.,沙特阿拉伯,五金,Mr. MR.HAMADAH A.S,00966 2 6631144,00966 2 6652046,P.O.BOX 2179 JEDDAH,21451,hamadah@zajil.net,,亚洲,B
SALEH AL JALLAWI GROUP,巴林,五金,SALEH AL JALLAWI,00973 233275/253879/254633,00973 275207,P.O.BOX 317 MANAMA,,,,亚洲,C
SALEH & MAHBUBANI TRDG.CO.L.L.C.,阿拉伯联合酋长国,五金,M.V.MAHBUBANI,00971 4 2236931,00971 4 2237874,P.O.BOX 29023 DUBAI,,moneta@netvigator.com,,亚洲,B
SALEEM TRADERS (PVT) LTD,巴基斯坦,五金,MUHAMMAD SALEEM,0092 3006402593/3006402116,0092 431 222006,ST NO:4 MOHALA NOOR BAWA GUJRANWALA,52250,qasimsaleem79@hotmail.com,,亚洲,C
SALEEM CO.FOR TRADE & INDUSTRY,巴勒斯坦,五金,ENG.M.SALEEM,00972 8 2862596/59705774,00972 8 2821224,GAZA EL-YARMUK ST.(P.O.BOX 277),,msaleem@gmx.net,,其他,C
SAKHI IMPEX,香港,五金,ROMEO R. VASWANI,00852 23757867/90815588,00852 23757864,"SUITE ""H"",5/FL.,UNION MANSION,33-35 CHATHAM ROAD SOUTH,TSIMSHATSUI,KOWLOON (TST P.O.BOX 90171)",,sakhiimpex@netvigator.com,,亚洲,C
SAKURA KOGYO SHOJI YK,日本,五金,"WAKABAYASHI, HIROSHI",0081 278 23 3052,0081 278 23 3235,"311-1-4, YOKOZUKA-MACHI NUMATA-SHI, GUMMA 3780002",,,,亚洲,S
SAHAG GUIBINIAN & SONS ENTERPRISE,黎巴嫩,五金,ROUPEN KIBINIAN,00961 1 500997/493512/3615662,00961 1 496833,"2ND FLOOR,GEDCO 1 CENTER,HOURCH TABET",,kibinian@dm.net.lb,,亚洲,C
SALA GROUP LTD,英国,五金,RICHARD BRAIN,0044 1275 841310/7957811979,0044 1275 818957,"OLD MILL ROAD, PORTISHEAD, BRISTOL, ENGLAND",BS20 7BX,rbrain@salagroup.co.uk,WWW.SALAGROUP.CO.UK,欧洲,S
SAKURAI SHOTEN AND CO LTD,日本,五金,"SAKURAI, KENJI",0081 6 6681 4049,0081 6 6681 5758,"4-4, KITAJIMA 3-CHOME SUMINOE-KU OSAKA-SHI, OSAKA 5590014",,,,亚洲,S
SAKIN ENTERPRISES,香港,五金,SAIFEE S.GOOLAMABBAS,00852 28508786,00852 28508919,"LEE ROY COMM.BLDG.,10/F.,57-59 HOLLYWOOD RD.,CENTRAL",,,,亚洲,C
SAKTI SURIA (J.B.) SDN.BHD.,马来西亚,五金,DANIEL TAY,0060 3 5716868/197141844,0060 3 5717033,"NO.17&19,JALAN TPP 5/13 TAMAN PERINDUSTRIAN PUCHONG,SEKSYEN 5,47100 PUCHONG,SELANGOR",,tkk888@pc.jaring.my,,亚洲,B
SAKTHI INTERNATIONAL PVT. LTD.,斯里兰卡,五金,G.AANAND,0094 75 326241/334634,0094 75 334634,"51,SEN STREET,COLOMBO 11",,,,亚洲,C
Sakra i Stockholm AB,瑞典,五金,,0046 8 448 72 00,0046 8 448 72 01,"Mediav 9 B, SE 13548, Tyreso",,info@sakerhet.se,http://www.sakra.com,欧洲,A
SAKA LTD. STI.,土耳其,五金,YASAR SAKA,0090 212 6710584/5322501111,0090 212 6710583,ESENLER SANAYI SITESI 20.BLOK NO:3 IKITELLI ORGANIZE SANAYI BOLGESI ISTANBUL,34670,suleymansaka@superonline.com,,亚洲,B
SAKAKEN KK,日本,五金,SAKAI NORIO,0081 256 34 1131,0081 256 35 5426,"14-10, KATSUBOGAWA 1-CHOME, SANJO-SHI, NIIGATA 9550056",,,,亚洲,S
SAKAIHARA KK,日本,五金,HARA SHIGEKI,0081 799 22 0748,0081 799 246170,"417-4, KUWAMA, SUMOTO-SHI, HYOGO 6560014",,,,亚洲,S
SAKAI ISHITO KK,日本,五金,"ISHITANI, GORO",0081 72 238 7321,0081 72 227 8869,"3-7, KITASHIMIZU-CHO 3-CHOME SAKAI-SHI, OSAKA 5900004",,sakai-ishitou@mwb.biglobe.ne.jp,,亚洲,S
SAKAI SHOKAI KK,日本,五金,SAKAI KAZUO,0081 256 35 1031,0081 256 35 1154,"6-8, TSUKANOME 5-CHOME, SANJO-SHI, NIIGATA 9550055",,,,亚洲,S
SAKAI FASUNINGU KK,日本,五金,"SAKAI, HAJIME",0081 3 3895 4195,,"SAKAI BLDG. 1-1, HIGASHIOGU 1-CHOME ARAKAWA-KU, TOKYO 1160012",,,,亚洲,S
SAKAI BYORA CO LTD,日本,五金,"HORI, MUTSUO",0081 6 6632 1515,0081 6 66416868,"3-11, NIPPOMBASHI 3-CHOME NANIWA-KU OSAKA-SHI, OSAKA 5560005",,,,亚洲,S
SAIWAI BOEKI SHOKAI PTE LTD,新加坡,五金,SHASHIKANT P SHIULAL,0065 63386177/97434523,0065 63383915,"89,SHORT STREET #10-04 GOLDEN WALL CENTRE",188216,saiwai@singnet.com.sg,,亚洲,A
SAITO-MOGAMI INDUSTRIES CO LTD,日本,五金,SAITO TAKATOSHI,0081 3 3716 4221,0081 3 37938487,"10-3, SHIMOUMA 6-CHOME, SETAGAYA-KU, TOKYO 1540002",,,WWW.SAITO-MOGAMI.CO.JP,亚洲,S
SAITO KOGYO KK,日本,五金,"TANI, YUKIO",0081 256 32 2181,0081 256 32 6639,"24-26, ARA-MACHI 2-CHOME SANJO-SHI, NIIGATA 9550083",,,,亚洲,S
SAITO KANAAMI KK,日本,五金,"SAITO, SHIGEHIRO",0081 3 3422 5461,,"FUAMI-YU1EFU 2-17, IKEJIRI 2-CHOME SETAGAYA-KU, TOKYO 1540001",,,,亚洲,S
SAIN DASS AGGARWAL & BROS.,印度,五金,SUNIL,0091 11 3282866/5704050/5706783,0091,"3669,CHAWRI BAZAR,DELHI-6",,saindass@rediffmail.com,,亚洲,C
Saimaan Rautakauppa Oy,芬兰,五金,,00358 5 4 16 18 00,00358 5 4 16 1801,"Toikansuont. 8, FI 53500, Lappeenranta",,,,欧洲,A
"SAILING TRADING(HK) CO.,LTD.",香港,五金,MR.MIL-CHEONG YAU,00852 27644893,00852 27645835,"FLAT G,15/F PHASE 2,KINGSFORD INDUSTRIAL BUILDING,26-32 KWAI HEI STREET,KWAI CHUNG,N.T.",,sailinghk@yahoo.com.hk,,亚洲,C
SAIKOSHA CORPORATION,日本,五金,"SAITO, TAKAO",0081 568 31 6211,0081 568 31 6464,"1-4-11, NISHITAKAYAMA-CHO KASUGAI-SHI, AICHI 4860911",,,WWW.SAIKOSHA.CO.JP,亚洲,S
SAIFY MARINE & HARDWARE STORES,孟加拉国,五金,ABBAS M.KAPADIA,00880 31 617176/630986/17353465,00880 31 610176,"5.G.R.PLAZA,JUBILEE ROAD,CHITTAGONG",,ttp@abnetbd.com,,亚洲,C
SAIFEE SHIP SPARE PARTS & CHANDLERS(L.L.C.),阿拉伯联合酋长国,五金,FIROZ,00971 4 3241581,00971 4 3241521,"P.O.BOX 3316,DUBAI",,saif81@emirates.net.ae,,亚洲,B
SAIF TRADING CORPORATION,孟加拉国,五金,,00880 2 7120588/7118579/171349271,00880 2 9552344/7118579,"85, NAWABPUR ROAD, (SHOP-30) DHAKA-1100",,yusuf@bol-online.com,,亚洲,C
SAIDMAQ,摩洛哥,五金,HASSAN MOUSS,00212 22 311548/300599,00212 22 312992,"17,PLACE KHAIBAR ANGLE BD.DE LA GIRONDE-CASABLANCA",,saidmaq1@casanet.net.ma,,非洲,C
SAHASIN TRANSPORT & TRADING SDN.BHD.,泰国,五金,,0066 74 210986/210988,0066 74 210541,"NO.85,/30-31,KANJANAVANICH ROAD,HAADYAI",,,,亚洲,B
SAHASIN TRANSPORT & TRADING SDN. BHD.,马来西亚,五金,Mr. POH KEE SUANG,0060 4 5071207/5073842/124728201,0060 4 5072458,"NO.1515 KEBUN SIREH,BUKIT TENGAH,BUKIT MERTAJAM,PENANG",14000,kesuang@pc.jaring.my,,亚洲,B
SAHARA TRADING CO.,阿拉伯联合酋长国,五金,HUSAM H.AL-ALI,00971 6 5341012/507361219,00971 6 5383984,33876 SHARJAH,,husam_alali@hotmail.com,,亚洲,B
SAHARA TRADING & SHIPPING CO.,驻华采购商,五金,MR.GAMAL TLUBA,0086 10 65577145/13911024800/13910093747,0086 10 65211677,"ROOM 5040 ZIFENG BUILDING,EAST DISTRICT,BEIJING",,sahara669@hotmail.com,,其他,C
"SAHAKIJ HARDWARE LTD.,PART.",泰国,五金,VISIT LIMPASIL,0066 2 2144916/2140240/2159870/2161212,0066 2 2140458,"117-119 SOI SUANLUANG 4 (CHULA SOI 3) BUNTUDTONG RD.,PRATHUMWAN BANGKOK",10330,sktools@hotmail.com,,亚洲,B
"SAHACHAI BANGKOK CO.,LTD.",泰国,五金,PRASITH TRISURIYASEANGCHOT,0066 2 8985900/13082481,0066 2 8986488,20/545 MOO 10 SOI 44 RAMA 2 RD. JOMTHONG JOMTHONG BANGKOK,10150,vplus_thailand@yahoo.com;venus@watersupplythailand.com,,亚洲,B
SAHABAT,印度尼西亚,五金,SUHENDAR K.(YOENG-YOENG),0062 22 4234198,0062 22 4232240,"JL.JEND.SUDIRMAN 80,BANDUNG",40181,,,亚洲,B
SAGAWA SHOTEN YK,日本,五金,"SAGAWA, KINICHI",0081 287 62 1611,0081 287 62 3643,"6-23, SAIWAI-CHO KUROISO-SHI, TOCHIGI 3250057",,,,亚洲,S
SAB'A & SAMIR TABBALAT CO.,约旦,五金,SAB'A TABBALAT,00962 6 5533818/79649659,00962 6 5513979,AMMAN-MACCA ST.,,tabbalat_co@tabbalat.index.com.jo,,亚洲,C
SAGASHOKOSHA KK,日本,五金,"OISHI, NOBUYUKI",0081 466 25 7922,0081 466 29 2439,"94-2, MIROKUJI FUJISAWA-SHI, KANAGAWA 2510016",,,,亚洲,S
SAGA D.O.O. PRNJAVOR,波斯尼亚黑塞哥维那共和国,五金,GORDANA MUSIC,00387 51 665093,00387 51 664400/663062,78430 PRNJAVOR,,,,其他,C
SAGAMI PATSU KK,日本,五金,"KOSUGI, KENJI",0081 46 231 3314,0081 46 231 9667,"2-37, HIGASHI KASHIWAGAYA 5-CHOME EBINA-SHI, KANAGAWA 2430401",,,,亚洲,S
SAGA HANDAL(HONGKONG)PRIVATE LIMITED,马来西亚,五金,聂程祥,0060 85 653848/663848,0060 85 664668,"LOT 1893,BLK 3 MCLD PIASAU UTARA IND.EST.JLN PIASAU P.O.BOX 1714 98008 MIRI SARAWAK",,saga_handal@hotmail.com,,亚洲,B
SAFOR. SNC,意大利,五金,Mr. DELLO STRITTO VINCENZO,0039 081 5242456,0039 081 5242456,VIA MONTERUSELLO SOZZUONI(NA),80012,,,欧洲,A
SAFINAT AL-SAHARA TRDG. CO. L.L.C.,阿拉伯联合酋长国,五金,SALIM N. LOKHANDWALA,00971 4 2219335,00971 2236003,P.O. BOX 8108 DUBAI,,safinaas@emirates.net.ae,,亚洲,B
Saferex Oy,芬兰,五金,Sami Ollila,00358 9 877 03 820,00358 9 87 70 38 58,"Vanha Viertot 7, FI 00350, Helsinki",,sami.ollila@saferex.fi,http://www.saferex.fi,欧洲,A
SAFE & GARD,美国,五金,JOTTSCH,001 303-763-8900,001 303-763-8071,"12105 W CEDAR DR, LAKEWOOD, CO 80228-2103",,shiela@safe&gard.com,www.safe&gard.com,北美洲,S
"SAENG CHAROEN PATANA ENTERPRISE CO., LTD.",泰国,五金,ISARA SIRIWONGWATTANA,0066 2 9381938/5113061/5110543,0066 2 5133070/5113061,"438/12-13 LARDPRAO 24 ROAD,JATUJAK, BANGKOK 10900",,,,亚洲,B
Saekko Industri A/S,丹麦,五金,MR.FENN MABSEN,0045 74 31 18 88,0045 74 31 18 60,"Vestvejen 168, DK 6200, Aabenraa",,saekko-industri@saekko-industri.dk,www.saekko-industri.dk,欧洲,A
SAEG ENGINEERING GROUP LLC,美国,五金,,001 3057188146,001 3057189574,"8012 NW 68 STREET MIAMI FL 33166,U.S.A.",,rnovoa@saeg.com,www.saeg.com,北美洲,S
SADLER BROTHERS INC.,美国,五金,RICHARD L. LeCUIVRE,001 617 7618352,001 617 2527600,"P.O. BOX 3005,SOUTH ATTLEBORO,MA",MA 02703,,,北美洲,S
SADIQ JAHAN LIMITED,巴基斯坦,五金,ABDUL WAHAB,0092 91 815500/3005903244,0092 91 815029,P.O.BOX 728 UNIVERSITY TOWN PESHAWAR,,alislam@brain.net.pk,,亚洲,C
SADIK GENERAL IMPORTER,埃塞俄比亚,五金,SADIK SIRAJ,00251 1 560611/9 204349,00251 1 279986,ADDIS ABABA,,sadindus2000@yahoo.com,,其他,C
"SADDLEMAN, INC.",美国,五金,BOB FOLKMAN,001 800 4992526 EXT.0,001 435 7532993,"80 WEST GOLF COURSE ROAD LOGAN,UTAH 84321",,bfolkman@alcomfg.com,WWW.SADDLEMAN.COM,北美洲,S
SADASUKHI ENTERPRISES,尼泊尔,五金,RAJESH KHATER,00977 1 240473/243100/981025351,00977 1 220070,"SHREE BUILDING,BLOCK NO.GA 1-42 BACKSIDE OF HICOLA COLOUR LAB DUGAMBAHIL(NEW ROAD)(P.O.BOX:1249,KATHMANDU)",,sse@wlink.com.np,,其他,C
Sadanan Enterprises Pvt. Ltd.,尼泊尔,五金,Mr. Surya Kumar Shrestha,00977 1 473855/249587,00977 1 253670,"New Baneshwor, PO Box # 3111, Kathmandu",,suryakumar@sadanan.wlink.com.np,,其他,C
SACH INTERNATIONAL,香港,五金,S.K.GUPTA,00852 64222107,00852,HONG KONG,,sachin_usd@yahoo.com,,亚洲,C
SACSON KNITTING COMPANY (PVT) LTD,斯里兰卡,五金,ARUL S.G.GUANAM,0094 11 692167,0094 11 469502,"752/1,BASELINE ROAD,COLOMBO 9",,,,亚洲,C
Sabeco Importers Trade Co Ltd,以色列,五金,Avi Hayout,00972 3 5371855,00972 3 6870517,"15 Hacongress Street, 66044, Tel Aviv Yafo",,,,亚洲,A
SABCO,叙利亚,五金,JAMIL AL SADAKA,00963 11 5426053/5420713/93226955,00963 11 5420713,P.O.BOX 22335 DAMASCUS,,sabcojamil@ajeeb.com;sabcojamil@hotmail.com,,亚洲,C
SABREEN HARDWARE AND AUTOMOTIVE PAINTS,阿拉伯联合酋长国,五金,SARFARCZ A. SIDDIQUI,00971 4 2661434/504225731,00971 4 2661434,GECO R1 AOUNT INDUSTRIAL AVE.6 (P.O. 16673) DUBAI,,sabreensiddiqui@hotmail.com,,亚洲,B
SABREEN HARDWARE AND AUTOMATIVE PAINTS,印度,五金,SARFARCE A.SIDDIQUI,0091 11 2911293,0091,"B-3/102,YAMUNA VIHAR,DELHI",110053,sabreensiddiqui@hotmail.com,,亚洲,C
"SABRA,INC",美国,五金,,001 4198822338,001 41988225655,"4615 HOLLAND SYLVANIA #6,TOLEDO, OH,U.S.A.",,sabra9120@hotmail.com,,北美洲,S
SABIR SONS,巴基斯坦,五金,BILAL AHMAD,009242 7650324/7654235/320 4805950/333 4216980,0092 42 7632047,"DEWAN STREET NO.3,40-BRANDRETH ROAD,LAHORE",,sabirsb@hotmail.com,,亚洲,C
SABBAGH & SHAMI BUILDING MATERIALS CO.,约旦,五金,MR.AMMAR M. SHAMI,00962 6 4639520/4656520/77222520,00962 6 4618520,P.O.BOX 6408 AMMAN,11118,shamico@joinnet.com.jo;shamico@cyberia.jo,,亚洲,C
SABARA INC,美国,五金,,001 5164315100,001 5164317787,"100 WEST PARK AVE LONG BEACHNY USA 11572,U.S.A.",,sabarainc@aol.com,,北美洲,S
SA WOLSKI,法国,五金,M BELLIER DANIEL,0033 4 75724700,0033 4 75023380,"ALLEE DE BOURGOGNE, ZI SUD, 26300, BOURG DE PEAGE",,info@wolski.com,,欧洲,A
SAADI-CO,叙利亚,五金,ANAS SAADI,00963 11 2310829/3735444,00963 11 2310756,"FAISAL STREET DAMASCUS,(P.O.BOX:2762)",,alsaadi@net.sy,,亚洲,C
SA NORAIL,法国,五金,M POULAIN GUY,0033 3 27846150,0033 3 27846181,"50 RUE THEOPHILE BOYER, BP 207, 59360, LE CATEAU CAMBRESIS",,norail@easyconnect.fr,WWW.NORAIL.FR,欧洲,A
SA GEZE FRANCE,法国,五金,M FLATRES,0033 1 60626070,0033 1 60626071,"RN 19, ZA DE L ORME, 77170, SERVON",,france.fr@geze.com,WWW.GEZE.COM,欧洲,A
SA LA VENITIENNE,法国,五金,M LAUNAY B,0033 5 45816214,0033 5 45817278,"ZONE INDUSTRIELLE SOUILLAC, BP 117, 16200, JARNAC",,,www.la-venitienne.fr,欧洲,A
SA DES MEUBLES GENTE,法国,五金,M DROUIN ETIENNE,0033 3 29902222,0033 3 29902794,"RUE DE BAR LE DUC, BP 7, 55300, CHAUVONCOURT",,gente.pro@wanadoo.fr,,欧洲,A
SA ALUROY,法国,五金,MME ROY MAGALY,0033 3 84656565,0033 3 84649276,"ZAC DE GRAY SUD, BP 140, 70104, GRAY CEDEX",,fermeture@aluroy.com,WWW.ALUROY.COM,欧洲,A
SA ADF EFNA,法国,五金,M FERREIRA DA SILVA FRANCOIS,0033 1 39618586,0033 1 39615639,"48 RUE DENIS ROY, 95100, ARGENTEUIL",,contact@adf-agencenent.fr,,欧洲,A
S.Z & BROTHERS,巴基斯坦,五金,SHAHID BASHIR,0092 21 2424895,0092 21 2412381,"4/32,arkay square extension shahrah-e-liaquat,karachi",74000,szbros@cyber.net.pk,,亚洲,C
S.YUTTAKRAI CONSTRUCTION LIMITED PARTNERSHIP,泰国,五金,TAWEEKUN PANITHAPORN,0066 2 7595129/13734419/19106450,0066 2 3836212,"25/4-5 MOO 10,THEPARAK RD.,T.BANGPLA,A BANGPLEE SAMUTHPRAKARN",10540,manu_nuch@yahoo.com;kovit@cwt.co.th,,亚洲,B
S.V.S. Vaerktoej A/S,丹麦,五金,,0045 59 65 11 12,0045 59 65 16 64,Kroenborgvej 50 - 4550 Asnaes,,svs@svs-as.dk,http://www.svs-as.dk,欧洲,A
"S.V.ARISE SHINE LTD.,PART.",泰国,五金,SURACHAI LUANGSOPHAKORN,0066 2 3737089/3733203/19297338,0066 2 3737089,79/165 S.3/3 M.THARAROM(BANGKAPI) SUKAPIBAN 3 RD. BUNG KOOM BANGKOK,10240,,,亚洲,B
S.THORBALL APS,丹麦,五金,JESGER ANDERSON,0045 36 72 09 00,0045 36 70 33 35,"Mose Alle 20, DK 2610, Roedovre",,stats@stasts.dk,http://www.glasteknik.dk,欧洲,A
S.TAGRAJ JAIN,印度,五金,MAHENDRA MUNOTH,0091 44 5387999,0091,"NEW NO.90/3,(64/3) NARAYANA MUDALI STREET,CHENNAI",600079,,,亚洲,C
S.T.YEO HOLDING SDN.BHD.,马来西亚,五金,YEO SIEW THYE,0060 7 3321559/127865559,0060 7 3391559,"4,JALAN SRI PURNAMA 2/1.KANGKAR TEBRAU LIGHT INDUSTRIAL,JOHOR BAHRU,JOHOR,WEST",81100,s.t.yeo@tm.net.my,,亚洲,B
S.T.R.B.CORPORATION,孟加拉国,五金,MD.SAMSUL ALAM(TAGORE),00880 41 721431/760451,00880,"1 NO.OLD JESSORE ROAD,KHULNA,BANGLADESH(G.P.O.-9100,KHULNA)",9100,,,亚洲,C
S.FAZAL ILAHI & SONS,巴基斯坦,五金,OMAR AZHAR,0092 42 7652259/7639170,0092 42 7632205,"46,NISHTAR ROAD,LAHORE",,,,亚洲,C
S.N.IFACO,科特迪瓦共和国,五金,NASSER HOUDROUGE,00225 21 251273/257328,00225 21 251274,"16 B.P.618,ABIDJAN 16",,n_houdrouge@hotmail.com/sarah@afnet.net,,其他,C
S.K.HARDWARE MART,印度,五金,RAKESH GUPTA,0091 11 23280280/23270583/9811089761,0091 11 23221575,"3545,SITA RAM BAZAR,(NEAR HAUZ QAZI CHOWK),DELHI-6",,,,亚洲,C
S.K.HARDWARE & GENERAL MERCHANDISE,菲律宾,五金,BANNY A.SY,0063 75 5220706/5158899,0063 75 5235480,5 P NABLE STREET DAGUPAN CITY,2400,,,亚洲,B
S.K.AGENCIES,印度,五金,SURENDRA KAPIL,0091 5946 60454/24716,0091,"DHAR BITHORIA,HALDWANI(NTL.)",,,,亚洲,C
S.S.INTERNATIONAL S.A.R.L.,黎巴嫩,五金,JEAN PIERRE S.KEBBE,00961 3 260526/4 712203,00961 3 596782/4 713302/712203,"P.O.BOX: 175170 KEBBE BUILD,BKENAYA,JAL EL-DIB,BEIRUT",,ssi@sodetel.net.lb,,亚洲,C
S.R. IMPORT EXPORT INTERNATIONAL,菲律宾,五金,SONNY CHUA,0063 2 7263696/7267329,0063 2 7224230,1220 G. MASANGKAY ST. MANILA,,sunray@mydestiny.net,,亚洲,B
"S.P.V. TRADING CO.,LTD.",泰国,五金,SUPHAP SUPAVESYSAKUL,0066 2 8080078/8080079/16853122,0066 2 8081972/6751782,231/4 SADTHAKIT VILAGE SOI 31-10-3 LUKSONG BANGKAE BKK.,10160,,,亚洲,B
S.N.C AFIA COMMERCE,阿尔及利亚,五金,MAWAGER DAOUADI SCIMANE,00213 21 501758/61540423,00213 21 501712,08 ROUT DE LARBA CHATEAU ROUGE EUCALYPTUS ALGER,16000,daouadi-seiman@yahoo.far,,非洲,C
S.M.T.COMPANY LIMITED,泰国,五金,VICHAI R.,0066 2 8889880/8889882,0066 2 4419632,81/4-5 BAROMRAJCHOLRANEE RD.TAVEWATANA BANGKOK,10170,hotsmit@hotmail.com;prettymary1498@yahoo.com.cn,,亚洲,B
S.A.ENTERPRISES,英国,五金,M.A.HAFEEZ,0044 161 8607836,0044 161 3749507,"34,WHITEMOSS AVENUE,CHORLTEN CUM HARDY,MANCHESTER",,dallastool@aol.com,,欧洲,S
"S. MART D-I-Y CENTER CO.,LTD.",泰国,五金,SARINDHORN THAVIKULWAT,0066 2 322 2849/50,0066 2 320 0734,"101/7 SRINAKARINTR ROAD,BANGKOK 10250",,,,亚洲,B
S P S L SDN. BHD.,马来西亚,五金,ANTHONY T. K. OOI,0060 4 5755386,0060 4 5755412,"503 PERMATANG SINTOK,JALAN PENAGA,13100 BUTTERWORTH",,spsl@tm.net.my,,亚洲,B
S.H. COMPANY,俄罗斯联邦,五金,VLADIMIR SHRAMKO,007 095 962 9072,007 095 962 9072,"AKADEMIKA KOROLIOVA STR.9/5-72,129515 MOSCOW",,,,其他,C
S.H.PROSPER INC.,美国,五金,GUO RONG SHEN,001 954 3707803,001 954 3706025,9325 LAGOON PL #305 DAVIE,FL 33324,bingbingius@yahoo.com,,北美洲,S
S.I.S.A.,比利时,五金,STEPHAN VAN MERRIS,0032 50 25 01 90,0032 50 25 01 99,"DE AREND 10,B-8210 ZEDELGEM",,sisahp@mail.com,,欧洲,A
S.I.S ENTERPRISE CO.,韩国,五金,K.S.YANG,0082 31 8326323,0082 31 8326325,"253-3,KANPA-RI,JUNKOK-EUB,YUNCHUN-GUN,KYUNGKIDO",,sischina@sischina.com.cn,,亚洲,A
S.D.TOP TRADING INC.,美国,五金,MS.DENA HAN,001 718 3354009,001,"42-41 ELBERTSON ST.ELMHURST,NY",11373,,,北美洲,S
S.D. Products,英国,五金,Colin G. Mills,0044 1623 655265,0044 1623 420689,The Broadway Great Central Road Mansfield Nottinghamshire NG18 2RL,,sales@sdproducts.co.uk,http://www.sdproducts.co.uk,欧洲,S
S.C.FLORICON SALUB S.R.L.,罗马尼亚,五金,FLORIN CONSTANTINESCU,0040 244 375151/722242562,0040 244 375151,"OBORULUI 6,CAMPINA",,floricon@xnet.ro,,欧洲,C
S.C.CANIMO S.R.L.,罗马尼亚,五金,DUMITRESCU CLAUDIA-MONICA,0040 249 513696/516097,0040 249 516097/513696,"STR.PARANGULUI,NR 10B CARACAL,OLT",,canimo@romanati.ro,,欧洲,C
S. A. SULQUISA,西班牙,五金,GINES GALDON,0034 94 4255300/4255501,0034 94 4234622,"SAN VICENTE,8-5A PLAZA EDIFICIO ALBIA,1 BILBAO",48001,g.galdonw@minersa.es,WWW.MINERSA.ES,欧洲,A
S M PRECISION TOOLS ENTERPRISE,马来西亚,五金,CHIN CHON HEONG,0060 123063722/192241138,0060 3 80761418,"D-G01,BLK D,JLN PJU 10/1F,DAMANSARA DAMAI,APARTMENT IMPIAN SG.BULOH,PETALING JAYA,SELANGOR DARUL EHSAN",47830,,,亚洲,B
S.AFTAB AHMED,巴基斯坦,五金,MR.RAZI AFTAB AHMED,0092 21 7723011/6689022,0092 21 6684442,"4, A SAIRA MANTION, OPP.AURANGZEB MARKET, M.A.JINNAH ROAD, KARACHI",74200,razi-a@cyber.net.pk,,亚洲,C
S. Vinarsky & Co. Ltd,以色列,五金,Nahum Vinarsky,00972 3 6811396,00972 3 6813077,"45 Kibbutz Galuyot Street, 66550, Tel Aviv Yafo",,,,亚洲,A
S&S TRADING COMPANY,斯里兰卡,五金,SHEZARD H SAHEED,0094 11 2433015/2343624/777308876,0094 11 2445023,"287,GRANDPASS ROAD,COLOMBO-14",,ratra@eureka.lk,,亚洲,C
MUL T BRIDGE GLOBAL TRADE,马来西亚,五金,MR.HARRISON CHONG,0060 3 56329133/19 2313333/16 2723030,0060 3 56318623,24 JALAN PJS 10/26 BANDAR SRI SUBANG 46000 PETALING JAYA SELANGOR DARUL EHSAN,,multlock@tm.net.my,,亚洲,B
MUGAI CO LTD,日本,五金,SUZUKI HIDEKAZU,0081 53 428 5511,0081 53 4285517,"5-1, SHIMMIYAKODA 4-CHOME, HAMAMATSU-SHI, SHIZUOKA 4312103",,yu-sujita@mugai.co.jp,,亚洲,S
MUFAZZAL TRADERS(L.L.C),阿拉伯联合酋长国,五金,MULLA MUHAMMAD ALI GHADYALI,00971 6 5617216/5615582/506972581,,"JAMALUDDIN AL-AFGHANI ROAD,P.O.BOX:2976 SHARJAH",,ghadyali@emirates.net.ae;mufazzal67@hotmail.com,,亚洲,B
Mueller Minden Maschinenhandelsgesellschaft mbH,德国,五金,,0049 571 50 52 50,0049 571 5052560,"Wittelsbacherallee 60, DE 32427, Minden",,info@muller-minden.de,http://www.mueller-minden.de,欧洲,S
MUCTO CENTRO SA,巴拿马,五金,MANUEL WAN,00507 2268164,00507 2268165,"CALLE 58 SAN FRANCISCO,PANAMA",87-3426 ZONA 7,,,其他,C
MUHAMMAD YOUNUS & COMPANY,巴基斯坦,五金,MR.SHAHZAD YOUNUS,0092 21 2420989/2419416/303 7326442,0092 21 2444868,"3,CHANDNI CENTRE,BEHIND MOTANDAS,LIAQUAT MARKET,M.A.JINNAH ROAD,KARACHI.",,,,亚洲,C
MUHAMMAD M.ABU MONSHAR STORES,巴勒斯坦,五金,MUHAMMAD & RAJAI ABU MONSHAR,00972 2 2220333/2220334/59290850,00972 2 2224851,HEBRON,,m_abumunshar@hotmail.com,,其他,C
MUHAMMAD ATIF AZIZ TRADING (L.L.C.),阿拉伯联合酋长国,五金,ISMAIL XU,00971 4 2268508/2268281/504577148,00971 4 2268509,"DUBAI,(P.O.BOX:14178)",,"memon1@emirates.net.ae,xuhongtu@emirates.net.ae",,亚洲,B
MSK Scandinavia A/S,丹麦,五金,,0045 87 70 09 00,0045 87 700929,"Parallelvej 17, DK 8620, Kjellerup",,,,欧洲,A
MSINDIKA STORE LIMITED,坦桑尼亚,五金,Mr. SHABBIR A. LALJI,00255 22 2180218/2180232/748338327,00255 22 2153123,16/18 SWAHILI/NARUNG'OMBE STREET P.O.BOX 19886 DAR ES SALAAM,,msindika@cats-net.com,,其他,C
MUBARAK CORP.,美国,五金,MOHAMMED ALI,001 703 5368141,001 703 5360899,6318 LEESBURG PIKE FALLS CHURCH,VA. 22044,,,北美洲,S
MSBR ENTERPRISES INC.,美国,五金,,001 4074870866,001 4074870116,"4268 L B MCLEOD ROAD,ORLANDO,FLORIDA 32811,U.S.A.",,scott@whatchagrowin.com,www.whatchagrowin.com,北美洲,S
MPS INTERNATIONAL MARKETING INC.,加拿大,五金,PHILIP LEE,001 604 3036770/888 6678866,001 604 3036790,"UNIT 2 3671 VIKING WAY RICHMOND,B.C.",V6V 2J5,pl@mpsmarketing.com;jh@mpsmarketing.com,WWW.MPS-GROUP.COM,北美洲,S
MSZ INVESTMENT CC,南非,五金,MAHOMED OMAR,0027 31 2672513/824427129,0027 31 2672513,WANDSBECK 3631 DURBAN(P.O.BOX:1372),,mo@iafrica.com,,非洲,C
MSH Dresselhaus Muenchener Schraubenhandel KG,德国,五金,STEIN,0049 8141 95 60,0049 8141 95 6222,"Frauenstrasse 37, DE 82216, Maisach",,info@dresselhaus.de,www.dresselhaus.de,欧洲,S
MSH Dresselhaus - Muenchener Schraubenhandel KG,德国,五金,Dieter Prebeck,0049 9122 9 97 20,0049 9122 997288,"Spitalwaldstrasse 19, DE 91126, Schwabach",,,,欧洲,S
MS SVEJSETEKNIK INC,丹麦,五金,MICHAEL SCHUBELL,0045 70226636/21615400,0045 48268799,HOGEVEJ 15 DK-3400 HILLEROD,,,,欧洲,A
MS PRODUCTS PTE LTD,新加坡,五金,Mr. DOUGLAS GUO,0065 68410308,0065 68410309,"153,KAMPONG AMPAT ROAD,#01-04,JUN JIE INDUSTRIAL BUILDING,368326",,,,亚洲,A
MS INTERNATIONAL GROUP,美国,五金,,001 6106491458,001 6106498121,"2009 HAVERFORD ROAD,ARDMORE,PA 19003,U.S.A.",,zhao_michael@hotmail.com,,北美洲,S
MONROE HARDWARE CO,美国,五金,GARY ADAMS,001 704 289 3121,001 704 289 2838,"101 N. SUTHERLAND AVENUE P.O. BOX 5015 MONROE, NC 28111",,,www.monroehardware.com,北美洲,S
"MPI MARKETING GROUP, LLC.",美国,五金,Gale Marten,001 425 4324400,001 425 4323229/2557810,"24416 S.E. 246th St.,Maple Valley,WA",WA 98038,,,北美洲,S
MPD TRADE,美国,五金,DUARTO,001 4074675493,001 4074384484,"3050 ZAHARIAS DRIVE, U.S.A.",,duartee@bellsouth.net,,北美洲,S
MPA TOOLS,意大利,五金,STEFANO PALLADINI,0039 06 98579090,0039 06 98578200,"VIA DEL TRIDENTE,23, 00048 NETTUNO (ROMA)",,mpatools@caltanet.it/mpatools@tim.it,www.mpatools.it,欧洲,A
MOYEEN CORPORATION,孟加拉国,五金,MOYEEN U. KHAN,00880 31 614675/610079,00880 31 610079/610415,LIBERTY TOWER 2FL 183 JUBILEE ROAD CHITTAGONG PORT CITY,,moyeen@globalctg.net/moyeen@spnetctg.com,,亚洲,C
MOUNT INTERNATIONAL,加拿大,五金,SALMAN BAGAT,001 905 7715202/4168326186,001 905 7715203,"5 QUEENSMILL COURT,RICHMOND HILL ON L4B 1M9 TORONTO",L4B 1M9,mountinternational@hotmail.com,,北美洲,S
MONTACO ENTERPRISES,香港,五金,H. S. HOR,00852 29482523/92237274,00852 29482142,"1408,HO KING COMM,BUILDING,2-19 FA YUEN STREET,MONG KOK",,hshor@mailcity.com,,亚洲,C
Monofix Ltd,英国,五金,,0044 121 359 2117,0044 121 359 2187,"4 Premier Trading Estate, Dartmouth Middleway, GB B7 4AT, Birmingham",,sales@monofix.co.uk,,欧洲,S
MONSOON TECHNOLOGIES,印度,五金,A.F.BANGASH,0091 11 26295787/9891213876,0091 11 26438922,"12/1,NEHRU ENCLAVE EAST I KALKAJI EXTENSION I,NEW DELHI",110019,info@monsoontech.net,WWW.MONSOONTECH.NET,亚洲,C
MONOLIT LTD.,俄罗斯联邦,五金,ALEXANDER GRYAZNOV,007 812 3206763/9380049,007 812 3206764,"22 STARO-PETERGOFSKIY AV.,ST.-PETERSBURG",190020,monolit@monoflex.ru,,其他,C
"MONO INFORMATION & SYSTEMS CO.,LTD",韩国,五金,"KIM, YOUNG-JUNG",0082 (02)749-9145,0082 (02)749-9144,"FL2, SUNGSAN B/D, 74-2, HANKANGRO 2-GA, YONGSAN-GU, SEOUL",140-012,deseo@mnsys.co.kr,,亚洲,A
Monks & Crane Industrial Group Ltd,英国,五金,G. Ancliffe,0044 121 5064000,0044 121 5064100,"Atlantic Way, GB WS10 7W, Wednesbury",,,http://www.monks-crane.com,欧洲,S
Monks & Crane,英国,五金,,0044 29 2043 6400,0044 29 2048 9910,"Seawall Road, Tremorfa, GB CF24 5X, Cardiff",,,,欧洲,S
MORIOKA HARADA YK,日本,五金,"HARADA, SHIMPEI",0081 19 641 3381,0081 19 6413383,"18-17, MITAKE 6-CHOME MORIOKA-SHI, IWATE 0200122",,,,亚洲,S
MOUHIEDDINE ESTABLISHMENT,黎巴嫩,五金,YASSAR MOUHIEDDINE,00961 7 760035/764361,00961 7 760035,NABATIEH SABBAH ST.,,mohyas@cyberia.net.lb,,亚洲,C
"MOTUBE,S.A.",西班牙,五金,TUHAMI KARIM,0034 952 670590,0034 952 670345,"AVDA,DE EUROPA NO.9,52006,MELILLA",,mtb@arrakis.es,,欧洲,A
Motto A/S,丹麦,五金,,0045 46 56 55 33,0045 46 56 50 33,"Teglevej 8, 2640 Hedehusene",,office@motto.dk,http://www.motto.dk,欧洲,A
MOTAWASSET TRADING CO.,叙利亚,五金,TAREQ SABBAGH,00963 11 2323773/2323774/94232374,00963 11 2323788,"DAMASCUS,P.O.BOX:1009",,tareq_sagh@hotmail.com,,亚洲,C
MOTORSPORT949,美国,五金,,001 9098964774,001 9095943735,"20741 E CREST LN #A , U.S.A.",,kevin_vincible@yahoo.com,,北美洲,S
Motorenco BV,荷兰,五金,R. van den Berg,0031 251 226741,0031 251 212101,"Parallelweg 103, NL 1948 NL, Beverwijk",,info@motorenco.nl,www.motorenco.nl,欧洲,A
Motobecane Danmark A/S,丹麦,五金,,0045 65 95 95 00,0045 65 95 95 41,"Svendborgvej 337, DK 5260, Odense S",,,,欧洲,A
MOTHERCARE STOP & PICK LTD.,巴布亚新几内亚,五金,PATTY SHAO,00675 9828849/9829900,00675 9829901,"P.O.BOX 1021,RABAUL ENBP.",,solar@global.net.pg;mothercare83@hotmail.com,,其他,C
Mother of Pearls Sons Trading,美国,五金,,001 818 505 8057,001 818 545 0467,"12328 Ventura Blvd. Studio City, CA 91604 USA",,,WWW.MOTHEROFPEARL.COM,北美洲,S
MOTHER OF PEARL & SONS TRADING PTY LTD,澳大利亚,五金,,0061 2 9332 4455,0061 2 9332 1203,34-36 McLachlan Ave Rushcutters Bay NSW 2011,,mopstrading@bigpond.com,HTTP://WWW.MOPSTRADING.COM,大洋洲,S
MOTEX TRADING,阿拉伯联合酋长国,五金,SHABBIR MAMA,00971 4 2259492/2257025/506509139,00971 4 2257637,"P.O.BOX 4074 DEIRA,DUBAI",,,,亚洲,B
MOTAHAR A.AL-AMOUDI FOR TRADING EST,沙特阿拉伯,五金,MR.MOTAHAR A.AL-AMOUDI,00966 2 6433221,00966 2 6440132,"AL-ASSAD ST.BAB-MAKKAD DISTRICT,JEDDAH (P.O.BOX 24007 JEDDAH)",21446,motahar@dmp.net.sa,,亚洲,B
MOSTAFA COMMERCIAL & INDUSTRIAL,利比亚,五金,,00218 912116524/913200048,00218 21 4803040/3705628,TRIPOLI - JAMAHIRYA (P.O.BOX:4160),,,WWW.LIBYAFORWIRES.COM,其他,C
MOST TRADE LIMITED,香港,五金,DAVID,00852 93598519,00852 23272936,"P.O.BOX 83211 SANPO KONG, KOWLOON",,,,亚洲,C
MOSSALGUE,法国,五金,M LABBE PHILIPPE,0033 1 64050357,0033 1 64052679,"15 RUE DU COQ GAULOIS, 77170, BRIE COMTE ROBERT",,ph.lable@mossalgue.fr,,欧洲,A
MORIMURA KINZOKU KK,日本,五金,MORIMURA YASUAKI,0081 729 62 7321,0081 729 656954,"8-1, SUMIDA 1-CHOME, HIGASHIOSAKA-SHI, OSAKA 5780912",,,WWW.MORISON.CO.JP,亚洲,S
Mortimer Springs Ltd,英国,五金,Mrs Susan M. Coleman,0044 20 8459 1420,0044 20 8451 7614,"Coleman Works, Villiers Road,London,NW2 5PU,Engliand",,info@mortimersprings.com,http://www.mortimersprings.com,欧洲,S
MORSE IND.,美国,五金,KERRY,001 253-852-1184,001 253-520-9942,"25811 74TH AVE S, KENT, WA 98032-6021",,,www.morseindustries.com,北美洲,S
Morse Controls (NZ) Ltd,新西兰,五金,Gary Appleby,0064 9 377 7517,0064 9 377 7516,Gaunt Street Westhaven 1001 Auckland,,,WWW.TELEELN.COM,大洋洲,A
Morris Springs,英国,五金,D. Harris,0044 121 522 4720,0044 121 520 8201,"Unit 1, William Street, GB B70 0BG, West Bromwich",,sales@morrissprings.co.uk,www.morrissprings.co.uk,欧洲,S
MORKEN (M) SDN. BHD.,马来西亚,五金,PETER CHUA CHEE WEE,0060 3 89613333,0060 3 89617060,"NO.11,JALAN TERAS 2,KAWASAN INDUSTRI TERAS,43300 BALAKONG, SELANGOR",,morken@tm.net.my,WWW.MORKEN.COM.MY,亚洲,B
MORIZAWA SHOTEN KK,日本,五金,"MORIZAWA, DAISUKE",0081 794 82 3143,,"140-1, HIGASHIHODA 1-CHOME, BESSHO-CHO MIKI-SHI, HYOGO 6730444",,,,亚洲,S
MORIYASU KK,日本,五金,MORI YASUNOBU,0081 761 21 2233,0081 75 761246024,"89, HIKARI-MACHI, KOMATSU-SHI, ISHIKAWA 9230804",,,,亚洲,S
MORIUCHI SHOKO KK,日本,五金,MORIUCHI YOSHITADA,0081 6 67684581,0081 6 67622168,"14-10, AJIHARA-CHO, TENNOJI-KU OSAKA-SHI, OSAKA 5430023",,,,亚洲,S
MORIUCHI CO LTD,日本,五金,"MORIUCHI, TERUHIKO",0081 729 82 2567,0081 729 84 2067,"8-39, TAKARA-MACHI HIGASHIOSAKA-SHI, OSAKA 5798025",,,,亚洲,S
MORIMATSU KK,日本,五金,MATSUURA OSAMU,0081 52 902 3116,0081 52 9025653,"3, NYORAI-CHO, KITA-KU NAGOYA-SHI, AICHI 4620008",,,,亚洲,S
MORIKYO KK,日本,五金,"MORIMOTO, YUKIO",0081 599 43 0051,,"2009-1, UGATA, AGO-CHO SHIMA-GUN, MIE 5170501",,,,亚洲,S
Morgan Construction,美国,五金,Steve McConnell,001 508-755-6111,001 508-755-6140,"15 Belmont St., Worcester, MA 01605-2665, USA",,,WWW.MORGANCO.COM,北美洲,S
"MONTH PACIFIC GROUP, INC.",美国,五金,NIELS BROWNLOW,001 503 8723519,001 503 2382656,"P.O. BOX 3968,PORTLAND,,OR",OR 97208,,WWW.NORPACSTEEL.COM,北美洲,S
MORII KK,日本,五金,MORII TSUNEO,0081 3 3848 1851,0081 3 38497280,"1-11, AOI 5-CHOME, ADACHI-KU, TOKYO 1210012",,,,亚洲,S
MORIGUCHI KENSHO KK,日本,五金,MORIGUCHI JUNICHI,0081 52 841 8117,0081 52 8435815,"4, ARATA-CHO 5-CHOME, SHOWA-KU NAGOYA-SHI, AICHI 4660844",,,,亚洲,S
Morgenstierne Verktoey AS,挪威,五金,CHRISMORGENSEE,0047 22 49 28 00,0047 22 49 28 12,"Holmenkollveien 125, NO 0712, Oslo",,chris@morgenstierne.no,www.morgenstierne.no,欧洲,A
MORGAN LINGHTING INC,美国,五金,MORGAN HILL,001 415 2799808,001 650 6978382,1830 CASTENADA DR.BURLINGAME.CA 94010,CA 94010,,,北美洲,S
MOORE INDUSTRIAL HARDWARE,美国,五金,JIM VOSS,001 513 874 0700,001 513 870 9771,"77 CIRCLE FREEWAY DR, CINCINNATI, OH 45246",,,www.mooreindhardware.com,北美洲,S
MOOOSA E MADHA & SONS MYANMAR PRIDE INT'L LTD.UNITED INT'L AGENCIES,缅甸,五金,SALEH MOOSA MADHA,0095 1 256678/256679,0095 1 240243,"#07-702,OLYMPIC TOWER,BO AUNG KYAW ST.,KYAUKTADA TSP.,YANGON",,uia@mptmail.net.mm,,其他,C
MOLLER VERBINDUNGSELEMENTE GMBH,德国,五金,DIETMAR KIRCHIR,0049 2104 928211/1703205495,0049 2104 928216,JOH.-FLINTROP-STRABE 68 METTMANN(PO BOX 100623 D-40806 METTMANN),D-40822,info@moeller-gmbh.com,WWW.MOELLER-GMBH.COM,欧洲,S
MOHD.IBN OMAIRA TRAD.EST.,沙特阿拉伯,五金,PERVAIZ AKHTER,00966 1 4386180/51288099,00966 1 4386683,"UNIT 51-SANIAYYA AL MOSSA-ALHAIRE ROAD,P.O.BOX 346735 RIYADH",11381,ibnomaira@hotmail.com,,亚洲,B
Molde Jarnvareforretning A/S,挪威,五金,,0047 71 24 92 00,0047 71 24 92 01,"aaroeseterv. 17, NO 6402, Molde",,post@molde.jarnvare.no,www.molde.jarnvare.no,欧洲,A
Modern Plant Components Ltd,英国,五金,P. Kinkaid,0044 28 9045 3941,0044 28 9045 3748,"30 Ravenhill Road, GB BT6 8EA, Belfast",,,www.modernplant.com,欧洲,S
MOMIN OIL INDUSTRY FZCO,阿拉伯联合酋长国,五金,REHMANULLAH,00971 4 8819717/505523479,00971 4 8819725,"JEBEL ALI FREE ZONE R/A NO.7(P.O.BOX:61292,DUBAI)",,momins@emirates.net.ae,WWW.MOMINGROUP.COM,亚洲,B
"MOMENTO ENTERPRISE, INC.",美国,五金,MICHAEL CHEN,001 5107849628,001 5107849629/408 2628663,"2505 TECHNOLOGY DRIVE,HAYWARD, CA 94545,U.S.A.",,michael.chen@momentoenterprise.com,www.momentoenterprise.com,北美洲,S
MIZUKUUKAN,日本,五金,"KOMATSU, SHUHEI",0081 6 6532 3012,0081 6 6533 2991,"8-1, SHIN-MACHI 3-CHOME NISHI-KU OSAKA-SHI, OSAKA 5500013",,,,亚洲,S
MOHD.ALI ASHOOR TRADING,阿拉伯联合酋长国,五金,MR.MOHAMMED,00971 4 2229686/506510723/505513420,00971 4 2216035,"P.O.BOX:25548,DEIRA,DUBAI",,ceearson@emirates.net.ae,,亚洲,B
MOKKI OY,芬兰,五金,VELI-MATTI HAKONIEMI,00358 6 2233400/2233420,00358 6 2233429,TEOLLISUUSTIE13 60100 SEINAJOKI,,,WWW.MOKKI.FI,欧洲,A
MOHUN'S ALUMINIUM PROFILES,印度,五金,SARVAN AGGARWAL,0091 1662 31627/32742/9812043179,0091,"219,S.C.F.GREEN SQUARE MARKET,HISAR",,mohun@ndb.vsnl.net.in,,亚洲,C
MOHD IBN OMAIRA TRADING EST.,沙特阿拉伯,五金,GHULAM YOUNUS,00966 1 4386180/4961424,00966 1 4386683,"MALAZ KHURAIS ROAD,RIYADH(P.O.BOX 120896)",11689,ibnomaira@hotmail.com,,亚洲,B
MOH'D G.HOURANI TRADING EST.,约旦,五金,,00962 6 5524594,00962 6 5862574,AMMAN,,ferrai@joinnet.com.jo,,亚洲,C
MOHD ALI ASHOUR TRD.,阿拉伯联合酋长国,五金,MR.PARAS SHAH,00971 4 2229686,00971 4 2216035,"P.O.BOX:25548,DUBAI",,ceearson@emirates.net.ae,,亚洲,B
MOHAN INTERNATIONAL,埃塞俄比亚,五金,MAYUR KOTHARI(RAJU),00251 1 504620/510070,00251 1 504366,"P.O.BOX 1873,ADDIS ABABA",,mohan@telecom.net.et,WWW.MOHANINT.COM,其他,C
MODERN SANITARY WARE CO.,阿拉伯联合酋长国,五金,,00971 2 6770536,00971 2 6773074,NAJDA STREET BEHIND SULTAN BAKERY ABU DHABI,,modern5@emirates.net.ae,,亚洲,B
MOHAMMED MANSOOR TRADING CO. (L.L.C.),阿拉伯联合酋长国,五金,MAHOMEDALI MERCHANT,00971 4 2234791/506458113,00971 4 2236964,"P.O. BOX 23310, DUBAI",,mmtdubai@emirates.net.ae,WWW.MMTDUBAI.COM,亚洲,B
MOHAMMED IBRAHIM HAJI TRAD.IMPORT L.L.C.,阿拉伯联合酋长国,五金,MOHAMMED IBRAHIM HAJI,00971 3 7219121/7211586,00971 3 7217165,P.O.BOX:16199-AL AIN-ABU DHABI,,mihgroup@emirates.net.ae,,亚洲,B
MOHAMMAD ALI AHMBD BUILDING MATE.TRDG.(L.L.C.),阿拉伯联合酋长国,五金,MOHAMMAD ALI AHMED ALOBAIDLI,00971 4 2246851/2243630/506314976,00971 4 2243631/2246851,"P.O.BOX 4081,DUBAI",,ahm3@emirates.net.ae,,亚洲,B
MOHAK,印度,五金,GAGAN PURI,0091 11 3213865,0091 11 3214536,"310,OLD LAJPAT RAI MARKET,DELHI",110006,puri_gagan@hotmail.com,,亚洲,C
Moen A/S,挪威,五金,,0047 22 28 30 62,0047 22 29 32 07,"Solveien 134, NO 1169, Oslo",,,,欧洲,A
Moeller Undall AS,挪威,五金,,0047 32 20 23 00,0047 32 89 05 60,"Hamborggata 21, NO 3018, Drammen",,mu.drammen@mu.no,,欧洲,A
MOGI INC,日本,五金,KEIICHI SAITO,0081 6 63991322/3/4,0081 6 63991919,"RM.205 MIKUNI CHUO BLDG.,12-6,5-CHOME, HIGASHI MIKUNI,YODOGAWA-KU,OSAKA,532-0002",,mogiinc@pop17.odn.ne.jp;k-saito@mogi-inc.co.jp,WWW.MOGI-INC.CO.JP,亚洲,S
MOGHUL HOLDINGS,斯里兰卡,五金,M.K.M.RIZWAN,0094 11 2431127/777310731,0094 11 2738094,"287-B,OLD MOOR STREET,COLOMBO-12",,moghul777@sltnet.lk,,亚洲,C
MOGHADDAM TRADING CO.,伊朗,五金,HASSAN BAGHI,0098 21 8284492,0098 21 8284493,"UNIT 2,NO.42 AFTER AZEMAYESH,BRIDGE,JALAL AL-E AHMAD HIGH WAY TEHRAN",,hassan@moghaddamtrading.com,WWW.MOGHADDAMTRADING.COM,亚洲,C
MODERN WEAR LTD.,肯尼亚,五金,MR.VIJAY VEKARIA,00254 2 220646/247986/722723523,00254 2 243767,"P.O.BOX:75222,00200 CITY SQUARE NAIROBI(MOI AVENUE)",,modernwear@gt.co.ke,,非洲,C
"MODAMAX INTERNATIONAL CO.,LTD.",台湾省,五金,Miss. DALIA WU,00886 2 25233687/25233672/25232713,00886 2 25233663,"3F,NO.36 MINCHUAN W.RD.,TAIPEI(P.O.BOX 58153 TAIPEI)",104,mdx@ms9.hinet.net,,亚洲,C
MODERN TECHNIC,印度尼西亚,五金,LAM WA PING,0062 21 6251012/6297874,0062 21 6261413,"PERTOKOAN GLODOK JAYA,LANTAI DASAR BLOK C-12A,JL.HAYAM WURUK,JAKARTA",11180,mdt@cbn.net.id,,亚洲,B
Modern Screws,英国,五金,C. Minchinton,0044 1322 553224,0044 1322 555093,"5 Dartford Road, Baldwyns Park, GB DA5 2BH, Bexley",,modern.screws@cwcom.net,www.modern-screws.co.uk,欧洲,S
MODERN BUILDERS MERCHANT( CO.LTD.),沙特阿拉伯,五金,OSMAN OMER BASAGER,00966 3 8674032/55813789,00966 3 8670790,AL-KHOBAR 31952(P.O.BOX 2628),,mbm03@hotmail.com,WWW.MBMGUIF.COM,亚洲,B
"MOATAZ HELLES CO.,LTD.",乌克兰,五金,MOATAZ TALAL HELLES,00380 677 868623,00380,"P.O.BOX:KHARKOV,SALTAVKA 15-BLOKHERA ST.",,moataz_helles@yahoo.com,WWW.MOATAZ_HELLES.COM,欧洲,C
MM ELECTRONICS,马来西亚,五金,BEN CHAN,0060 6 9555933,0060 6 9555633,"TANJUNG AGAS,MUAR",,,,亚洲,B
MODERN NOOR GEN.TRD.CO.DUBAI,阿拉伯联合酋长国,五金,PARVIZ TAYEBI,00971 4 2267755/503639302,00971 4 2269115,P.O.BOX:40362 DUBAI,,modonoor@emirates.net.ae,WWW.MODERNNOOR.CO.AE,亚洲,B
Modern Machinery Supplies Ltd,英国,五金,,,,"Lissue Ind Est West, Moira Road, GB BT28 2R, Lisburn",,,,欧洲,S
MODERN INTERNATIONAL CORP.,美国,五金,HENRY STERN,001 718 7280909,001 718 2787178,"P.O. BOX 6072,LONG ISLAND CITY,,NY",NY 11106,,WWW.MODERNINTERNATIONAL.COM,北美洲,S
MODERN DECORATION MATERIAL CO,香港,五金,WENG ZHE MIN,00852 23809626/23809215,00852 23978569,"WORKSHOP A2 ON THE 3ND FLOOR OF LUCKY HORSE INDUSTRIAL BUILDING,NO 64 TONG MI ROAD,KOWLOON",,,,亚洲,C
MODERN ALUMINUM CASTING,美国,五金,MICHAEL W ROURKE,001 812-232-0007,001 812-232-0009,"1400 N 1500 14TH ST, TERRE HAUTE, IN 47807",,modalum@modernaluminum.com,www.modernaluminum.com,北美洲,S
MODERN ALUMINIUM COMPANY,巴基斯坦,五金,SHAIKH MANSOOR AHMED,0092 21 2432171/2414024,0092 21 2421293,"1,MANSOOR CHAMBER,KUTCHI GALI NO.3 MARRIOT ROAD,KARACHI",,modco@cyber.net.pk,,亚洲,C
"MODAN KANAMONO CO., LTD.",日本,五金,,0081 98 877 5264,0081 98 877 5272,"#101 4-9-7 GUSUKUMA, URASOE, OKINAWA 901-2133",,,,亚洲,S
MLT Maskin & Laser Teknik AB,瑞典,五金,,0046 31 58 20 70,0046 31 52 54 20,"Exportg 18, 42246 Hisings Backa",,info@mlt.se,http://www.mlt.se,欧洲,A
MKT FASTENING,美国,五金,BERT MAYER,001 501-676-2222,001 501-676-2524,"1 GUNNEBO DR, LONOKE, AR 72086-2914",,,www.mktfastening.com,北美洲,S
MKKI INTERNATIONAL,印度,五金,ROHIT KUMAR,0091 11 27184316,0091 11 27184316,"C-4/29-B,LAWRENCE ROAD DELHI",110035,rohitk@del3.vsnl.net.in,,亚洲,C
MOBLANDINO SAC,秘鲁,五金,LUIS LOPEZ-GUERRA,0051 14 769828,0051 14 769828,"Calle Uno 118 Surquillo,Lima",,moblandino@terra.com.pe,,南美洲,C
MOBILE GLASS CO.,美国,五金,,001 251 4783325,001 251 4791529,"P.O. BOX 16163,MOBILE,AL",AL 36606,,,北美洲,S
Mobil Talurittlaes og Spleiseverksted AS,挪威,五金,,0047 32 83 26 94,0047 32 89 10 33,"Chr. Smiths gate 14, NO 3045, Drammen",,,,欧洲,A
MOBASHEER BUILDING MATERIALS TR.,阿拉伯联合酋长国,五金,ANIS,00971 4 2258281/506594960,00971 4 2258998,"P.O.BOX 32460,DUBAI",,mobasher@emirates.net.ae,,亚洲,B
MLP & BHOYRO LTD,毛里求斯,五金,MR.M.A-BHOYROO,00230 2416930,00230 2404702,76177 ROYAL ROAD,,peuvez@hotmail.com,,其他,C
MLE ENTERPRISE SDN.BHD.,马来西亚,五金,PUAH KIM KOW,0060 4 7712005/194404235,0060 4 7722737/7721737,"44,KOMPLEKS SUKAN,LEBUHRAYA SULTAN ABDUL HALIM,ALOR SETAR,KEDAH DARUL AMAN,WEST",05400,mleenterprise@pd.jaring.my,,亚洲,B
"MK DIAMOND PRODUCTS, INC.",美国,五金,,001 3102572887,001 3102573008,"1315 STORM PARKWAY,TORRANCE, CA,U.S.A.",,scott_delahaut@mkdiamond.com,,北美洲,S
MMTC,印度,五金,MR.HEMANT BIST,0091 11 24362200,0091 11 24364587,"CORE NO.1,SCOPE COMPLEX,LODI ROAD NEW DELHI",110003,,,亚洲,C
MMP - THE MCCORMICK GROUP,美国,五金,Joy McCormick,001 615 8249285,001 615 8245650,"P.O. Box 246,Hendersonville,TN",TN 37077-0246,joy@mccormickgroup.net,,北美洲,S
MMC Metal Singapore Pte Ltd,新加坡,五金,T Kondo,0065 67439370,0065 67491469,"Lion Industrial Building, 10,Arumugam Road #04-00, 409957, Singapore",,,http://www.mms.com.sg,亚洲,A
MIZUTANI SHOJI CO LTD,日本,五金,"MIZUTANI, SHIRO",0081 563 59 8121,0081 563 59 8449,"MINAKA 8-1, HEISAKA-CHO NISHIO-SHI, AICHI 4440305",,,,亚洲,S
MIZUTA SHOTEN KK,日本,五金,MIZUTA YUKI,0081 75 761 1117,,"MAGOBASHICHO 10, KAWABATA-DORI NIJO, SAKYO-KU KYOTO-SHI, KYOTO 6068385",,,,亚洲,S
MJ AMIGA,美国,五金,HO SHIN LEE,001 213-620-8811,001 213-742-0202,"422 WALL ST, LOS ANGELES, CA 90013-1500",,,,北美洲,S
MIZUSAWA KANAMONO KK,日本,五金,MIZUSAWA HIROSHI,0081 157 36 2151,0081 157 36 2156,"3-2, OROSHI-MACHI 2-CHOME, KITAMI-SHI, HOKKAIDO 0900056",,,,亚洲,S
MIZKEN INC.,日本,五金,MASAFUMI MIZUMOTO,0081 6 65346808,0081 6 65346809,"DIA-PALACE HORIEKOEN NO.1005 20-23,1-CHOME,MINAMI-HORIE,NISHI-KU,OSAKA",,mizken@osk2.3web.ne.jp,WWW.MIZKEN.CO.JP,亚洲,S
MIYAJIMA KK,日本,五金,"MIYAJIMA, SHINGO",0081 256 38 2201,0081 256 38 3655,"965, YANAGAWA SHINDEN SANJO-SHI, NIIGATA 9550002",,,,亚洲,S
MIWAKAME KK,日本,五金,"GOTO, KOSUKE",0081 52 482 1471,0081 52 481 9003,"36, HATAE-TORI 9-CHOME NAKAMURA-KU NAGOYA-SHI, AICHI 4530851",,,,亚洲,S
"MIWA LOCK (PHILIPPINES),LTD.",菲律宾,五金,FREDERICK C.TAN,0063 2 2457761/2457770/9172022379,0063 2 2423286,"533 YLANG YLANG STREET,BINONDO,MANILA",1006,philman@i-next.net,,亚洲,B
MIYAWAKI KK,日本,五金,"MIYAWAKI, SHOICHI",0081 744 22 6464,0081 744 230278,"874-1, TOICHI-CHO KASHIHARA-SHI, NARA 6340008",,,,亚洲,S
MIYAWAKI HATSUJI SHOTEN KK,日本,五金,"MIYAWAKI, SHIRO",0081 794 82 1081,0081 794 83 2070,"761, ISHINO, BESSHO-CHO MIKI-SHI, HYOGO 6730452",,,,亚洲,S
MIYAMURA KK,日本,五金,MIYAMURA NOBUO,0081 59 245 1515,0081 59 245 1735,"1019-2, HIGASHICHISATO, KAWAGE-CHO, AGE-GUN, MIE 5100303",,,,亚洲,S
MIYAMAE KANAMONOTEN KK,日本,五金,"MIYAMAE, JINICHIRO",0081 494 22 4718,0081 494 22 3015,"16-8, BAMBA-MACHI CHICHIBU-SHI, SAITAMA 3680041",,,,亚洲,S
MIYAMA SANGYO KK,日本,五金,TAKAHASHI EIZO,0081 48 936 3841,0081 48 936 3828,"4-5, SAKAE-CHO 2-CHOME, SOKA-SHI, SAITAMA 3400011",,,,亚洲,S
MIDWEST DOOR & HARDWARE INC,美国,五金,DICK SELIG,001 402 464 6348,001 402 464 7268,"5001 RUSSELL CIR, LINCOLN, NE 68507",,info@midwestdoor.net,www.midwestdoor.net,北美洲,S
MIWA KOHAN KK,日本,五金,"TAKEDA, KONOSUKE",0081 561 32 2811,,"GONGENYAMA 29-60, FUKUTA, MIYOSHI-CHO NISHIKAMO-GUN, AICHI 4700225",,,,亚洲,S
MITSUI BAU MATERIARU KK,日本,五金,MITSUI YOSHINORI,0081 598 51 3308,0081 598 513307,"3460-125, TAKASU-CHO, MATSUSAKA-SHI, MIE 5150104",,mitsuibau@sage.ocn.ne.jp,,亚洲,S
MIYAGI KOGU KK,日本,五金,MIYAGI SHINICHI,0081 3 3663 0751,0081 3 3663 4666,"5-10, NIHOMBASHI KODEMMA-CHO, CHUO-KU, TOKYO 1030001",,,,亚洲,S
MIYAGAWAKO SEISAKUSHO KK,日本,五金,MIYAGAWA SEIICHI,0081 6 69712931,0081 6 69712487,"10-17, TAMATSU 1-CHOME, HIGASHINARI-KU OSAKA-SHI, OSAKA 5370023",,,,亚洲,S
MIDWEST SALES ASSOCS.,美国,五金,Ronald Coleman,001 513 3246242,001 513 2318368,"1821 Rusticwood,Cincinnati,OH",OH 45255,,,北美洲,S
Midway Tools Ltd,英国,五金,P. Roberts,0044 121 553 3819,0044 121 500 5453,"9A Walsall Street, GB B70 7NX, West Bromwich",,mail@midwaytools.co.uk,http://www.midwaytools.co.uk,欧洲,S
"MIDTOWN INDUSTRIAL SALES,INC.",菲律宾,五金,RICKY ANG,0063 2 3633885/3616671/3616672,0063 2 3659415,NO. 32 M.H. DEL PILAR ST. KALOOKAN CITY,,,,亚洲,B
MITSUWA KOKI KK,日本,五金,"URABE, KEISUKE",0081 948 22 6089,0081 948 241630,"184, HORIIKE, HONAMI-MACHI KAHO-GUN, FUKUOKA 8200070",,mitsuwakoki@ca.wakwak.com,,亚洲,S
MITCHELL ELLIOTT (H.K.) CO.LTD.,香港,五金,SINGO LEUNG,00852 23884145/23884147/91226543,00852 27804716,"RM 1006,NEW TREASURE CENTRE,10 NG FONG ST.,SAN PO KONG,KOWLOON",,mecohkg@cyberec.com,,亚洲,C
MIDLINK OVERSEAS,孟加拉国,五金,MR MOHAMMED ISMAIL JABIULLAH,00880 31 712451/721111/721840,00880 31 710809,"ARAG CHAMBER 3RD FLOOR 68 AGRABAD COMMERCIAL AREA,CHITTAGONG",4100,midlink@spctnet.com,,亚洲,C
Midland Wire & Press Ltd,英国,五金,Mrs J. R. Moore,0044 1527 67850,0044 1527 61984,"Unit 3, Millsborough House, Ipsley Street, GB B98 7AL, Redditch",,presswell@btconnect.com,,欧洲,S
MIDLAND HARDWARE L.L.C.,阿拉伯联合酋长国,五金,MR.OAID JOHAR,00971 6 5421483/506288752,00971 6 5420195,"B.M.W.ROAD.,IND.AREA NO.2,SHARJAH(P.O.BOX:28397)",,amidland@emirates.net.ae,,亚洲,B
MIDFA CORPORATION PTE.LTD.,新加坡,五金,ESHAK,0065 63340657/63340658,0065 63340659,"1 NORTH BRIDGE ROAD,#10-08,HIGH STREET CENTRE",179094,midfa@pacific.net.sg,,亚洲,A
MIDFA CORPORATION PTE. LTD.,新加坡,五金,ESHAK(ALEX),0065 63340657/63340658,0065 63340659,"1 NORTH BRIDGE ROAD. #10-08,HIGH STREET CENTRE",179094,midfa@pacific.net.sg,,亚洲,A
MITSUI SHODOKU KK,日本,五金,"YAMAGUCHI, YUJI",0081 956 38 1611,0081 956 381456,"588-8, SANAE-CHO SASEBO-SHI, NAGASAKI 8593211",,,,亚洲,S
MITSUTOMO MANUFACTURING CO LTD,日本,五金,YASUOKA IWAO,0081 794 84 1630,0081 794 841631,"SHUKUTANIKITA 657-75, KOBAYASHI, BESSHO-CHO, MIKI-SHI, HYOGO 6730434",,mitsutomo@toolnavi.co.jp,,亚洲,S
MITSUNAKA SHOTEN KK,日本,五金,"MITSUNAKA, TAKESHI",0081 594 22 1122,,"16, CHUO-CHO 1-CHOME KUWANA-SHI, MIE 5110068",,,,亚洲,S
MITSUMI KK,日本,五金,"YAMAGUCHI, SEIZO",0081 6 6788 5884,0081 6 67883955,"4-27, NISHIZUTSUMI GAKUEN-CHO 2-CHOME HIGASHIOSAKA-SHI, OSAKA 5770044",,,,亚洲,S
MITSUKAWA SEIKI KK,日本,五金,MITSUKAWA,0081 6 6969 2371,,"7-24, NAGATA 3-CHOME JOTO-KU OSAKA-SHI, OSAKA 5360022",,,,亚洲,S
"MITSUI CO. ITALIA, SpA",意大利,五金,Kuniaki Aida,0039 02 62231,0039 02 76021580,"Piazza del Liberty 2, I 20121, MILANO",,,,欧洲,A
MITSUI AGENCIES,斯里兰卡,五金,A.JEGANATHAN,0094 11 2382340/2382962,0094 11 2424128,"399,2/1,SRI SANGRAJA MAWATHA,COLOMBO-10",,mitsuia@sltnet.lk,,亚洲,C
MITSUBOSHI KK,日本,五金,AKATSUKA KAZUO,0081 256 35 3955,0081 256 35 5601,"2-10, SUGUE-CHO 4-CHOME, SANJO-SHI, NIIGATA 9550832",,,,亚洲,S
MITSUBOSHI CORPORATION,日本,五金,"ITO, SHINICHI",0081 3 5776 6606,,"26EFU ATAGOGURI-NHIRUZUMORITAWA- 5-1, ATAGO 2-CHOME MINATO-KU, TOKYO 1050002",,,,亚洲,S
Mitsubishi International GmbH,德国,五金,HERR KAMEI,0049 211 4 39 70,0049 211 4 39 73 33,"Kennedydamm 19, DE 40476, Duesseldorf",,,WWW.MIG.DE,欧洲,S
MISUGI KK,日本,五金,"SUGIYASU, NOBUTAKA",0081 3 3710 6886,0081 3 3710 6888,"1-55, NAKAMEGURO 1-CHOME MEGURO-KU, TOKYO 1530061",,,,亚洲,S
MITSUBARI KOGU KK,日本,五金,KAWAMATA SADAO,0081 52 331 6321,0081 52 3316478,"7-15, MATSUBARA 3-CHOME, NAKA-KU NAGOYA-SHI, AICHI 4600017",,,,亚洲,S
MITRE 10 AUSTRALIA LTD.,澳大利亚,五金,STEPHEN BROWN,0061 3 97034200,0061 3 97034222,12 DANSU COURT HALLAM VICTORIA 3803 MELBOURNE,,sbrown@mitre10 com.au,,大洋洲,S
MITRE 10 AUSTRALIA LTD,澳大利亚,五金,JAMES ANTHONY EATON (CHAIRMAN),0061 7 3892 0892,0061 7 3848 1440,16 Cambridge St Rocklea QLD 4106,,,HTTP://WWW.MITRE10.COM.AU,大洋洲,S
MITO KOGYO CO LTD,日本,五金,"NARITA, SHIGEYUKI",0081 3 3252 1211,0081 3 5298 6590,"MITO BLDG. 6, KANDAKITANORIMONO-CHO CHIYODA-KU, TOKYO 1010036",,,,亚洲,S
MITHILA FIRM (PVT) LTD.,斯里兰卡,五金,CHAMILA RAJAPAKSE,0094 77 638779/1 624130,0094 11 624129,"654/1,INDUSTRIAL ESTATE,GALLE ROAD,RATMALANA",,chamilar@sltnet.lk,,亚洲,C
MITEK INDUSTRIES SA,法国,五金,M AGOGLIATI JEAN MICHEL,0033 1 43396085,0033 1 43770199,"3 BIS RUE DES ARCHIVES, 94000, CRETEIL",,,WWW.MITEK.FR,欧洲,A
MIRPA FERMUAR SAN.VE TIC.LTD.STI.,土耳其,五金,ANTUAN COLLU,0090 212 5282900/5134289/532 6151404,0090 212 5136248/6618090,MERCAN CADDESI NO.23 MERCAN 34450 ISTANBUL,,acollu@mirpa.com,,亚洲,B
Mitari Hijstechniek BV,荷兰,五金,MR.LHVRISEN,0031 499 338000,0031 499 338001,"De Rijn 9, NL 5684 PJ, Best",,,www.mithri.nl,欧洲,A
MITACAN YAGLAMA TECH SAN. VE TEKS.TIC.A.S.,土耳其,五金,OSKAR MITRANI,0090 212 2837656/2837657/2816867/5326128444,0090 212 2699926,"HUZUR MAH. ABACI YOKUSU CAD. MITACAN HAN NO.49,SEYRANTEPE,ISTANBUL",80660,mitacan@mitacan.com.tr,WWW.MITACAN.COM.TR,亚洲,B
"MIGHTY HANDS,INC.",美国,五金,MARK BRUNSON,001 937 5930669,001 937 5930084,"1703 CO.RD.130 BELLEFONTAINE,OHIO 4",43311,mebrunson@charter.net,WWW.MIGHTYHANDS.COM,北美洲,S
MIDDLE EAST MARKETING ENTERPRISES,阿拉伯联合酋长国,五金,ABDUL RAZAK ABDUL RAHMAN AL-HAJERI,00971 6 5335533,00971 6 5335566,"P.O.BOX 484,SHARJAH",,mehajeri@emirates.net.ae,,亚洲,B
Micro Plastics International Ltd,英国,五金,Barry Jarman,0044 24 7661 4320,0044 24 7661 4381,"Unit 2, Henley Industrial Park, Henley Road, GB CV2 1SR, Coventry",,microplas@aol.com,http://www.microplastics.co.uk,欧洲,S
"MISHKAT UL-ANWAR BLDG.,MAT.TRDG.CO.(L.L.C.)",阿拉伯联合酋长国,五金,Mr. NURUDDIN,00971 4 2268052/2273640/506563752,00971 4 2268051,"P.O.BOX:55680,DEIRA,DUBAI",,mishkat@emirates.net.ae,,亚洲,B
MISAKI (M) SDN.BHD.,马来西亚,五金,Mr. WOON THEAN CHOW,0060 3 60928166,0060 3 60929166,"LOT 22,RAWANG INDUSTRIAL ESTATE,RAWANG,SELANGOR D.E.",48000,wtc_misaki@time.net.my,,亚洲,B
"MIS GROUP, INC.",美国,五金,John Purcell,001 713 6719565,001 713 6719570,"9402 North Loop East,Houston,TX",TX 77029,,WWW.MISGROUPINC.COM,北美洲,S
Mirwin Products Ltd,爱尔兰,五金,Mrs Ursula Irwin,00353 9064 94474,00353 9064 94910,"Deerpark Commercial Ctr, Clonown Rd Athlone",,,www.workshopdirect.ie,欧洲,A
MICHAEL BARNES SYSTEMS,英国,五金,M. BARNES,0044 207 7311243,0044 207 3841329,"222, WANDSWORTH BRIDGE ROAD//GB-FULHAM, LONDON SW6 2UE",,,,欧洲,S
MIROMOKKURU SANGYO KK,日本,五金,NISHIMORI MIKIO,0081 6 63900102,0081 6 63072133,"SHINOSAKA SANARU BLDG. 9-6, NISHINAKAJIMA 5-CHOME, YODOGAWA-KU OSAKA-SHI, OSAKA 5320011",,,,亚洲,S
MIGHTY ADHESIVE SDN.BHD.,马来西亚,五金,JOSEPH LIM,0060 3 61567479/122083690,0060 3 61567516,"AL 49 B,KG.BARU,SG.BULOH,SELANGOR DARUL EHSAN",47000,joseph@mighty.com.my/info@mighty.com.my,WWW.MIGHTY.COM.MY,亚洲,B
MIGHTY ADHESIVE SDN. BHD.,马来西亚,五金,Mr. JOSEPH LIM,0060 3 61567479,0060 3 61567516,"AL 49B,KAMPUNG BARU SG,BULUH,SEC.",47000,info@mighty.com.my,www.mighty.com.my,亚洲,B
MIRICI TRADING COMPANY,印度尼西亚,五金,Mr.JOHAN TAN,0062 21 3862472,0062 21 3844306,"JL.JATI BARU NO.22,JAKARTA PUSAT",,johan@botanagra.com,,亚洲,B
MIRICI TRADING (SINGAPORE) COMPANY,新加坡,五金,TAN SU NING,0065 62926392,0065 62920016,"5001,BEACH ROAD #03-59,GOLDMILIE COMPLEX",0719,dentan@pacific.net.sg,,亚洲,A
MIRI HOUSING DEVELOPMENT GROUP OF COMPANIES,马来西亚,五金,DATO'LAU SIU WAI,0060 85 438866/432831,0060 85 414696,"LOT 810-811,BINTANG JAYA COMMERCIAL CENTRE,98000 MIRI,SARAWAK (P.O.BOX 491,98007 MIRI,SARAWAK)",98000,mirihousing@hotmail.com,,亚洲,B
MIRBAHA TRADING COMPANY,斯里兰卡,五金,RIAZ NAWAZ,0094 11 582922/777302913,0094 11 582922,"110,GALLE ROAD,COLOMBO-06",,riazn@eureka.lk,,亚洲,C
MIRAGE TRADING,南非,五金,I.MALEK,0027 31 2084222,0027 31 2084404,183 SPARKS RD,4053,,,非洲,C
"MIRAE GLOBAL LOGISTICS SYSTEM CO.,LTD.",韩国,五金,GREGORI CHOI,0082 2 31429711,0082 2 31426452,"3F,SUCKWON B/D,292-2 SUNGSAN-DONG,MAPO-GU,SEOUL",121-250,xiaoao@hanmail.net,WWW.GOODSTRADE.CO.KR,亚洲,A
"MIRACLE TRADING,INC.",美国,五金,ADNAN SATTAR,001 407 2260246/3405398,001 407 2260256,"7255 INTERNATIONAL DR,UNIT M ORLANDO,FLORIDA 32819",FL 32819,miracletrade@aol.com,,北美洲,S
MINTEX OVERSEAS,印度,五金,RAMESH GAUR,0091 11 26239922/26239933/98 10224508,0091 11 26483081/26433540,"105,WHITE HOUSE,382,SANT NAGAR,EAST OF KAILASH,NEW DELHI-65",65,ramesh_gaur@hotmail.com,,亚洲,C
"MINT TRADING ADVERTISING CO.,LTD.",越南,五金,BUI QUOC KHANH,0084 4 8352977/913208952,0084 4 7733483,"32,ALLEY 16,HUYNH THUC KHANG STR.,DONG DA DIST.,HANOI",,mint@fpt.vn,,亚洲,B
MINOTS LIGHT INC.,美国,五金,,001 7146150685,001 7143685955,"29 CABAZON, IRVINE, CA 92602",,minotslight@earthlink.net,,北美洲,S
MINMETALS (ARGENTINA) S.A.,阿根廷,五金,LIU WEIDONG,0054 11 43946118/43946028,0054 11 43941021,"BARTOLOME MITRE 797 PISO 12,1036 BUENOS AIRES",1006,liuwd@lycos.com,,南美洲,B
MIGHTY MARKETING CORPORATION (M) SDN BHD.,马来西亚,五金,JOSEPH LIM,0060 3 61574062/16 2226668,0060 3 61567516,"LOT 37090 (AL49B),KG.BARU SG.BULOH.SG.BULOH,SELANGOR",47000,mightylim@hotmail.com,,亚洲,B
MIGANG PLASTICS,韩国,五金,"GOHYUN,KIM",0082 2 26860214/177419730,0082 2 26860264,"544-2,NO ONSA-DONG,KWANGMYUNG-SI,KYUNGKI-DO",,bb1026kk@hotmail.com,WWW.INTERFANCY.COM,亚洲,A
MIEDA KANAMONO CO. LTD.,日本,五金,HIROKI YOSHINO,0081 794 820678,0081 794 822830,63-29 OMURA MIKI-CITY HYOGO-PREF.,,,,亚洲,S
MIDWEST TUBE FABRICATORS INC.,美国,五金,JAMES MC CARTHY,001 586-264-9898,001 586-264-9303,"36845 METRO CT, STERLING HEIGHTS, MI 48312-1013",,,,北美洲,S
MIDDLE EAST ABRASIVE FACTORY,沙特阿拉伯,五金,KHALID GH.AL-QUDSI,00966 1 4477553/2436602/5 5467392,00966 1 4488935,P.O.BOX 40827 RIYADH,11511,khalidalqudsi@hotmail.com,,亚洲,B
Mid America Direct,美国,五金,Michael Yager,001 217 347 5591,001 217 347 2952,"Po Box 1368 Effingham, IL 62401-1368",,,WWW.MADIRECT.COM,北美洲,S
MICROCOMP AUSTRALIA PTY.LTD.,澳大利亚,五金,DANNISE WONG,0061 3 98300337/88035199/408083388,0061 3 98300339,"532 WHITEHORSE ROAD,SURREY HILLS,VIC.,3127",3127,danny@microcomp.com.au,,大洋洲,S
Micro Molds Corp,美国,五金,,001 305 362 5959,001 305 824 1261,"2724 W 79th St Hialeah, FL 33016-2767 USA",,,,北美洲,S
MICKO LIMITED,香港,五金,TSE SUI LAM,00852 27458645/29592931/34340259/90965904/94940259,00852 23109350,"3/F.,HANG FAT INDF.BLDG.,550 CASTLE PEAK RD.,KLN.",,mickohk@netvigator.com,,亚洲,C
MICASA S.A.,智利,五金,ASHOK,0056 57 414106/411585,0056 57 428329/474298,MANZANA 3 GALPON 17 ZONA FRANCA IQUIQUE,,"gsound@entelchile.net,gsound@lancer.cl",WWW.LANCER.COM,南美洲,B
MICRO MATIC USA INC.,美国,五金,PETER MUZZONIGRO,001 818-882-8012,001 818-341-9501,"19791 BAHAMA ST, NORTHRIDGE, CA 91324-3350",,,,北美洲,S
Micon Components Ltd,英国,五金,J. Oldfield,0044 114 273 7404,0044 114 273 9529,"141-143 Carlisle Street, GB S4 7LJ, Sheffield",,sales@miconcomponents.co.uk,http://www.miconcomponents.co.uk,欧洲,S
MICHEL HADDAD EST.,黎巴嫩,五金,RABIH HADDAD,00961 1 490526/3619302,00961 1 485609/4 985777,MKALLES ROUND ABOUT - BEIRUT,,m.had@haddadest.com.lb,WWW.HADDADEST.COM,亚洲,C
MICHAEL MCLOUGHLIN & SONS HARDWARE LTD,爱尔兰,五金,KIERAN MCLOUGHLIN,00353 1 4601333/862487874,00353 1 4601661,"LONG MILE ROAD,DUBLIN 12",,kieran.mcloughlin@mmcloughlin.com,WWW.MMCLOUGHLIN.COM,欧洲,A
MICHAEL DAKOUTROS & CO.,希腊,五金,MICHAEL DAKOUTROS,0030 210 4171135/4171713,0030 210 4007298,KASTOROS & P.BLAHAKOU 5 PIRAEUS,18545,dacutros@compulink.gr,,欧洲,B
MHS CASTER & EQPT. CO.,美国,五金,SAM SMITH,001 816-471-1020,001 816-221-1543,"1710 WASHINGTON ST, KANSAS CITY, MO 64108-1122",,,,北美洲,S
"MHD. AL-AYOUBI TRADING CO.,LTD.",叙利亚,五金,HASSAN AL-AYOUBI,00963 11 2217022/2323123,00963 11 2313893,"P.O.BOX 4651,MANAKHLIEH,1-ST FAISSAL STR.,DAMASCUS",,,,亚洲,C
METAVOGUE (INDIA),印度,五金,RAJEEV CHAWLA,0091 33 2166861/2166862,0091 33 2166863,"75/C.,PARK STREET,ROOM NO.2/1,2ND FLOOR,KOLKATA,WEST BENGAL",700016,kcclzips@cal.vsnl.net.in,WWW.LEATHERHARDWARE.COM,亚洲,C
"METROPOLE METAL CO.,LTD.",香港,五金,LAM TAK SEN,00852 25056666,00852 25056496,"UNIT 3,18/FL.,HONOUR INDUSTRIAL CENTRE,6 SUN YIP STREET,CHAI WAN",,,,亚洲,C
Metaalwaren Vancanneyt NV,比利时,五金,,0032 51 31 13 96,0032 51 31 28 36,"Spoelewielenlaan 8, B 8860, Lendelede",,,,欧洲,A
MEWA HARDWARE,印度,五金,MR.SURESH GARG,0091 11 23954387,0091,"3598/111 1ST FLOOR,GANPAFI MKT CHAWARI BAZAR,DELHI",,,,亚洲,C
"MEW YORK CRAFT & SOUVENIR,INC.",美国,五金,JACY,001 7187079000,001 7187079099,"35-15 37THAVE.LONG ISLAND CITY,NY 11101,U.S.A.",,info@crafts-web.com,,北美洲,S
MEUBLES SOURISSEAU,法国,五金,M LE BIHAN PASCAL,0033 2 40801111,0033 2 40068510,"9 RUE DE BRETAGNE, 44190, BOUSSAY",,,,欧洲,A
MEUBLES MONNIER,法国,五金,M M APRIL,0033 2 43086163,0033 2 43080725,"42 RUE DE BRETAGNE, 53120, GORRON",,meubles-monnier.s.i@wanadoo.fr,,欧洲,A
Mettler Elektrogrosshandels-GmbH,德国,五金,GOTTAARD,0049 681 5 80 30,0049 681 5 80 31 50,"Zinzinger Strasse 15, DE 66117, Saarbruecken",,mettlersbr@t-online.de,www.karl-mettler.de,欧洲,S
"METROTOWN TRADING,INC.",菲律宾,五金,WILMINGTON(FAI)QUE,0063 2 3642862/7326850/9175302412,0063 2 7857443/3631824,"22 STA.ROSA ST.,BO.MANDRESA QUEZON CITY",,metrade@pworld.net.ph,,亚洲,B
METROPOLITAN FURNITURE,美国,五金,ARNOLD ABRAMSON,001 713-692-7400,001 281 618 0793,"7400 NORTH FWY, HOUSTON, TX 77076-1388",,,,北美洲,S
METRO MARKETING CORPORATION,菲律宾,五金,SAMSON TENG,0063 2 2421101/2429240/9175245678,0063 2 2429234,"517-519 QUINTIN PAREDES ST.,MANILA",,metro@i-next.net,,亚洲,B
METRO INDUSTRIAL & ELECTRICAL,科威特,五金,MR.JOHN PAUL,00965 4843856/9083739,00965 4843750,"P.O.BOX 24809,SAFAT",13109,johnferns85@hotmail.com,,亚洲,B
METLAM AUSTRALIA PTY. LTD.,澳大利亚,五金,CHARLES FALZON,0061 3 54284618/400004618,0061 3 54281780,"7 SAUER ROAD,NEW GISBORNE,VICTORIA 3438",VIC 3438,charles@metlam.com.au,WWW.METLAM.COM.AU,大洋洲,S
"METFINDO ENGENEERING Co., LTD.",印度尼西亚,五金,Mr. SALIM,0062 21 5553409,0062 21 5553410,"RAWAH BEBEK NO.1, JAKARTA",,,,亚洲,B
METFAB ENGINEERING SDN BHD,马来西亚,五金,VINCENT W.S.TEH,0060 4 6441102/8182622,0060 4 6443355/86443355,"101-M,LINTANG KAMPUNG JAWA,BAYAN LEPAS,PENANG",11900,metfab@streamyx.com,,亚洲,B
METEX D.O.O.,斯洛文尼亚共和国,五金,NIKO PAUKO,00386 2 3003273,00386 2 3003272,TRZASKA 37A 2000 MARIBOR,,niko.pauko@metex.si,,其他,C
Metall- und Service-Center GmbH,奥地利,五金,Herr Prok. Hans Oberhofer,0043 1 25946360,0043 1 259463639,"Percostrasse 12, A-1220 Wien, Wien, Austria",,office@metall-center.at,WWW.METAL-CENTER.AT,欧洲,A
Metaalwaren Santens NV,比利时,五金,Mrs M.C. Van Herreweghe,0032 9 228 38 33,0032 9 228 26 48,"Gentbruggestraat 175, B 9040, Sint-Amandsberg",,,,欧洲,A
MERT IZOLASYON VE YAPI KIMYASALLARI SAN. TIC. LTD. STI.,土耳其,五金,MR SINAN SEN,0090 212 5194786/5138190,0090 212 5209086/5194786,"PROF.CEMIL BILSEL CAD.NAKKASOGLU IS HANI NO:4/119-120 EMINONU,IST.",34420,mertizole@superonline.com,WWW.MERTIZOLASYON.COM.TR,亚洲,B
METE IC VE DIS TIC.LTD.STI.,土耳其,五金,BEDRI DINSEL,0090 212 6384588/5327720290,0090 212 6384589,ISTOC 12.ADA NO:51 BAGCILAR-ISTANBUL,,bedridinsel@superonline.com,,亚洲,B
METATSU KK,日本,五金,SATO MASAYUKI,0081 567 25 1122,0081 567 24 6368,"90, HIGASHIATAGO-CHO 3-CHOME, TSUSHIMA-SHI, AICHI 4960035",,,,亚洲,S
METARUKIZAI KK,日本,五金,"MIYAMOTO, DAISABURO",0081 72 634 4321,,"AXIS BLDG. 3-8, HASHIRAMOTO SHIN-MACHI TAKATSUKI-SHI, OSAKA 5690846",,,,亚洲,S
Metalpoint Ltd,英国,五金,B. Ramsey,0044 191 455 6086,0044 191 455 2447,"Factory D, Western Approach, GB NE33 5N, South Shields",,sales@arndale.co.uk,http://www.arndale.co.uk,欧洲,S
Metalocast Ltd,爱尔兰,五金,Mr. T Mitchell,00353 61 411600,00353 61 411666,"Dock Road, Limerick",,,,欧洲,A
METALIX CO LTD,日本,五金,"MAMMOTO, KENICHI",0081 47 434 7788,0081 47 434 7785,"2-1, HINODE 1-CHOME FUNABASHI-SHI, CHIBA 2730015",,,,亚洲,S
"METALION IMPORT LTD., PART.",泰国,五金,,0066 2 6124000-7,0066 2 2159031,"50 RAMA 1 ROAD,RONG - MUANG,PATUMNAN BANGKOK 10330",,metalion@loxinfo.co.th,,亚洲,B
METALINDO,印度尼西亚,五金,Mr.SETIAN RUBIANTO,0062 21 6414695/6409277/811853978,0062 21 6409285,"KOMPLEK RUKO MARINA MANGGA DUA BLOK D NO.21,JL.GUNUNG SAHARI RAYA NO.2 JAKARTA UTARA",11440,euro2000@centrin.net.id,,亚洲,B
METALAC A.D.,塞尔维亚和黑山,五金,DRAGAN TOMIC,00381 32 711350/725666,00381 32 710790/725211,"KNEZA ALEKSANDRA 212,32300 GORNJI MILANOVAC",,metalac@metalac.com,WWW.METALAC.COM,其他,C
METAL WORLD CO.,沙特阿拉伯,五金,MOHAMMED A.S. AL-QAHTANI,00966 1 4702891/55780368,00966 1 4706940,AL-TAKHASSUSI ST. P.O.BOX 370431 RIYADH,11322,aliaskar999@hotmail.com,,亚洲,B
METAL TECHNICIANS,印度,五金,MR.MOHIT MAHESHWARI,0091 121 2512620/2532815,0091 121 2660063,"BAGHPAT ROAD,MEERUT U.P.",250002,kr_mohit@rediffmail.com,,亚洲,C
METALFLU S.A. DE C.V.,墨西哥,五金,JORGE MENTIOLA,0052 33 36393917,0052 33 36395858,CALZ. GONZALEZ GALLO NO. 2124 S.R. GUADALAJARA JALISCO,44890,m_ramirez@metalflu.com,WWW.METALFLU.COM,北美洲,B
"Metalfil, S.A.",西班牙,五金,AlainMingam,0034 93 840 92 82,0034 93 840 92 78,"Salvador Llobet, 16, Pol. Indl. El Ramassar, E 08400, Granollers",,metalfil@metalfil.com,WWW.METALFIL.COM,欧洲,A
Metaleuven NV,比利时,五金,Mr. Marius Butaye,0032 16 28 01 11,0032 16 29 66 40,"Aarschotsesteenweg 22, B 3012, Wilsele",,,,欧洲,A
Metalen Rosseel NV,比利时,五金,Johan Rosseel,0032 51 40 00 36,0032 51 42 49 99,"Gruuthusestraat 8, B 8700, Tielt",,info@rosseel-metalen.be,,欧洲,A
METAL SALES CORPORATION,印度,五金,ATUL JAIN,0091 11 3230617/3237597/9810152011,0091 11 3231568,"751-52,KUNDEWALAN STREET,AJMERI GATE,DELHI",110006,stainlessmetal@yahoo.com,,亚洲,C
METAL CRAFTS/COPPER ART,美国,五金,Ahmat Aksoylu,001 703-335-6060,001 703-335-1482,"8012 Centreville Rd., Manassas, VA 20111-2287, USA",,hontrends@yohoo.com;hometre@yahoo.com,,北美洲,S
METAL CO,沙特阿拉伯,五金,MR.MOHAMMED HKABBAEEH,00966 1 2650666,00966 1 2650688,105 RIYADH INDUSTRIAL AREA,11383,mkh@metalco.com,WWW.METALCO.COM,亚洲,B
Metal Ad Agencies Ltd,以色列,五金,Ilan Noded,00972 3 6394952,00972 3 6394953,"38 Yitzhak Sade Street, 67212, Tel Aviv Yafo",,metalad@zahav.net.il,,亚洲,A
METAGALAXY COMPANY,香港,五金,ANGEL CHOI,00852 82077157,00852 31240619,"1/F,1A PRAT AVENUE,TSIMSHATSUI,KOWLOON",,"ringo.ng@metagalaxy.com.hk,angel.choi@metagalaxy.com.hk",,亚洲,C
METAFRANC S.A.,比利时,五金,ERIC HORN,0032 2 2163660,0032 2 2425578,"RUE DES PRES COMMUNS, 111//B-1120 BRUXELLES",,,WWW.METAFRANC.COM,欧洲,A
Metabo Belgium NV,比利时,五金,,0032 2 467 32 10,0032 2 466 75 28,"Hofveld 3-5, B 1702, Groot-Bijgaarden",,general@metabo.be,http://www.metabo.com,欧洲,A
MET TECHNOLOGIES LLC,美国,五金,MR.YANG,001 7736801241,001 7737845619,"SUITE707,5550 NORTH KENMORE AVENUE,CHICAGO,IL 60640,U.S.A.",,jin.yang@mettechs.com,www.mettech.com,北美洲,S
MESSRS.HEERAK BANIJYALOY,孟加拉国,五金,Mr. M. KALAM,00880 31 619045/614327,00880 31 610033/614770,"188/A,JUBILEE ROAD,CHITTAGONG",4000,heerak@bttb.net.bd,,亚洲,C
MESSRS MIDLINK OVERSEAS,孟加拉国,五金,MOHAMMED ISHA RUHULLAH,00880 31 721840,00880 31 721840,"arag chamber, 68 agrabad c/a,chittagong",4100,midlink@spctnet.com,,亚洲,C
MESSEMEN CHERIF ENTREPRISE,法国,五金,Mr. MESSEMEN CHERIF,0033 1 43607399,0033 1 43607399,"2,RUECAPSULERIE NO 276 BAGNOLET",93170,pinobadache@hotmail.com,,欧洲,A
MESKANA INTERNATIONAL LIMITED,尼日利亚,五金,LOUIS NNAEMEKA A,00234 1 4521497,00234 1 4521497,"PLOT 113 LADIPO STREET,PAPA AJAO,MUSHIN,LAGOS",,,,非洲,C
MESAH ENTERPRISE SDN.BHD.,马来西亚,五金,LO CHIEN HUNG,0060 3 33427216/33427266/33427267,0060 3 33427977,"NO.2019 & 2021,OFF JALAN MERU,41050 KLANG,SELANGOR DARUL EHSAN",,,,亚洲,B
MERCURY MINNESOTA,美国,五金,GORDON ADAMEK,001 507-334-5513,001 507-334-0111,"901 HULETT AVE, FARIBAULT, MN 55021-3613",,,,北美洲,S
MERMILLOD PORRET,法国,五金,M CHOIRAL CHRISTIAN,0033 4 50029136,0033 4 50021583,"ZONE ARTISANALE LES VERNAIES, 74230, THONES",,etsmp@aol.com;contact@etsmp.com,,欧洲,A
MERMIER LEMARCHAND,法国,五金,MR LEMARECHAL ANTOINE,0033 2 33622020,0033 2 33661898,"ROUTE DE VIRE,61800,TINCHEBRAY",61800,a.lemarechal@mermier.com,WWW.MERMIER.COM,欧洲,A
Merlin Accessories Ltd,英国,五金,MR.GILBERT,0044 1962 842002,0044 1962 842420,"Unit 20, Winnall Farm Industrial, Estate, Easton Lane, GB SO23 8H, Winchester",,,,欧洲,S
MERIT INDUSTRIES INC,美国,五金,,001 718 9226090,001 718 9226093,"1430 HERKIMER STREET,BROOKLYN,,NY",NY 11233,,WWW.MERITFURNITUREDISTRIBUTOR.COM,北美洲,S
MERCURY CONSULTING LTD.,日本,五金,DAVID URAGAMI,0081 3 35005535/9023202940,0081,"6F,1-4-12 NISHI-SHINBASHI,MINATO-KU,TOKYO",,uragami@price.co.jp,,亚洲,S
MERIDYEN,土耳其,五金,YUSUF ISIK,0090 212 6647304-05/6799247-77/532 5244987,0090 212 6647514,DEMIRCILER SITESI 7.YOL NO.:62 P.K.34780 ZEYTINBURNU/ISTANBUL,,yusufisik@tnn.net,,亚洲,B
MERIDIAN VENTURES,美国,五金,JEAN-PIERRE GILBERTZ,001 858 5870123,001 858 5878778,"10211 PACIFIC MESA BOULEVARD SUITE 404 SAN DIEGO,CALIFORNIA 92121",CA 92121,jpg@merventures.com,,北美洲,S
MERCURY TRADE LINK,印度,五金,BHUPESH JAIN,0091 44 25395601/52181332/9840410868,0091 44 25395602,"NO.16/20,NARAYANA MUDALI STREET, 2ND FLOOR CHANDRAKANTHA COMPLEX, CHENNAI",600079,princejini@satyam.net.in,,亚洲,C
MERCURY FITTINGS CC,南非,五金,ANDREW OSBORNE-YOUNG,0027 21 7155507,0027 21 7155518,"P.O.BOX 319, CONSTANTIA, CAPE TOWN",7848,sales@mercuryfittings.co.za,www.mercuryfittings.co.za,非洲,C
MELCHIONI S.P.A.,意大利,五金,LUIGI VISCONTI,0039 02 5794225/5794327,0039 02 54134061/5794320,"VIA P. COLLETTA,37-20135 MILANO",,l.visconti@melchioni.it,www.melchioni.it,欧洲,A
MERCANTLE ENT.,印度,五金,,0091 22 8306522,0091 22 8211674,"SHOP 8,SHIVKRUPA,OLD NAGARDA S ROAD,MUMBAI",400069,,,亚洲,C
Mercantile Oy Ab,芬兰,五金,Matti Riuttamaki,00358 9 3 45 01,00358 9 34 50 53 68,"Hakkilankaari 2, FI 01380, Vantaa",,info.mercantile@mercantile.fi,http://www.mercantile.fi,欧洲,A
MERCANTILE DISTRIBUTORS,美国,五金,JACKIE MELWANI,001 212 6832572,001 212 6832596,"303 FIFTH AVENUE, SUITE 908, NEW YORK, NY 10016",,mercantile@juno.com,,北美洲,S
MERCADEO DE ARTICULOS DE CONSUMO S.A.,哥斯达黎加,五金,BERNAL JIMENEZ CH.,00506 2505656,00506 2505781,"SAN FRANCISCO DE DOS RIOS,150 MTS SUR Y 50 ESTE DE LA ANTIGUA NUGGET SAN JOSE(P.O.BOX:3098-1000)",,gerencia_mercasa@hotmail.com,,其他,C
MENTOR CONSULTANTS LTD.,爱尔兰,五金,MR.DESMOND NAIK,00353 402 31031,00353 402 31032,"GLENART CASTLE,ARKLOW,10.WICKLOW",,,,欧洲,A
Menningen II GmbH & Co.,德国,五金,Horst Hansmann,0049 2623 8 10,0049 2623 81142,"Industriegebiet Rohr, DE 56235, Ransbach-Baumbach",,,,欧洲,S
MENG SOON HUAT SDN.BHD.,马来西亚,五金,WILLIAM THEN,0060 3 5723430/5723431,0060 3 5723425,"NO.1,JALAN TPP 5/15,TAMAN PERINDUSTRIAN PUCHONG,SECTION 5,PUCHONG,SELANGOR",47100,,,亚洲,B
MENG POH HENG HARDWARE PTE.LTD.,新加坡,五金,MICHAEL ONG,0065 67535595/90691478,0065 65632172/67580911,"BLK.8 TOH GUAN ROAD EAST,#01-04 JURONG EAST WAREHOUSE COMPLEX",608827,mphhpl@singnet.com.sg,,亚洲,A
MENARA WIJAYA UTAMA,印度尼西亚,五金,AHAN,0062 778 461591,0062 778 421164,"KARA INDUSTRIAL PARK,BLOK A NO.63-64 BATAM",,,,亚洲,B
MENAINA TRADING,阿拉伯联合酋长国,五金,M.AKBAR,00971 4 2274155/507657761,00971 4 2276955,P.O.BOX:85586 DUBAI,,malagima@hotmail.com,,亚洲,B
MEMO (MEMO) IMPORT CORP.,美国,五金,WILLIAM LIU,001 323 2778828,001 323 5886999,"3259E,46TH STREET VERNON CA 90058",CA 90058,memousa@worldnet.att.net,,北美洲,S
Memco Inc.,美国,五金,John Clark,001 404 2662303,001 404 8149492,"1248 West Paces Ferry Rd NW,Atlanta,GA",GA 30327,,WWW.ACEHARDWARE.COM,北美洲,S
Mellander Consulting Trading AB,瑞典,五金,Ms Maria Mellander,0046 31 158590,0046 31 152215,"Stora Nygatan 13, S-411 08 Goeteborg",,maria@vixiv-sweden.com,,欧洲,A
MEL GREGORY C/O ACE HARDWARE CORPORATION,美国,五金,GREGORY,001 6309902839,001 6309909178/6309289157,"2200 KENSINGTON COURT,OAK BROOK, IL 60523,U.S.A.",,mgreg@acehardware.com,,北美洲,S
MEL ENTERPRISES,香港,五金,DOROTHY LO/GOPE B.MELWANI,00852 25252056/25252058,00852 28106088,"SANTEK BUILDING,4TH FLOOR,78 QUEEN'S ROAD CENTRAL(G.P.O.BOX 4698)",,,,亚洲,C
MELORM INTERNATIONAL LTD.,台湾省,五金,SELINA CHUNG,00886 2 27585558/23457890/932156646,00886 2 27585559/27295693,"12TH FL.,429 KUANG FU S. RD.,TAIPEI",,paul@melorm.com.tw,,亚洲,C
MELODY QUEEN TRADING CO.(FZE),阿拉伯联合酋长国,五金,HAKIM ALI,00971 6 5572042/5430373/507354694,00971 6 5572043/5430128,C3-15 P.O.BOX:8198 SHARJAH,,melodyqj@emirates.net.ae,,亚洲,B
"MELO Y CIA.,S.A.",巴拿马,五金,YOEL J.MARTIN C.,00507 2210033,00507 2248972,"P.O. BOX 333 PANAMA 1,PANAMA",,ymartin@grupomelo.com,WWW.COMASA.COM.PA,其他,C
MELNOR INC.,美国,五金,BOYLE,001 6144160477,001 6144160484,"630 MORRISON ROAD #110COLUMBUS, OHIO 43219,U.S.A.",,rboyle@melnor.com,www.melnor.com,北美洲,S
Mellbye AS,挪威,五金,,0047 72 88 62 11,0047 72 88 86 24,"Industriveien 3, Heimdal, NO 7471, Trondheim",,mellbye@mellbye.no,www.mellbye.no,欧洲,A
MELILLA DROGUERIEFONT S.L.,西班牙,五金,MOHAMED LEMKADEM,0034 95 2679535/690606138,0034 95 2679535,GENERAL ASTILLEROS N 112 LOCAL 5 - 52006 - MELILLA,,"drogueriefont@yahoo.es,lemkadem113@yahoo.es",,欧洲,A
MEI INDUSTRIAL CORPORATION,印度,五金,SACHIN SHAH,0091 22 3446923 / 3401583,0091 22 3427349,"49, STEEL YARD HOUSE, 5TH FLOOR, SANT TUKARAM RD, (LOKHAND BAZAR) MUMBAI",400009,mei@vsnl.com,,亚洲,C
"MEI GUO ENTERPRISE CO.,LTD.",台湾省,五金,CHEN PAO-YUAN,00886 4 7358296/7358297/935671257,00886 4 7358298,269.CHANGHSIN ROAD SEC.2 LI.SHUNG.LI.HOMEI.CHANGHUA,,mei.guo@msa.hinet.net,,亚洲,C
MELCHERS,台湾省,五金,JAMES S.B.QUEK,00886 2 25513264 EXT.601/932194438,00886 2 25513260,"104,9FL.,LIN SHEN NORTH ROAD,TAIPEI",380,keyaccount@melchers.com.tw,,亚洲,C
MELASS,叙利亚,五金,MALAZ MELASS,00963 31 239000/420778,00963 31 470677,HOMS,,mailas@mail.sy,,亚洲,C
Mekanex Oy Ab,芬兰,五金,NYGORD,00358 19 3 28 31,00358 19 38 38 03,"Sorronrinne 12 Muijalan teoll, alue, FI 08500, Lohja as",,info@mekanex.fi,www.mekanex.fi,欧洲,A
MEKANEX Maskin AB,瑞典,五金,,0046 8 705 96 60,0046 8 27 06 87,Box 2208 S-169 02 Solna,,info@mekanex.se,http://www.mekanex.se,欧洲,A
MEISEIKEMPAN KK,日本,五金,OMI YOSHIAKI,0081 175 22 2001,0081 175 229164,"1-12, WAKAMATSU-CHO, MUTSU-SHI, AOMORI 0350063",,,,亚洲,S
MEHTA MANUFACTURERS,印度,五金,SHASHI MEHTA,0091 22 3410880/3441824,0091 22 3436945,"25-A SARANG STREET,MUMBAI",400003,mehtamfg@bom5.vsnl.net.in,,亚洲,C
MEHTA INTERNATIONAL,印度,五金,RAKESH MEHTA,0091 11 23262237/9811089887/9811032791,0091 11 23235252,"442,GALI SHEESH MAHAL,BAZAR SITA RAM.DELHI",110006,mec@mantraonline.com,,亚洲,C
MEHTA HARDWARES,印度,五金,VIJAY MEHTA,0091 11 23232752/25266335/9810120636,0091,"402/1,ST.RAMJAS SCHOOL NO.6,HAUZ QAZI,DELHI",110006,,,亚洲,C
MEHTA ENTERPRISES MODEL TOWN DELHI,印度,五金,SACHIN KUMAR,0091 11 27343947,0091,"MODEL TOWN-II,DELHI-9",110009,,,亚洲,C
MEGURO KANAMONO KK,日本,五金,"MEGURO, YOSHIO",0081 256 33 1211,,"17-33, ONOHATA SANJO-SHI, NIIGATA 9550833",,,,亚洲,S
Meir Romi Supply & Marketing Ltd,以色列,五金,Meir Romi,00972 3 5503606,00972 3 5590371,"5 Hazorea Street, 58853, Holon",,,,亚洲,A
MEIKYO KK,日本,五金,"IIDA, FUKUYA",0081 3 3864 1081,0081 3 3864 1084,"7-11, IWAMOTO-CHO 2-CHOME CHIYODA-KU, TOKYO 1010032",,,,亚洲,S
MEIKU MANUFACTURING CO LTD,日本,五金,"KATO, MASARU",0081 52 622 7181,0081 52 622 7180,"30, MISHINDEN, ODAKA-CHO MIDORI-KU NAGOYA-SHI, AICHI 4598001",,meiku@alto.ocn.ne.jp,,亚洲,S
MEIJER,美国,五金,GRUEN,001 6167913469,001 616 7915350,"2929 WALKER AVE NW,GRAND RAPIDS,MI 49544U.S.A.",,mantheid@meijer.com,www.meijer.com,北美洲,S
MEIHO KK,日本,五金,XIDAXIDAWA,0081 19 637 8131,0081 19 637 7947,"60-1, HIGASHI MIRUMAE 6-CHIWARI, MORIOKA-SHI, IWATE 0200832",,,,亚洲,S
MEIHO INC,日本,五金,"MURAI, KEIZO",0081 42 572 8911,0081 42 573 7025,"3-11, HIGASHI 4-CHOME KUNITACHI-SHI, TOKYO 1860002",,,,亚洲,S
MEHTA BROTHERS & COMPANY,印度,五金,AMISH MEHTA,0091 22 3421661/3445994,0091 22 3449462,"54,NAGDEVI CROSS LANE,MUMBAI",400003,mehtabro@vsnl.com,WWW.MEHTAVALVES.COM,亚洲,C
MEHR IM GARTEN - CHRISTA ALTEMEYER,德国,五金,MR.ALTEMEYER,0049 294 2988980,0049 294 2988981,"FRANZ-KLEINE-STR. 28,33154 SALZKOTTEN,GERMANY",,novasolar@t-online.de,WWW.WETTERFAHNEN-ALTEMEYER.DE,欧洲,S
MEI FENG INTERNATIONAL PTY LTD.,澳大利亚,五金,BOB SIH,0061 2 98885770,0061 2 98887760,P.O.BOX 1834 MACQUARIE CENTRE N.S.W.,2113,meifeng@telpacific.com.au,,大洋洲,S
MEHTA SALES CORPORATION,印度,五金,UMESH MEHTA,0091 11 3262237/9811032791,0091,"3569/3,STREET THAN SINGH,BAZAR SITA RAM,DELHI-110006",,mec@mantraonline.com,,亚洲,C
MEHFOOZ INTERNATIONAL,印度,五金,MURTAZA FIROZ,0091 22 3434853/3736941/9820030429,0091 22 3434853,"193,NAGDEVI STREET,1ST FLOOR,MUMBAI",400003,mehfoozint@yahoo.com,,亚洲,C
"MARTEN-DOCKEN, INC.",美国,五金,Jim Marten,001 612 3390232,001 612 3396169,"924 N. 5th St.,Minneapolis,MN",MN 55401,,,北美洲,S
MARTELL BUSINESS INVESTORS LTD.,尼日利亚,五金,MATTHEW IGWE,00234 1 8903639/2640936/80 23213581,00234 1 2640936,"12,IDOLUWO STREET,IDUMOTA,LAGOS",,ifymath1@yahoo.com,,非洲,C
Martela A/S,丹麦,五金,,0045 33 3826 4800,0045 33 3860 4827,Frederikssundsvej 272 DK-2700 BronshOj,,info@martela.dk,http://www.martela.dk,欧洲,A
"MAXIM SUPPLY CO., LTD.",台湾省,五金,B.WANG,00886 2 27152803/27153862,00886 2 27131698/27130862,"220,TUN HWA NORTH ROAD,7/F,TAIPEI",,,,亚洲,C
MAX CARL GMBH & CO.KG,德国,五金,HERR CLEMENS,0049 9561 81 50,0049 9561 81 51 00,"Wassergasse 32, DE 96450, Coburg",,info@max-carl.de,http://www.max-carl.de,欧洲,S
MAX BAHR HOLZHANDLUNG GMBH & CO. KG,德国,五金,THORSTEN JANNECK,0049 40 65666767/15114705089,0049 40 65666205,WANDSBEKER ZOLLSTRASSE 91 22041 HAMBURG,,janneck@bahr.de,WWW.BAHR.DE,欧洲,S
MARUSHIN&CO LTD,日本,五金,"MORIYA, YOICHI",0081 3 3772 5489,0081 3 3772 1638,"10-1, MINAMIMAGOME 1-CHOME OTA-KU, TOKYO 1430025",,,,亚洲,S
MARTHA STEWART EVERYDAY,美国,五金,,001 2038407080,001 2038407018,"NEW YORK, U.S.A.",,klewis@marthastewart.com,www.marthastewart.com,北美洲,S
Martec International,美国,五金,Juergen Gerlach,001 908 756 6222,001 908 756 2575,"910 Oak Tree Rd South Plainfield, NJ 07080-5135",,,WWW.MARTECINTL.COM,北美洲,S
MEGATRONIX,美国,五金,,001 8187858000,001 8187868700,"7449 WOODLEY AVE,VAN NUYS, CA 91406,U.S.A.",,megatronix@aol.com,www.megatronix.com,北美洲,S
MEGA TEC CONSOLIDATION SDN BHD,马来西亚,五金,JASON CHIN,0060 88 210140/236198/198504879,0060 88 235085,"1ST FLOOR,LOT 34,BLOCK A,KARAMUNSING WAREHOUSE KOTA KINABALU,SABAH",88100,megatec@tm.net.my,,亚洲,B
MEGAMARGE INTERNATIONAL CORP.,菲律宾,五金,MRS.JANINE BAUTISTA,0063 2 7365640,0063,"MORAYTA QUIAPO,MANILA",,renfred@edsamail.com.ph,,亚洲,B
MEGADAWN HOLDINGS SDN.BHD.,马来西亚,五金,KANG BAO LIN,0060 3 7384480/7384431/123951149,0060 3 7384478,"22B,2ND FLOOR,JALAN SS 15/4D,SUBANG JAYA,47500 PETALING JAYA SELANGOR",,megadawn@hotmail.com,,亚洲,B
MEGA-BOND (S) PTE LTD,新加坡,五金,PATRICK TAN,0065 67451433/97500096,0065 68938631,8 KAKI BUKIT ROAD 2 #03-27 RUBY WAREHOUSE COMPLEX,417841,patchenlh@yahoo.com,,亚洲,A
MEGA Malereinkaufsgenossenschaft eG,德国,五金,ECKHOSS,0049 40 54 00 40,0049 40 54 00 49,"Fangdieckstrasse 45, DE 22547, Hamburg",,info@megamaler.de,http://www.megamaler.de,欧洲,S
"MEGA INT''''L SPECIALTIES, INC.",美国,五金,,001 8188796008,001 8188796010,"5312 DERRY AVENUE, STE. C,AGOURA HILLS,CALIFORNIA,U.S.A.",,megaintl@aol.com,,北美洲,S
MEGA INTERNATIONALE INC.,韩国,五金,"KIM, CHANG-GI",0082 (02)992-0440,0082 (02)992-0442,"81-119, SSANGMUN-DONG, TOBONG-KU,SEOUL",132-030,mega@kgnet.co.kr,,亚洲,A
MEGA GOOD ENTERPRISES LIMITED,香港,五金,ANSON,00852 27701001/27824193,00852 23325314,"2/F REAR,NATHAN BLDG.,512 NATHAN ROAD KOWLOON",,"megagood@sina.com,megagood@biznetvigator.com",,亚洲,C
MEGA FRESH INTERNATIONAL,菲律宾,五金,GEORGE YEH,0063 2 6320607,0063 2 6320607,"UNIT 1811,18TH FL. JOLIBRE PLAZA COND. EMERALD AVE. PASIG M.M.",,johnnytan@pacific.net.ph,,亚洲,B
MEGA CENTER FERRETERIA,巴拿马,五金,MIGUEL RODRIGUEZ,00507 2699318/2153174/6732016,00507 2152311,APARTADO 55-0534 PAITILLA PANAMA,,miguelr@sinfo.net,,其他,C
MEEM HOME BASE LTD.,毛里求斯,五金,S.RAHEMTOOLA,00230 2164817,00230 2081710,"9,LOUIS PASTEUR ST.,PORT LOUIS",,shakil.meem@intnet.mu,,其他,C
MEE WAH FURNITURE,马来西亚,五金,MOK SHE WAH,0060 3 89487493/123322893,0060 3 89489928,"3334-3335,JALAN 18/32,TAMAN SRI SERDANG,43300 SERI KEMBANGAN,SELANGOR",43300,meewah@portland.net.my,,亚洲,B
MEE DA TRADING CO,新加坡,五金,YAP YUH KENG(AH YAP),0065 67469813/67469878/97481573,0065 67469878,BLK 3027 UBI RD 1 #03-140,408720,,,亚洲,A
MEDIA SOLUTION SERVICES,美国,五金,JEFF,001 2126838533,001 2126846598,"440 PARK AVE SOUTH 6TH FLOORNEW YORK, NY 10016,U.S.A.",,greatbuyusa@mediasynd.com,,北美洲,S
"MC HOME BUILDERS' DEPOT,INC.",菲律宾,五金,MONIQUE CHUNG,0063 2 8933070,0063 2 8129426,"EDSA CORNER PASONG TAMO MAKATI CITY,METRO MANILA",,mc_monique@pacific.net.ph,,亚洲,B
MC GEE COMPANY,美国,五金,Mr. CHUCK MC GEE,001 303 7772615,001 303 7777140,"1140 SO JUSON ST. DENVER,COLORADO",80223,chuck@mcgeecompany.com,,北美洲,S
MAYA PLASTIC SDN.BHD.,马来西亚,五金,,0060 7 2363808,0060 7 2367636,"7,JALAN KILANG,DATO ONN INDUSTRIAL ESTATE,80350 JOHOR BAHRU,JOHOR",80350,kwangng@pc.jaring.my,,亚洲,B
MAY TEX INTERNATIONAL,巴基斯坦,五金,M.HAROON,0092 42 5762993,0092,33.L.G.HAFEER CENTRE MIAN GMCBEG LAHORE,,,,亚洲,C
MC CARTHY INC,美国,五金,CODY MC CARTHY,001 912 236 4461,001 912 236 8675,"79 ROSS ROAD, SAVANNAH, GA 31403",,cody@mccarthyinc.com,www.mccarthyinc.com,北美洲,S
MBR INDUSTRIES INC.,美国,五金,SIMON QIN,001 305 7691000,001 305 7692991,"3201 N.W. 116th St.,MIAMI FLORIDA 33167",FL 33167,simonqin@mbrindustries.com.cn,http://www.fareasttrader.com,北美洲,S
"MBI TRADING,INC.",美国,五金,PAUL Y.XU,001 626 3050689,001 626 3050690,"137W.POMONA AVE.,UNIT A MONROVIA,CA 91016-4555",CA 91016-4555,mbitrade@aol.com,,北美洲,S
MBC TRADING CO.LTD,加纳,五金,Mr Nabil Bou Chedid,00233 21 662706/662838,00233 21 671049,"Kojo Thompson Road, Tudu Junction,Accra",,,,非洲,C
"MAZROC CO.,LTD",日本,五金,T.HASHIMOTO,0081 6 67742311,0081 6 67742340,"5-47,SHITENNOJI 1-CHOME,TENNOJI-KU,OSAKA,P.O.BOX TENNOJI 100",,kaigai@mazroc.co.jp,WWW.MAZROC.CO.JP,亚洲,S
MAZHAR GHULAMALI LOTIA & CO.,巴基斯坦,五金,MR.Aamir Lotia,0092 21 2415648/2427213,0092 21 2410925,"OPP:SIND MADRESSA,SERAI ROAD,KARACHI-2",,mgl@lotia.com,WWW.LOTIA.COM,亚洲,C
MAZAND ABZAR IMPORT & EXPORT CO.,伊朗,五金,A. SEDIGHI,0098 21 8822885,0098 21 8305995,"NO.425, 7TH FLOOR, TALEQANI AVE., TEHRAN15717",15717,,,亚洲,C
MAYVIC VITORIA P/L,澳大利亚,五金,BENNY PORAT,0061 3 95703288/417899979,0061 3 95703866,"2-4 ESKAY ROAD OAKLEIGH SOUTH,VIC.",3167,benny@mayvic.com.au,WWW.MAYVIC.COM.AU,大洋洲,S
May Elektro-Bauelemente,德国,五金,MR.SCHINK,0049 30 8 92 50 02,0049 30 8 91 99 02,"Trabener Strasse 65, DE 14193, Berlin",,info@may-kg.com,http://www.may-kg.com,欧洲,S
MAYO SEED CO.,美国,五金,CLAXTON MAYO,001 865 577 7568,001 865 577 8063,"P.O. BOX 10247, KNOXVILLE, TN 37919",,,,北美洲,S
"Maymol, S.A.",西班牙,五金,Mr. Cesario Perez Perez,0034 91 642 18 52,0034 91 642 09 38,"Pol. Indl. Cabo Calleja -, Ponferrada, 12, E 28947, Fuenlabrada",,info@maymol.com,www.maymol.com,欧洲,A
Mayer GmbH,德国,五金,Gerhard Prollius,,,"Burgbernheimer Strasse 18-20, DE 91613, Marktbergel",,,,欧洲,S
MAYANA ENTERPRISES,印度,五金,DARSHAN SHAH,0091 22 56310249/26206655/9820282795,0091 22 23753330,"SHARDA CHAMBER NO.1,31,KESHAVJI NAIK ROAD,GROUND FLOOR,SHOP NO.G-5(6),BHAT BAZAR MUMBAI-400009",400009,,,亚洲,C
MAXWELL NAIL FACTORY,菲律宾,五金,MANUEL G.AHYONG JR.,0063 32 3468761/4247158,0063 32 3442600,"PITOGO,CONSOLACION,CEBU",,viv_ahyong@attglobal.net,,亚洲,B
Maxwell Engineering Co. Ltd,英国,五金,Roy Palmer,0044 1597 822414,0044 1597 823067,"Waterloo Road, GB LD1 6BH, Llandrindod Wells",,sales@maxwell-engineering.co.uk,http://www.maxwell-engineering.co.uk,欧洲,S
MAXTECH CO.LTD,希腊,五金,,0030 2610 311907,0030 2610 362252,IONIAS 76 PATRA,262 24,tasos@maxtech.gr,WWW.MAXTECH.GR,欧洲,B
MAX'S HARDWARE,美国,五金,DAN NIJJAR,001 626 4436178/5107142422,001 510 6231964,"3508 SANTA ANITA AVENUE EL MONTE,CA 91731",CA 91731,,,北美洲,S
MARUMATSU KOGU KK,日本,五金,SATO KOICHI,0081 258 36 5678,,"2222-7, KAWASAKI-MACHI, NAGAOKA-SHI, NIIGATA 9400861",,,,亚洲,S
"MAXMART, INC.",美国,五金,TOM,001 8473500335,001 8473500336,"2429 DEVON AVE., U.S.A.",,sales@maxmartusa.com,www.maxmartusa.com,北美洲,S
MAXLIFE INT'L LTD.,香港,五金,Miss. ESTHER YAM,00852 23319051,00852 23319050,"RM.1012 METRO CENTRE II,21 LAM HING ST. KLN BAY",,maxlife@netvigator.com,,亚洲,C
MAX'EL IMPORT LTD.,美国,五金,PAYAM AMIN,001 310 9891822,001 310 5431079,"3405 TORRANCE BLVD,TORRANCE,CA90503",CA90503,a-payam@hotmail.com,,北美洲,S
"MAX COMMON, S.A.",西班牙,五金,ROTA,0034 93 852 90 44,0034 93 852 91 69,CTRA. RIBAS s/n 08585 MONTESQUIU,,info@stilmax.com,http://www.stilmax.com,欧洲,A
MAWE ENTERPRISES TAN SHEETS LTD.,坦桑尼亚,五金,Mr. ASHER,00255 27 2642407/2647192/741351361,00255 27 2642366,P.O.BOX:2653/2043 TANGA,2653,mawe@tanga.net,,其他,C
MAWE ENTERPRISES,坦桑尼亚,五金,MR.AMIT ASHER,00255 27 2642407/2647192/741351361/744351361,00255 27 2642366,"P.O.BOX 2653,TANGA",,mawe007@hotmail.com;mawe@tanga.net,,其他,C
MAURICIO NEIRA,美国,五金,,001 4435625757,001 4108235223/301 3508319,"1007 BREEZEWICK RD. TOWSON MD., U.S.A.",,chamburoloja@yahoo.com,,北美洲,S
MARUTOYO KOZAITEN YK,日本,五金,"YOSHIMORI, YUTAKA",0081 765 24 1477,0081 765 24 9875,"1991-1, DAIKOJI UOZU-SHI, TOYAMA 9370807",,,,亚洲,S
MARUTOH HARDWARE CO LTD,日本,五金,HIGASHINAKA YOSHIAKI,0081 794 82 0697,0081 794 828509,"2-55, OTSUKA 1-CHOME, MIKI-SHI, HYOGO 6730413",,,,亚洲,S
MARUSANTEKUNOSU KK,日本,五金,"MATSUOKA, KUNIHIKO",0081 3 3843 7751,0081 3 3843 7756,"3-2, MOTOASAKUSA 1-CHOME TAITO-KU, TOKYO 1110041",,,,亚洲,S
MARUSAN SHOTEN KK,日本,五金,"KATO, ISAMU",0081 197 66 5501,0081 197 66 5531,"505-1, MURASAKINO 15-CHIWARI KITAKAMI-SHI, IWATE 0240004",,,,亚洲,S
MARUMIZU MIZUSAWAKANAMONOTEN KK,日本,五金,MIZUSAWA TADASHI,0081 154 36 1231,0081 154 36 0831,"9-2, KATSURA 4-CHOME, KUSHIRO-CHO, KUSHIRO-GUN, HOKKAIDO 0880626",,,,亚洲,S
MARUTI LUMINARY,印度,五金,VINOD GAJJAR,0091 261 3472750/3460140,0091 261 3472899,"9.GREEN HOUSE,NEAR KAILASHNAGAR,SURAT (GUJRAT)",395002,marutiluminary@yahoo.com,,亚洲,C
MARUSHO NEJI KK,日本,五金,SHIMOMURA HIDEKI,0081 6 65831682,0081 6 65843399,"27-2, KUJOMINAMI 2-CHOME, NISHI-KU OSAKA-SHI, OSAKA 5500025",,,,亚洲,S
MARUSHIN MEIJIYA KK,日本,五金,"TSUTSUNUKI, EIICHI",0081 29 243 4666,,"600-21, KASAHARA-CHO MITO-SHI, IBARAKI 3100852",,,,亚洲,S
MARUSHIME KK,日本,五金,"WATANABE, TOSHIMITSU",0081 3 3559 3811,0081 3 3559 3151,"MARUSHIME BLDG. 17-17, SHIMURA 3-CHOME ITABASHI-KU, TOKYO 1740056",,,WWW.MARUSHIME.CO.JP,亚洲,S
MARUSHICHI METAL INDUSTRIES LTD.,日本,五金,NOBUO TAMAZAWA,0081 6 64431181,0081 6 64431186/64438160,"2-6-5 UTSUBO-HOMMACHI NISHIKU OSAKA(P.O.BOX NISHI 105,OSAKA)",550,marusc07@mbox.inet-osaka.or.jp,,亚洲,S
MARUSHICHI KK,日本,五金,FUKAUMI KAZUO,0081 256 63 9771,0081 256 64 2086,"3550-1, TSUBAME, TSUBAME-SHI, NIIGATA 9591254",,,,亚洲,S
MARUSEI COMPANY LTD.,日本,五金,MASAMICHI KATOH,0081 3 32555551,0081 3 32555556,"KYODO BLD.NO.17-2,2-CHOME,SOTOKANDA,CHIYODA-KU,TOKYO",,,,亚洲,S
MARUSADA SHOJI KK,日本,五金,"YANO, TATSUYA",0081 463 23 6300,0081 46 323 6304,"26-5, SAIWAI-CHO HIRATSUKA-SHI, KANAGAWA 2540804",,,,亚洲,S
MARUOKA SANSHO KK,日本,五金,"MARUOKA, YUSUKE",0081 82 810 4000,0081 82 8380500,"1450, USHIROYAMA, ASA-CHO ASAKITA-KU HIROSHIMA-SHI, HIROSHIMA 7313352",,,,亚洲,S
MARUNA CORPORATION CO LTD,日本,五金,"NAGANUMA, KENJI",0081 256 33 0353,,"11-13, ARA-MACHI 2-CHOME SANJO-SHI, NIIGATA 9550083",,,,亚洲,S
MARUMOTO SHOJI KK,日本,五金,"TSUBOI, NOBUTERU",0081 587 59 6688,0081 587 59 6690,"120, KAWAHIGASHI, WADA-CHO KONAN-SHI, AICHI 4838014",,,,亚洲,S
MARUMIYA SHOKAI KK,日本,五金,MIYAGI MATSUHIDE,0081 98 879 1191,0081 98 8763629,"4-8, MAKIMINATO 5-CHOME, URASOE-SHI, OKINAWA 9012131",,,,亚洲,S
MARUKIYO SHOKAI GS,日本,五金,"TAMAKI, KIMIO",0081 98 863 2041,0081 98 863 2131,"9-8, ASATO 2-CHOME NAHA-SHI, OKINAWA 9020067",,,,亚洲,S
MARUKINKIKO KK,日本,五金,SATO MITSUO,0081 133 73 1300,0081 133 736698,"719-17, SHINKONISHI 1-CHOME, ISHIKARI-SHI, HOKKAIDO 0613241",,,,亚洲,S
MARUKIN YK,日本,五金,"KANAZAKI, TOSHIAKI",0081 896 23 1121,0081 896 23 1171,"1-8, CHUO 1-CHOME IYOMISHIMA-SHI, EHIME 7990405",,,,亚洲,S
MARUKICHI TEKKO KK,日本,五金,TAKEDA FUMIO,0081 11 661 8155,0081 11 6618177,"1-1, HASSAMU 12-JO 13-CHOME, NISHI-KU SAPPORO-SHI, HOKKAIDO 0630832",,,,亚洲,S
MARUKI HARD WARE CORPORATION,日本,五金,KOMAJAKU YASUO,0081 6 62620471,0081 6 62620467/62620481,"11-24, MINAMISEMBA 1-CHOME, CHUO-KU OSAKA-SHI, OSAKA 5420081",,,WWW.MARUKI-MK.CO.JP,亚洲,S
MARUKA KINZOKU KK,日本,五金,"SAIRYO, KAZUO",0081 6 6497 3961,0081 6 64973964,"3-45, SHIOE 5-CHOME AMAGASAKI-SHI, HYOGO 6610976",,,,亚洲,S
MARUISHI SHOTEN KK,日本,五金,"MATSUMOTO, TOSHIKI",0081 598 51 5151,0081 598 51 5343,"260-2, KAMADA-CHO MATSUSAKA-SHI, MIE 5150005",,,,亚洲,S
MARUHANA KK,日本,五金,"HANAJIMA, TAKAYUKI",0081 53 441 0141,,"2000-6, OROSHIHON-MACHI HAMAMATSU-SHI, SHIZUOKA 4328055",,,,亚洲,S
Manufacturing Suppliers Ltd,新西兰,五金,ALBERT,0064 9 828 2777,0064 9 828 2424,562 Rosebank Road Avondale 1007 Auckland,,ian@fortressfasteners.co.nz/bob@fortressfasteners.co.nz,WWW.FORTRESSFASTENERS.CO.NZ,大洋洲,A
MANUFACTURING AND RETAIL CORPORATION,英国,五金,ROY CHANDLER,0044 1227 459999,0044 1227 459990,"STODMARSH ROAD,CANTERBURY,KENT",CT3 4AP,info@marcltd.com,WWW.MARCLTD.COM,欧洲,S
MARUISHI KANAMONOTEN KK,日本,五金,"HARADA, MINORU",0081 143 44 2021,0081 143 43 0129,"18-1, NAKAJIMA-CHO 1-CHOME MURORAN-SHI, HOKKAIDO 0500074",,,,亚洲,S
MARUHISASHOKAI KK,日本,五金,NAGAYAMA YUICHI,0081 98 897 0073,0081 98 8970013,"4-10, OYAMA 7-CHOME, GINOWAN-SHI, OKINAWA 9012223",,maruhisa@m1.cosmos.ne.jp,,亚洲,S
MARUGAME TEKKAN YK,日本,五金,"MORITAKA, KATSUHIKO",0081 877 63 6555,0081 877 63 6558,"1365-1, HARADA-CHO ZENTSUJI-SHI, KAGAWA 7650032",,,,亚洲,S
MARUGAME SHOTEN KK,日本,五金,"OSAWA, RYOICHI",0081 55 233 7022,0081 55 232 3173,"330, NANASAWA-CHO KOFU-SHI, YAMANASHI 4000825",,,,亚洲,S
MARUEI KOGYO KK,日本,五金,"HONJO, KUNIYUKI",0081 3 3668 6451,0081 3 3668 6457,"1-15, NIHOMBASHI NINGYO-CHO 1-CHOME CHUO-KU, TOKYO 1030013",,,,亚洲,S
MARUDAI ITO KK,日本,五金,ITO TOSHIO,0081 166 23 1251,0081 166 231299,"MIGI 4, 1-JO-DORI 11-CHOME, ASAHIKAWA-SHI, HOKKAIDO 0700031",,,,亚洲,S
MARUCHA SEKINO KENCHIKUKANAMONO KK,日本,五金,"SEKINO, MOTOSUKE",0081 3 3501 0221,0081 3 3501 0228,"4-1, NISHISHIMBASHI 2-CHOME MINATO-KU, TOKYO 1050003",,,,亚洲,S
Marshall,英国,五金,,0044 114 276 7071,0044 114 273 8084,"18 Johnson Street, GB S3 8GT, Sheffield",,sales@geomarshall.co.uk,http://www.geomarshall.co.uk,欧洲,S
MARS INDUSTRIES PVT. LTD.,印度,五金,RAJESH BANSAL,0091 11 6859941/6854792,0091 11 6850236,"H-6A, HAUZ KHAS, NEW DELHI",110016,mars@nbd.vsnl.net.in,WWW.DORSETINDIA.COM/DORSETLOCK.COM,亚洲,C
MARR HARDWARE INC.,美国,五金,,001 330 9352445,001 330 9352748,"11750 MARLBORO AVE., N.E. ALLIANCE",OHIO 44601,,WWW.MARLBOROCARCH.COM,北美洲,S
MARQUSCO.(PVT)LTD.,斯里兰卡,五金,MARIYA HUZAIFA,0094 11 594200/598313/9477340419,0094 11 594199,"NO.7,34TH LANE,A.OFF QUEEN'S ROAD,COLOMBO 3",,,,亚洲,C
MAO CHEANG HANG SDN.BHD.,马来西亚,五金,LOH LIEW MAO,0060 4 5070991/124822221,0060 4 5070891,"1473,LORONG PERUSAHAAN MAJU 8,PRAI INDUSTRIAL ESTATE 4,PRAI SPT,PENANG",13600,mchsb@po.jaring.my,,亚洲,B
MARMONT SA,法国,五金,M MOTRON BERNARD,0033 1 49870660,0033 1 46722842,"22 RUE ROBERT WITCHITZ, BP 201, 94203, IVRY SUR SEINE CEDEX",,cp.melkonian@marmont.com,,欧洲,A
MARGO TRADING,美国,五金,ISAMAR MARGARETEN,001 917 6094345,001 718 3844013,199 LEE AVE.SUITE 169 BROOKLYN NY 11211,NY 11211,margo@maviz.com,,北美洲,S
MANUFACTURE OF FIZZ PRODUCTS,美国,五金,Mr. ANDREW RIZZO,001 727 5485600,001 727 5485700,"8501 65TH ST. NORTH, PINELLAS PARK, FL 33781",,arizzo@allnatbo.com,WWW.ALLNATBO.COM,北美洲,S
MANUEST,法国,五金,M BRUN,0033 3 29945066,0033 3 29945887,"PLACE DE LA GARE, 88170, CHATENOIS",,gbrun@manuest.fr,WWW.VOGICA.FR,欧洲,A
MANUEL CORRIPCO C.POR A.,多米尼加,五金,Mr. JOSE ROBLEDO,00809 2275707,00809 5672462,"AUTOPISM DUARNE UM.81/2,SANTO DOMINGO",,j.robledo@codetel.net.do,,其他,C
MARPICO S.A,哥伦比亚,五金,Mr. GUSTAVO PICO,0057 1 6112969/6112989/2635566,0057 1 6114289/6113961,WORLD TRADE CENTER CALLE 100 NO.8A-49 TORRE B OFICINA 611 BOGOTA,,olgaalonso@marpico.com,,南美洲,B
MAROPSA,西班牙,五金,JUAN LGNACIO MELINO,0034 91 616 28 07,0034 91 616 38 60,"Ctra. M-501, km, 5,400, E 28935, Mostoles",,,www.maropsa.com,欧洲,A
MAROM CORPORATION USA,美国,五金,DERMAN RUSSI,001 7866213041,001 305 3917586,"10400 NW 33RD STREET STE #270, U.S.A.",,garussi@yahoo.com,,北美洲,S
MAROC BALLON,摩洛哥,五金,ELALJ NOURREDDINE,00212 2 354047/344329,00212 2 354036,RUE TAYEB IBN KOTIA RUE (O) OUKACHA CASABLANCA (05),,maroc-ballon@casanet.net.ma,,非洲,C
MARLOW INTERNATIONAL,美国,五金,,001 2033641967,001 2034264916,"40 OBTUSE RD,NEWTOWN,CT 06470,U.S.A.",,shawn_brazo@marlowint.com,,北美洲,S
"Marmeses, S.A.",西班牙,五金,,0034 92 024 50 97,0034 92 020 50 60/245460,"Ctra. de Crespos, s/n., E 05400, Arenas de San Pedro",,,,欧洲,A
"MARLAIN ENTERPRISES LTD.,",爱尔兰,五金,MARTIN KIELY,00353 61 394011/872765790,00353 61 394125,"KILDIMO,CO.LIMERICK",,marlain@eircom.net,,欧洲,A
MARKS HARDWARE INC.,美国,五金,GEORGE MARKS,001 631-225-5400,001 631-225-6136,"5300 NEW HORIZONS BLVD, AMITYVILLE, NY 11701-1145",,,www.marksusa.com,北美洲,S
MARKIMEX. INC.,美国,五金,SAM CHEN,001 714-665-6969,001 949 2529989,"14430 MYFORD RD IRVINE,CA 92606,U.S.A.",,ewen@markimex.com,www.markimex.com,北美洲,S
Marketall Trading Ltd,爱尔兰,五金,Mr. Joe Murphy,00353 1 8308244,00353 1 8306854,"Dublin Industrial Estate, Dublin 11",,,,欧洲,A
"MARITA CO., LIMITED",美国,五金,WANG,001 7178985833,001 7178981955,"2800 WIMBLEDON LANE LANCASTER,PA 17601U.S.A.",,wenxiwang@comcast.net,www.comcast.net,北美洲,S
MARKET PLUS,菲律宾,五金,MRS.NIEVES CHUA LIM,0063 2 7332590/7332593,0063 2 7336135,"SUITE 446-B REPUBLIC SUPERMARKET BLDG.727 RIZAL AVE.,SOLER & F.TORRES STREET STA.CRUZ,MANILA",,marketplus@yahoo.com,,亚洲,B
MARKET INTERNATIONAL CO.,美国,五金,KIMBERLY SMITH,001 713 4610725,001 713 4610740,"10497 TOWN & COUNTRY WAY#208 HOUSTON,TEXAS 77024",,marketfbr@aol.com,,北美洲,S
MARKAS ENGINEERING & HARDWARE,马来西亚,五金,MR.CHAN,0060 3 4043 0040,0060 3 40438982,"518, 3RD MILE, JALAN IPOH,51200 KUALA LUMPUR",,,,亚洲,B
MARKANT TRADING ORGANISATION(FAR EAST)LTD.,台湾省,五金,TONY TANG,00886 2 27021335/932307420,00886 2 27085731,"ROOM 6F-5,WHITE PALACE BUILDING SECTION 1,NO.294 TUN HUA SOUTH ROAD TAIPEI",,markant@ms15.hinet.net,,亚洲,C
MARITIME SERVICES,英国,五金,W. BRIAN HEPPLE,0044 1326 270883,0044 1326 270093,"7, ROSELAND FLATS, ST.MAWES//TRURO, CORNWALL TR2 5AA",,,WWW.MARITIME.CO.UK,欧洲,S
Maritim Oy Ab,芬兰,五金,Pehr-H?kan Lindholm,00358 9 68 16 31,00358 9 6 92 79 17,"Veneentekijant 1, FI 00210, Helsinki",,maritim@maritim.fi,WWW.MARITIM.FI,欧洲,A
MARINE-OLBERMANN GMBH,德国,五金,HANS OLBERMANN,0049 221 931 818 0,0049 221 931 818 18,"BAYENSTR. 51-57,D-50678 KOELN",,,WWW.OLBERMANN.DE,欧洲,S
MARINE SERVICE & SUPPLY CO.,美国,五金,RAOUL LOZANO,001 504 3408601,001 504 3484774,"528 DESTREHAN AVE.,HARVEY,,LA",LA 70058,,,北美洲,S
MARINE HARDWARE,美国,五金,JOHN PUGH,001 425-883-0651,001 425-869-1232,"14560 NE 91ST ST, REDMOND, WA 98052-6553",,info@marinehardware.com,www.marinehardware.com,北美洲,S
Marine Engineering Pipeworks Ltd,英国,五金,Philip Harper,0044 191 521 1941,0044 191 523 6954,"Leechmere Industrial Estate, Grangetown, GB SR2 9TE, Sunderland",,mepsun@aol.com,http://www.mepsun.com,欧洲,S
MARINE DEPOT,美国,五金,JIMMY MA,001 909-393-6100,001 909-393-2009,"15072 SIERRA BONITA LN, CHINO, CA 91710-8901",,,,北美洲,S
MARINE & ENGINEERING INDUSTRIES PTY LTD,澳大利亚,五金,PETER A HANNAH,0061 8 9447 9357,0061 8 9243 3440,5/1 st Floor Henderson Service Centre Cnr Cocaurn & Redemptora Rds Henderson WA 6166,,malgray@iinet.net.au,,大洋洲,S
Marine & Industrial Fastenings Ltd,英国,五金,,0044 23 8045 4548,0044 23 8045 4533,"111 Saltmakers House, Hamble, Point Marina, Hamble, GB SO31 5N, Southampton",,,,欧洲,S
MARINA FACTORY L.L.C.,阿拉伯联合酋长国,五金,MUNIR AHMED SIRAJ,00971 6 5332841/50 6311728,00971 6 5330420/5326852,"P.O. BOX 5529, SHARJAH",,marina1@emirates.net.ae,,亚洲,B
MARHABA ENTERPRISES,巴基斯坦,五金,GUL ZADA KHAN,0092 51 5774483/3009505027,0092 51 5462103,"SHOP NO.12,CHIRAGH MARKET BARA BAZZAR,RAWALPINDI",,,,亚洲,C
MAPTCO FASTENERS (AUST)PTY.LTD.,澳大利亚,五金,IVAN T.S.SAW,0061 3 94642688,0061 3 93579982,"1/72,NORTHGATE DRIVE, THOMASTOWN,",3074,mfast@bigpond.com.au,,大洋洲,S
MARDO CO.,叙利亚,五金,Mr. REZKALAH,00963 21 4447390,00963 21 4645388,ALEPPO-MIDAN TAMIM DARI STR. 125 P.O.BOX:4902,,co.mardo@net.sy,,亚洲,C
MARDIN CO.,美国,五金,BOB SMITH,001 888 8192470,001 954 9837724,"2501 S.W. 56TH AVENUE,HOLLYWOOD,FL",FL 33023,,WWW.MARDIN.COM,北美洲,S
MARCO INTERNATIONAL CORPORATION LIMITED,香港,五金,PETER WONG,00852 23126288,00852 27239121,"UNIT 803B,8/FL.,CARNARVON PLAZA,20 CARNARVON ROAD,TSIM SHA TSUI,KOWLOON",,marco168@netvigator.com,,亚洲,C
MARATHON DOOR MFG.,美国,五金,BOB KELLEY,001 714-532-5969,001 714-532-4132,"607 W PALM AVE, ORANGE, CA 92868-5000",,,,北美洲,S
MARAKISH BUILDING MATERIAL TRADING(L.L.C.),,五金,AMAR INDER SINGH,00971 4 2260480/50 6245208,00971 4 2260230,"P.O.BOX 21530 DEIRA,DUBAI",,amarismp@emirates.net.ae,,其他,C
MAQUITEN S.A.,西班牙,五金,ANTONIO MARTIN CURBELO,0034 922 214711/230066,0034 922 230411,"POLIGONO IND.COSTA SUR,CALLE 304,NAVE 24 SANTA CRUZ DE TENERIFE",38009,maquiten@interbook.net,WWW.MAQUITEN.COM,欧洲,A
MANOJ HARDWARE,印度,五金,MR.MANOJ SHARMA,0091 11 3588360/3618360,0091 11 3623406,"G-1,BHANOT PLAZA-II,D.B. GUPTA ROAD,PAHAR GANJ,NEW DELHI",110055,manoj_9211@usa.net,WWW.DELHIBAZAARONLINE.COM/P&H/MONOJ.HTM,亚洲,C
MANYU KK,日本,五金,TERANISHI EIJI,0081 52 481 5151,0081 52 4824433,"13, HONJIN-TORI 4-CHOME, NAKAMURA-KU NAGOYA-SHI, AICHI 4530041",,,,亚洲,S
MAPLE INVESTMENTS LTD.,赞比亚,五金,SONU W. LAHORI,00260 97769149/97794747/97871868,00260 1 281408,"P.O.BOX 31605,LUSAKA",,gopal@coppernet.z.m,,其他,C
MANTRA,西班牙,五金,VILENTE BARBERA,0034 96 3904511,0034 96 3902598,"PL L' EIXERETA, 5 NO. 18 BURJASOT VALENCIA",46100,mantra@mantraco.org,,欧洲,A
MANTION SA,法国,五金,M SCHNOEBELEN,0033 3 81505677,0033 3 81532976,"7 RUE GAY LUSSAC, BP 1373, 25006, BESANCON CEDEX",,mantion@mantion.com,WWW.MANTION.COM,欧洲,A
MANTEN SHOKAI KK,日本,五金,SATO MICHIO,0081 6 66060555,0081 6 66946456,"5-13, HARIMA-CHO 3-CHOME, ABENO-KU OSAKA-SHI, OSAKA 5450022",,,WWW.MANTENSHOKAI.CO.JP,亚洲,S
MANTECH AUTOMAT INDUSTRIES,印度,五金,BHUSHAN MANOCHA,0091 11 5492775/5130485,0091,"60/6,ASHOK NAGAR.NEW DELHI",110018,,,亚洲,C
MANSSOUR ABOUKHAMSEEN AND PARTNER GEN.TRAD.& CONT.CO.W.L.L.,科威特,五金,LUTIYING,00965 2442137/2448958/9768388/9832152,00965 2467022,P.O.BOX 5151 SAFAT,13052,mapco@ncc.moc.kw;mapco@kems.net,,亚洲,B
MANSOURAH VITRAGE,阿尔及利亚,五金,ETS A.DJEZIRI,00213 43 276759/277277/201512,00213 43 276759,ZONE INDUSTRIELLE ROUTE DE CHETOUANE NO.5 TLEMCEN,13000,,,非洲,C
"MAN CHEONG METALS AND BUILDING MATERIALS CO.,LTD.",香港,五金,"LI WAI LEUNG,STUART",00852 24783868/24753082/94078079,00852 24747057/24702963,"737 TAI KEI LENG,YUEN LONG,N.T.",,mancheon@proweb.com.hk,,亚洲,C
MANSING CO.,美国,五金,,001 7603573027,00852 23323407,1241 ROCKWOOD AVE.CALEXICO CA. 92231U.S.A.,,julioyc@hknet.com,,北美洲,S
"MANSHIN TRADING CO.,LTD",马来西亚,五金,K.W.TEH,0060 6 6329311/19 6502499,0060 6 6329677,"M-6,LUCKY PLAZA,JLN DATO LEE FONG YEE,70000,SEREMBAN NEGERI SEMBILAN",,,,亚洲,B
MANSFIELD ASSEMBLIES,美国,五金,BRUCE CUMMINS,001 419-524-1331,001 419-524-1304,"1776 HARRINGTON MEMORIAL RD, MANSFIELD, OH 44903-8996",,,www.mansfieldindustries.com,北美洲,S
MANRIA SDN.BHD.,文莱,五金,HOW WAN HAI,00673 2 227663/262009/8771078,00673 2 262009,"NO.282,BT.3,JALAN SUBOK,SIMPANG 286,BANDAR SERI BEGAWAN,NEGARA",,,,其他,C
MANNARI KK,日本,五金,"KOIKE, NORIHIKO",0081 6 6954 0001,0081 6 6954 0006,"2-23, SHIMMORI 3-CHOME ASAHI-KU OSAKA-SHI, OSAKA 5350022",,,,亚洲,S
Mannak Techniek B.V.,荷兰,五金,E. Dijkstra,0031 528 269021,0031 520 229985,"A.G. Bellstraat 26, NL 7903 AD, Hoogeveen",,,,欧洲,A
MANN SENG METAL INDUSTRIES SDN. BHD.,马来西亚,五金,K.S.CHAN,0060 3 42927078/42938353/193157506,0060 3 42930155,"3,JLN KENCANA 32,TMN KENCANA,KUALA LUMPUR",56100,msm@msmmgroup.com,WWW.MSMMGROUP.COM,亚洲,B
MANIRAJ ENTERPRISES,印度,五金,MANISH MASON,0091 22 2622058/22692053/9820542948,0091 22 25546515,"67,2ND FLOOR,ASHOKA SHOPPING CENTRE,L.T.MARG,NEAR G.T.HOSPITAL MUMBAI",400001,manishmasson@hotmail.com,,亚洲,C
MANILAL & CO.,印度,五金,KIRAN MEHTA,0091 11 3232386/3237636,0091 11 3245544/2710897,"503,KUCHA PATI RAM,BAZAR SITA RAM,DELHI",110006,manilal@del3.vsnl.net.in,,亚洲,C
MANIKAS L.T.D.,希腊,五金,,0030 210 4924289/4902619,0030 210 4252641,"2, LOHAGOS HATZIVASSILIOU,NIKEA-PIRAEUS(P.O.18450)",,manikas@otenet.gr,,欧洲,B
MANGALA ELECTRONIC SUPERMARKET (PTE) LTD,斯里兰卡,五金,Mr. DIAS RATNAPALA,0094 11 2587810/585674/78 680121/77 357191,0094 11 2588813,"NO.413,GALLE ROAD,COLOMBO 06",,mes@sltnet.lk,,亚洲,C
"MANHATTAN MANUFACTURING & MARKETING CO.,INC.",菲律宾,五金,JOHNNY UY,0063 2 8236402/8234322/8234329,0063 2 8245128,"MANHATTAN CPD.,KM.17 ARMEVA CMPD WEST SOUTH SUPERHIGHWAY,PARANAQUE CITY",,kingjimcorp@hotmail.com,,亚洲,B
"MANFRED INDUSTRIAL CO.,LTD.",香港,五金,LAU CHUNG MING,00852 27968738,00852 27951761,"A2,4/F.,TONIC INDUSTRIAL CENTRE,26 KAI CHEUNG ROAD,KOWLOON BAY,KOWLOON",,,,亚洲,C
MANEX MARKETING GROUP,加拿大,五金,JOHN L. PEAVOY,001 416 8359676,001,"2095, ROCHE COURT, SUITE 274,MISSISSAUGA,ON",ON L5K 2C8,,,北美洲,S
MANDAUE COMPRESSED GASES CORP.,菲律宾,五金,"LIM,ANTHONY",0063 32 2312158/2313755/2312116/2322327,0063 32 2312158,"CARRETA,M.J. CUENCO AVE.,MABOLO,CEBU CITY",,bliss@i-cebu.com.ph;mcgc@i-cebu.com.ph,,亚洲,B
MANDWE GmbH,德国,五金,MR.DACHS,0049 991 38 10,0049 991 38 11 56,"Werftstrasse 17, DE 94469, Deggendorf",,,WWW.DW.DE,欧洲,S
MANDARIN HOUSE,美国,五金,LOREN SPENDBRE,001 435 2293764,001 435 6564410,"31 N 700 E #213,ST.GEORGE,UTAH 84770",UT 84770,mandhouse@lycos.com,,北美洲,S
Mandal Byggsenter A/S,挪威,五金,,0047 38 26 48 88,0047 38 26 41 09,"Kastellgt. 14, NO 4514, Mandal",,,,欧洲,A
"MANDA ENTERPRISES CO.,LTD.",香港,五金,CHOW HUNG,00852 27823781/94879592,00852 27826197,"ROOM 802,8/F KING CENTRE,23-29,DUNDAS STREET,MONGKOK,KOWLOON",,mandahk@netvigator.com,,亚洲,C
MANBAA AL ANHAR TRADING,阿拉伯联合酋长国,五金,MUSTAFA AMIJEE,00971 4 2247685,00971 4 2247687,P.O.BOX 28706 DUBAI,,anhar@emirates.net.ae,,亚洲,B
MANART HIRSCH CO INC,美国,五金,Edwin R. Hirsch,001 516-887-1133,001 516-887-1158,"314 Hendrickson Ave., Lynbrook, NY 11563-1054, USA",,,,北美洲,S
MANALIE,印度,五金,MR.LEADER CHANDER,0091 9811004315,0091 124 5052274,104/75 SILVER OAK WEST，DLF CITY I，GURGAON,122001,moccain@hotmail.com,,亚洲,C
MANAHRY2000,美国,五金,,001 5615025335,001 5619633418,"6254 CARTHAGE CIR N.,LAKE WORTH FL.33463U.S.A.",,manahry2000@aol.com,,北美洲,S
MAN TAI INDUSTRIES COMPANY,香港,五金,M.Y.YIU,00852 24810118,00852 24810325,"FLAT B,24/F.,TUNG LUEN INDUSTRIAL BUILDING,1-4,YIP SHING STREET,(CASTLE ROAD,)KWAI CHUNG KOWLOON.",,,,亚洲,C
MAN TAI INDUSTRIES (HK) LTD,香港,五金,MR.NIAUW SIOU KIAN,00852 24810118,00852 24810325,24/F.B/FLAT TUNG LUEN IND BLDG 1-4 YIP SHING ST,,man-tai@yahoo.com.hk,,亚洲,C
MAN HON TAT LEI HONG,澳门,五金,WONG MAN HON,00853 333617,00853 301147,静湖马路65号地下,,,,其他,C
MAN FUNG CONCEPTS LIMITED,香港,五金,C.M.CHEUNG,00852 23285631/26869835,00852 23515306/26869875,"BLOCK A,1/F.,TAI KING IND.BLDG.,700 PRINCE EDWARD ROAD EAST,SAN PO KONG,KOWLOON",,manfunghk@usa.net/cmciyc33@hkstar.com,,亚洲,C
MAKY TX TRADING,埃塞俄比亚,五金,MEKONNEN HAILE,00251 1 557684/114190,00251 1 551361,"P.O.BOX 28868,ADDIS ABABA",,meku@telecom.net.et,,其他,C
MAMTA LIGHTS,印度,五金,SANJAY GUPTA,0091 11 3863279/3868249,0091,"SHOP NO.1880/11.MAHALAXMI MARKET,BHAGIRATH PALACE,DELHI",110006,,WWW.MAMTALIGHTS.COM,亚洲,C
MAMS TRADING L.L.C.,阿拉伯联合酋长国,五金,FIROZ POONAWACA,00971 4 2264707,00971 4 2264708,"P.O.BOX 26775,DUBAI",,mams@emirates.net.ae,,亚洲,B
MAMS TRADING CO L.L.C.,阿拉伯联合酋长国,五金,SALEEM BOHRA,00971 4 2264707,00971 4 2264708,"P.O. BOX 26775, DUBAI, BEHIND AVON HOTEL, AL NASR SQUARE, SABAKA, DEIRA",,mams@ emirates.net.ae,,亚洲,B
MAMPEI SHOJI KK,日本,五金,"KUDO, KAZUO",0081 3 3986 0531,0081 3 3980 0040,"MAMPEI BLDG. 11-6, IKEBUKURO 2-CHOME TOSHIMA-KU, TOKYO 1710014",,,,亚洲,S
MAMOUN TABBAA EST,叙利亚,五金,MAMOUN TABBAA,00963 11 2315937/2311643,00963 11 2322624,KING FAISSAL STR. DAMASCUS(P.O.BOX:4144),,m.tabbaa.est@mail.sy,,亚洲,C
MAMMOTH CONSTRUCTION,美国,五金,,001 5128379665,001 5128379665,"12221 BRANSTON DR.AUSTIN,TEXAS 78753U.S.A.",,tcwms@aaahawk.com,,北美洲,S
"MALZ, Snc",意大利,五金,,0039 0522 976439,0039 0522 977061,"Via Che Guevara 14, I 42045, LUZZARA",,info@malz.it,http://www.malz.it,欧洲,A
MALIK ENTERPRISES,印度,五金,PRADEEP K. MALIK,0091 11 5471945/5472109/9810635343,0091,"SHED NO.29,CATAGORY-II,DSIDC ROHTAK ROAD,INDS. COMPLEX,NANGLOI,NEW DELHI",110041,,,亚洲,C
MAKINAE KANAMONOTEN YK,日本,五金,"MAKINAE, YOSHIKATSU",0081 187 54 2468,0081 187 54 2469,"KAMISUGASAWA 511-3, IWASE, KAKUNODATE-MACHI SEMBOKU-GUN, AKITA 0140314",,,,亚洲,S
MALLACID S.A.DE C.V.,墨西哥,五金,FILIBERTO FLORES GARZA,0052 81 81252900,0052,"DOBLADO 1906 NTE.COL.1°DE MAYO MONTERREY,N.L.",64550,filiberto@mallacid.com.mx;rebeca_cantu@email.com;rafael_villarreal@email.com,,北美洲,B
MALL BARGAIN,美国,五金,,001 2137462024,001 3105592822,"1212 STANDFORD AVE. #105, U.S.A.",,bobashlizdon@msn.com,,北美洲,S
MALHI TRADING CO.LTD.,加拿大,五金,MR MALHI,001 604 2318011/3255724,001 604 3259158/3255724,"68 W.47TH AVENUE VANCOUVER,B.C.",V5Y 2X8,malhi8@hotmail.com,,北美洲,S
MALEK FOR TRADE AND AGENCIES,也门共和国,五金,MR.MOHAMMED ALAWI,00967 2253974,00967 2253974,"P.O.BOX:129 CRATER,ADEN",,mamgts@yahoo.com,,其他,C
Malco AB,瑞典,五金,Mr Leif Fjellstroem,0046 911 66840,0046 911 60595,"Box 74 (Gamelstadsvaegen), S-943 22 Oejebyn",,,,欧洲,A
MALBERN,英国,五金,BOB SUMNER,0044 161 3205801/3207071,0044 161 3350986,"UNIT 2 MALBERN INDUSTRIAL ESTATE, DENTON MANCHESTER",M34 3WE,mgs@zen.co.uk,WWW.MALBERNWINDOW.CO.UK,欧洲,S
"Malave Brothers, Inc.",美国,五金,,001 787 7676929,001 787 7670302,"1073 Calle Ferrocarril,San Juan, PR 00925-3012,USA",,,,北美洲,S
MAKS ENTERPRISES,斯里兰卡,五金,MUSTAFA ANVER ALLY,0094 11 334096,0094 11 432508,"78,MESSENGER STREET,COLOMBO 12",,maks@slt.lk,,亚洲,C
MAKRAM COMPUTER CENTER,黎巴嫩,五金,MAKRAM JAAFAR,00961 3533511,00961,"UNESHO MAIN STREET,BEIRUT",,mcc_ccm@hotmail.com,,亚洲,C
MAKOSER MAKINA OTOMOTIV YEDEK PARCA IMALAT ITHALAT SAN.VE TIC.A.S.,土耳其,五金,HAKAN AKTURK,0090 332 2380290,0090 332 2380293,KARATAY SAN.PERSEMBE PAZARI SAKA SK.NO:35-37 KONYA,42200,makoser@ixir.com.tr,,亚洲,B
Makita Benelux BV,荷兰,五金,Mr. G. van Kist/MR.OREJRGA,0031 499 484848,0031 499 484849,"Ekkersrijt 4086, NL 5692 DA, Son",,,WWW.MAKITA.COM,欧洲,A
MAKIMOTOKINZOKU KK,日本,五金,"MAKIMOTO, HARUO",0081 75 431 3336,0081 75 4313339,"2CHOMENAKANOCHO 492, OMIYA-DORI TERANOUCHI KAMIGYO-KU KYOTO-SHI, KYOTO 6020093",,,,亚洲,S
MAKII SUTENRESU KK,日本,五金,MAKII MASARU,0081 45 563 5151,0081 45 563 5150,"19-9, HIYOSHI 7-CHOME, KOHOKU-KU YOKOHAMA-SHI, KANAGAWA 2230061",,,WWW.E-SPAINLESS.JP,亚洲,S
MAKEWAY TRADING ENGRG,新加坡,五金,PAUL HO,0065 68484424,0065 68484434,"61 KAKI BUKIT AVE 1,#02-24 SHUN LI INDUSTRIAL PARK",417943,force21@singnet.com.sg,,亚洲,A
MAKENGA ENTERPRISES LIMITED,赞比亚,五金,Mr. MWANZA GODFREY B.,00260 2 213092,00260 2 213092/213094,"P.O.BOX 23036, KITWE",,,,其他,C
Mak Fastener Specialists Ltd,爱尔兰,五金,Mrs Catherine Lawlor,00353 1 4519900,00353 1 4519004,"Tallaght, Dublin 24",,,www.makfasteners.com,欧洲,A
"MAIZ ENTERPRISES CO.,LTD.",台湾省,五金,JERRY TANG,00886 2 85110128/933234725,00886 2 85110177,NO.173 TAI YUAN ROAD TAIPEI,,maiz@ms6.hinet.net,,亚洲,C
"MAJOR INTERNATIONAL,INC.U.S.A.",美国,五金,MILLER CHENG,001 847 5938070,001 847 5938110,"600 BONNIE LANE ELK GROVE VILLAGE,IL",60007,mljf.cheng@prodigy.net,,北美洲,S
MAJESTIC INTERNATIONAL,印度,五金,H.P.SINGH,0091 161 2544940/9814097817,0091 161 2544940,"814/1,STREET NO.3,LINK ROAD,DASHMESH NAGAR,LUDHIANA-3",,majesticinter@sify.com,,亚洲,C
MAJED ALI A. BUGSHAN EST,沙特阿拉伯,五金,ASSEM MUINY,00966 2 6425234,00966 2 6474627,JEDDAH(P.O.BOX 19273 ),21435,,,亚洲,B
MAJARRAH GROUP. GEN. TRAD. & CONT. CO.,科威特,五金,DR. KHALEEL KAMAAL,00965 4844628/4840196,00965 4815049,P.O.BOX:213 SABAAH AL-SAALIM,44000,faradayselectricals@hotmail.com,,亚洲,B
MAITLAND AUCTION CENTRE,澳大利亚,五金,ROBERT NEEDHAM,0061 2 49324511/414336920,0061 2 49324522,"LOT 211,KYLE ST RUTHERFORD NSW (PO BOX 720 MAITLAND NSW 2320)",2320,dsarroff@bigpond.com.au,,大洋洲,S
MAISON SORAK(YATRICK KESSAVLAL),马达加斯加,五金,,00261 20 2228647,00261 20 2222273,TANANARIVE MADAGASCAR,,sorak@dts.mg,,其他,C
Maison J. Five SA-NV,比利时,五金,Mr. Koen Van Heddegem,0032 50 31 28 62,0032 50 319441,"Dirk Martensstraat 27 B, - Industriepark Waggelwater, B 8200, Sint-Andries",,info@ckfive.be,,欧洲,A
MAGNUM MEDICAL INC.,美国,五金,OMAR HAMEED,001 480-633-2777,001 480-633-2525,"3265 N NEVADA ST, CHANDLER, AZ 85225-1170",,,,北美洲,S
Maison Ballez SA,比利时,五金,,0032 65 65 21 38,0032 65 65 48 20,"Grand'Rue 36, B 7370, Dour",,,,欧洲,A
MAINTRADE LIMITED,新西兰,五金,DAVID 0'RYAN,0064 9 4261850/21774055,0064 9 4261851,"19 FORGE ROAD,PO BOX 426 SILVERDALE,AUCKLAND",,david@maintrade.co.nz,,大洋洲,A
"MAICO, Srl",意大利,五金,Bernhard Hoeller,0039 0473 651200,0039 0473 651300,"Via dei Legnai 15, I 39015, SAN LEONARDO IN PASSIRIA",,maico@maico.com,http://www.maico.com,欧洲,A
MAI - 93 LTD.,匈牙利,五金,NGUYEN THI MAI KHANH/MARIA NGUYEN,0036 30 2222539,0036 1 2813548,"1091 BUDAPEST,ULLOI UT 159.1.16",,vumaiha@axelero.hu;mai93ltd@777westel.hu;mai93ltd@yahoo.com;vumaiha@matavnet.hu,,欧洲,B
MAINLAND INTERNATIONAL LTD.,牙买加,五金,JODY MYRIE,001876 9896146,001876 9844370,"8 MARCH PEN ROAD,SPANISH TOWN",,jody.myrie@mainland.com.jm,,其他,C
Main Tool Co. Ltd,英国,五金,J. Brown,0044 1698 749473,0044 1698 740981,"Old Edinburgh Road, GB ML4 3HL, Bellshill",,main-tool@compuserve.com,,欧洲,S
MAIN PAO GROUP LIMITED,香港,五金,SUEN CHUNG KWAI,00852 24678497/26832865/97237439,00852 24666747/26832912,"UNIT 1,4/F.,ON TAI LND.GENTRE,4 ON CHUES ST.,FANLING (P.O.BOX.NO.399,TUEN MUN CENTRAL POST OFFICE)",,,,亚洲,C
MAILAS,叙利亚,五金,MALAZ MAILAS,00963 31 239000/446688/93425700,00963 31 470677,HOMS,,mailas@mail.sy,,亚洲,C
MAHMOUD MEHDI TRADING E.S.T.,黎巴嫩,五金,,00961 1 276843/3563313,00961 1 276843,ZEIN BLDG.-NEW ST-HARET HREIK-BEIRUT-SECTOR 5-ST.54-BLDG.82,,jomanamehdi@msn.com,,亚洲,C
MAHMOUD AL-GHARABALLY TRADING EST.,科威特,五金,AHMED SAIFUDDIN,00965 4315385/4346596/4334631/9829709,00965 4312745,P.O. BOX 46 SAFAT,13001,mate@qualitynet.net,,亚洲,B
MAHMOOD AHMED ENTERPRISES L.L.C.,阿拉伯联合酋长国,五金,Mr. AKBAR DAWAL,00971 4 2231151,00971 4 2225518,"NO.13 FIKREE BLDG,SABAKHA,DEIRA,DUBAI",41117,maent@emirates.net.ae,,亚洲,B
MAHIKO KK,日本,五金,MAHIKO KAZUO,0081 3 3644 5126,0081 3 3644 5120,"2-6, OGIBASHI 3-CHOME, KOTO-KU, TOKYO 1350011",,,,亚洲,S
MABEL,西班牙,五金,,0034 93 345 15 13,0034 93 345 29 62,"c/ Santa Marta, 20, 08030 Barcelona",,mabel@industrias-mabel.com,http://www.industrias-mabel.com,欧洲,A
MAAZ ENTERPRISES,斯里兰卡,五金,M.M.M. ASLAM,0094 11 4722375,0094 11 4722375,"34,MEERANIYA STREET,COLOMBO-12",,maaz@mail.ewisl.net,,亚洲,C
MAAK MOTORS,南非,五金,AL-IMRAAN ISMAIL,0027 31 4655134/84 6678620,0027 31 4657590,SOUTH AFRICA,,al-imraan@mweb.co.za,,非洲,C
MAA VENTURES NIG. LTD.,尼日利亚,五金,M.A.A. DEKUNLE,00234 1 2643696,,"14,SCOTT STREET,LAGOS",,mutiualabiventures@yahoo.com,,非洲,C
M2A EXPORT,法国,五金,VERONIQUE LE PLENIER,0033 1 45020326/45020304,0033 1 45020314,"53,AVENUE VICTOR HUGO 75116 PARIS",75116,mazen.jaber@m2a-export.com,WWW.M2A-EXPORT.COM,欧洲,A
M\S KHSHINE PAINT & H/W STORE,印度,五金,SUNIL MAHAJAN,0091 11 23868178,0091 11 23865515,"201,LAJPAT RAI MARKET,DELHI-6",110006,kphs-sunil@rediffmail.com,,亚洲,C
M/S.VISHAL WORKS,印度,五金,SUBHASH SURI,0091 1189 412669/4501701,0091,"YISHAL LALORKS,GAMBHIR PURA,ALIGARH",,,,亚洲,C
M/S.VAAJ SERVICES (PVT) LTD.,澳大利亚,五金,D.B.JEYAKUMAR,0061 438770842,0061 438770842,"1/50,LUCKIE STREET,NUNAWDING,VICTORIYA 3131",,,,大洋洲,S
M/S.TARUN GUPTA,印度,五金,MR. TARUN GUPTA,0091 11 27863796,0091 11 27863796,"311,NEW MODERN APPT.,SECTOR-9,ROHINI,DELHI",110085,,,亚洲,C
M/S.T.R.TRADING INTERNATIONAL,孟加拉国,五金,MD.SAMSUL ALAM (JAGORE),00880 41 721431/2 7163293/171137156,00880 41 763239,"1 NO. OLD JESSORE ROAD,KHULNA",,,,亚洲,C
M/S.LUCKY PAINT AND HARDWARE,孟加拉国,五金,ABDUS SHAHID LASKAR,00880 821 725560/171360761,00880,"AL-JAN MARKET MAIN ROAD,SHAJALAL UPOSHAR,SYLHET",,,,亚洲,C
M/S.HARISH CHAND VIJENDRA KUMAR,印度,五金,,0091 122 312692/310792,0091,"CHANDI ROAD,HAPUR",245101,,,亚洲,C
M/S.BAHMAN TRADING CORPORATION,科威特,五金,MR.MONESH M.MIRCHANDANI,00965 4813055/4813901-EXT.215,00965 4813860/4813873,"P.O.BOX:327,SAFAT",13004,bahtco3@hotmail.com,,亚洲,B
M/S.ABUL KALAM & SON'S,孟加拉国,五金,ALI KAISAR,00880 31 622296/720312/171724398,00880 31 637496,"88,KHATUNGONJ,CHITTAGONG",,akaisar@bttb.net.bd,,亚洲,C
M/S. MEJAB ENTERPRISE,孟加拉国,五金,DEDARUL ALAM(DEDAR),00880 31 623579/612485/171 963319,00880 31 620778,"100/46,RAHAMAN MANSION(1ST FLOOR),TAMAKUMANDI LANE,REAZUDDIN BAZAR,CHITTAGONG",4000,mejab@spctnet.com/mejab@globalctg.net,,亚洲,C
M & N FITTINGS (PTY) LTD,南非,五金,SELVIN PILLAY,0027 11 4351115/4351116/832814546,0027 11 4351512,"97 AUGUSTA ROAD,NIMALINS HOUSE,REGENTS PARK (P.O.BOX 1418,ROSETTENVILLE,2130)",2197,mnn@firepower.co.za;firepowr@iafrica.com,,非洲,C
MAHAVIR TOOLS CORPORATION,印度,五金,PRAKASH SHAH,0091 33 2426798/2424201,0091 33 2109094,"1, BONFIELD LANE, GROUND FLOOR, CALCUTTA",700001,,,亚洲,C
MAHAVIR TOOLS CORP.,印度,五金,MR P.SHAH,0091 33 2426798/2424201/2429258,0091 33 2109094/2101381/2433120,1 BONFIELD LANE GROUND FLOOR CALCUTTA,700001,sdar124@col.vsnl.com,,亚洲,C
"MAHASINTHAI CO.,LTD.",泰国,五金,CHANTRAPORN KITCHAROEN(JEEBY),0066 2 8986481/8986484/18664135,0066 2 8986489,"1/203 MOO 1,SOI 44,RAMA 2 RD.,TAKHAM BANGKHUNTIEN,BANGKOK",10150,mahasinthaimtd@hotmail.com;jeebyfon@yahoo.com,,亚洲,B
MAHARISHI ENTERPRISES,香港,五金,,00852 28572655,00852,"NO.4,SEYMOUR ROAD 3/L",,,,亚洲,C
MAHARANI SANYOGITA'S IMPEX HOUSE,印度,五金,AUOOP SHAW,0091 751 340947/540947/9826055889,0091 751 512855,"C/21-22,GOVINDPURI,OPP.HOTLINE GUEST HOUSE,UNIVERSITY ROAD,GWALIOR,M.P.",474011,vampire04adi@sify.com,,亚洲,C
MAHAPATRA JEWELLCURIOS PVT.LTD.,印度,五金,MR.MICUTYUNJAYA MAHAPATRA,0091 6769 270951,0091,"AT/POR BALICHANDRAPUR,DIST. JAJPUR,ORISSA",754205,jyoti1677@yahoo.com,,亚洲,C
Maham Technics Ltd,以色列,五金,Hanoch Tevet,00972 3 5376779,00972 3 5377382,"29 Peretz Street, 66854, Tel Aviv Yafo",,mhm@isdn.net.il,,亚洲,A
MAHABIR PERSHAD & SONS AGENCIES,印度,五金,N.K.JAIN,0091 11 3215236/3215328,0091 11 3215328,"5270-B,G.B.ROAD,DELHI",110006,mpsa@vsnl.net,,亚洲,C
MAGUIRE IRON CORPORATION - ANTIQUE DESIGN HARDWARE,美国,五金,Ms. CHRISTINA HICKMAN,001 510 2347569,001 510 2327519,"215 - 22ND STREET, RICHMOND CA 94801",CA 94801,,,北美洲,S
MAG-TORCH,美国,五金,LARRY D.WHITED,001 216 2513334,001 216 2517778,"2201 WEST 110TH STREET,CLEVELAND,OHIO 44102",44102,lwhited@magna-insto.com,,北美洲,S
Magrenko Ltd,英国,五金,Mrs Mary E. Green,0044 1543 572016,0044 1543 462298,"Progress Business Centre,Brookfield Drive,Cannock,Staffs,WS11 3JN",,info@magrenko.com,http://www.magrenko.com,欧洲,S
"MAGNUSON & ASSOCS., LLC.",美国,五金,Frederic Magnuson,001 651 4266443,001 651 4266444,"1369 E. County Rd. E.,Gem Lake,MN",MN 55110,,,北美洲,S
MAGNUM,印度,五金,DINESH.M.THAKKAR,0091 22 3428639,0091 22 3425679,"21,SUGAR MARKET BUILDING,104/114 P'DEMELLO ROAD,BOMBAY-9",,magnum@mukund.com,WWW.MUKUND.COM,亚洲,C
MADOL IMPORTS,美国,五金,MARIA BUSTOS,001 310 323 6425,001 310 323 1353,"15832 S BROADWAY ST #C, GARDENA, CA 90248",,madolimports@earthlink.net,www.madolimports.com,北美洲,S
MAGNETS (UK) LTD,英国,五金,HARVEY HARRISON,0044 151 4480011,0044 151 4481999,"MAGNETS INDUSTRIAL ESTATE,EVANS RD,SPEKE,LIVERPOOL L24 9PB",,hardware@magnets.co.uk,,欧洲,S
MAEYAMA KK,日本,五金,MAEYAMA TATSUHIKO,0081 52 841 9250,0081 52 8510300,"6, NAKAYAMA-CHO 3-CHOME, MIZUHO-KU NAGOYA-SHI, AICHI 4670803",,,,亚洲,S
MAETA SHOTEN KK,日本,五金,"MAETA, KINTA",0081 234 23 2577,,"9-24, AZUMA-CHO 1-CHOME SAKATA-SHI, YAMAGATA 9980875",,,,亚洲,S
Magnet Ltd,英国,五金,G. A. Favell,0044 1535 661133,0044 1535 610363,"Royd Ings Avenue, Keighley, West,Yorkshire,BD21 4BY",,magnet@berisford.co.uk,http://www.magnet.co.uk,欧洲,S
Maginn Machinery Co Ltd,爱尔兰,五金,Mr. Mark Maginn,00353 1 4507930,00353 1 4507916,"Naas Road, Dublin 12",,,WWW.MAGINN.IE/INDEX.HTML,欧洲,A
MAGICIAN INDUSTRIES(HOLDINGS)LIMITED,香港,五金,LEO T C CHAN,00852 24117878/24117711/98109849,00852 24117800/24117793,"FLAT E-H,24/F.,PHASE II SUPERLUCK INDUSTRIAL CENTRE 57 SHA TSUI ROAD,TSUEN WAN",,tcchan@magician.com.hk,WWW.MAGICIAN.COM.HK,亚洲,C
MAGIC WAVES TRADING(L.L.C.),阿拉伯联合酋长国,五金,MAHSHID HAJI HASSANI,00971 4 2289500,00971 4 2289110,P.O.BOX 41422 DUBAI,,m_wave@emirates.net.ae,,亚洲,B
"MAGIC MILL KITCHEN PLUS PRODUCTS,INC.",美国,五金,SOL ROTH,001 845 3682532,001 845 3682533,"382 RT.59 MONSEY,NY 10952",,solomonroth@aol.com,,北美洲,S
MAGEMA,荷兰,五金,MR.ALJEK,0031 172 603484,0031 172 605983,"Stobbeweg 17, NL 2461 EX, Ter Aar",,,wwww.magama.com,欧洲,A
"MAGAZZINI MANZANESI, SpA",意大利,五金,Elia Passoni,0039 0432 750130,0039 0432 740905,"Via S. Giovanni 108, I 33044, MANZANO",,mmp@mmpspa.it,http://www.mmpspa.it,欧洲,A
MAG ENGINEERING & MFG.,美国,五金,HOWARD ALLENBAUGH,001 714-891-5100,001 714-892-6845,"15381 ASSEMBLY LN, HUNTINGTN BCH, CA 92649-1327",,,www.magsecurity.com,北美洲,S
MAFAR TRADING COMPANY,黎巴嫩,五金,MONZER S. BAYDOUN,00961 1 630384/3888048,00961 1 633887,"RAS EL NABEH,BEIRUT",,monzerb@hotmail.com,,亚洲,C
MAEBORI SHOTEN KK,日本,五金,NISHIMORI KOICHI,0081 134 22 4171,0081 134 224105,"9-8, IRONAI 3-CHOME, OTARU-SHI, HOKKAIDO 0470031",,,,亚洲,S
MAENO SHOKAI KK,日本,五金,"MAENO, KOJI",0081 6 6581 0201,0081 6 6924 1199,"4-27, HONDEN 3-CHOME NISHI-KU OSAKA-SHI, OSAKA 5500022",,,,亚洲,S
MADINA TRADING CO.,巴基斯坦,五金,ABDUL RAHMAN,0092 91 2566404,0092 91 2566403,INDUSTRIAL AREA JAMROAD ROAD KHARKHAN PESHA,,,,亚洲,C
Madrilena de Ferreteros S. Coop.,西班牙,五金,Mr. Alejandro Lara Perez,0034 91 688 03 33,0034 91 686 08 00,"Pol. Indl. Leganes - Rey Pastor, , 8, E 28914, Leganes",,,www.comase.es,欧洲,A
MADISCO,马达加斯加,五金,BADOURALY AZIM,00261 20 2255822/2255823,00261 20 2262698/2254602,"123,AVENUE LENINE VLADIMIR,ANTANIMENA ANTANANARIVO",,madisco@dts.mg;jumbo@wanadoo.mg,,其他,C
MADI S.A.R.L.,黎巴嫩,五金,HABIB J. MADI,00961 1 266178/260028,00961 1 260029,"165-933, BEIRUT",,hmadiets@cyberia.net.lb,,亚洲,C
MACHOICE,澳大利亚,五金,JIM SHUI,0061 3 95485885/425729502,0061 3 95485528,"85 FAIRBANK RD.,CLAYTON SOUTH VIC.3169",VIC 3169,"xiongqr@minmetals.com.cn,raymond@minmetals.com.au",,大洋洲,S
"MACROSUN ENTERPRISE CO.,LTD.",台湾省,五金,PER-KIN CHENG,00886 4 7239204/933519873,00886 4 7268583,"2F,NO52,CHEN PIN ROAD,TAICHUNG",,macrosu@ms32.hinet.net,WWW.MACRO-SUN.COM.TW,亚洲,C
MACMURRAY PACIFIC,美国,五金,ERIC WILDENRAOT,001 415 5525500,001 415 5525840,"568 7TH STREET,SAN FRANCISCO,CA",CA 94103,,WWW.MACMURRYPACIFIC.COM,北美洲,S
MACSON MESH INDUSTRIES (PVT) LTD.,斯里兰卡,五金,M.JEHAD M.ARIFF,0094 11 437140/325363,0094 11 437139,"140,MESSENGER STREET,COLOMBO 12",,macson@sri.lanka.net,WWW.MACSON.NET,亚洲,C
MACRO INTERNATIONAL LTD.,新西兰,五金,Mr. WENDY CAULTON,0064 211601800,0064 9 5218225,"3/44 CAULTON ST,ST JOHNS,AUCKLAND",1005,gm.yang@xtra.co.nz,,大洋洲,A
Macro International AB,瑞典,五金,Mr Sven Cliff,0046 430 70500,0046 430 70568,"Verkstadsg. 1, S-312 40 Genevad",,,,欧洲,A
MACOWARE COMPANY LIMITED,香港,五金,BENJAMIN LEE,00852 25451045,00852 28541449,"RM. 1410,14/F.,WORLD WIDE IND. CENTRE,43-47 SHAN MEI ST.,FO TAN,SHATIN,N.T.",,benjamin@macoware.com,,亚洲,C
MACOTO IMP/EXP PTY.LTD.,澳大利亚,五金,JOHN TAI,0061 3 95445671/412 298228,0061 3 95447134,"3 BUCKLAND ST,CLAYTON 3168 VICTORIA",,macototrading@hotmail.com,WWW.MACOTO.COM.AU,大洋洲,S
MACNEIL DISTRIBUTORS (PTY) LTD.,南非,五金,SHANE WATERS,0027 21 6962242/823210244,0027 21 6962434/6969633,345 LANSDOWNE ROAD LANSDOWNE 7780 (P.O.BOX 2492 CLAREINCH 7740),7780,,,非洲,C
MACKSONS HOLDINGS,斯里兰卡,五金,MOHAMED ZIYABDEEN,0094 11 2325210/2434719/72263035,0094 11 2438598/2593151,"38,3RD CROSS STREET,COLOMBO 11",,office@macksons.com,WWW.MACKSONS.COM,亚洲,C
MACKENZIE HARDWARE,菲律宾,五金,CHIAO WEE NG,0063 2 7335338/7335327,0063 2 7335340,662-664 T. ALONZO ST. STA. CRUZ MANILA,,richwin@pacific.net.ph,,亚洲,B
Macey Industrial Fixings,英国,五金,,0044 1323 841916,0044 1323 849916,"Unit 9, The Martletts, Diplocks, Way, GB BN27 3J, Hailsham",,,,欧洲,S
MACHIDA CORPORATION CO LTD,日本,五金,MACHIDA KINICHIRO,0081 27 266 1211,0081 27 2662014,"618, KOMAGATA-MACHI, MAEBASHI-SHI, GUMMA 3792122",,,WWW.MACHIDACORP.CO.JP,亚洲,S
Machey Imp + Exp AB,瑞典,五金,Mr Peder Heyman,0046 31 910064,0046 31 911912,"Letsegaardsv. 45, S-427 40 Billdal",,,,欧洲,A
Mach S. A.,西班牙,五金,,0034 93 388 11 43,0034 93 383 08 06,"Cervantes, 97, E 08912, Badalona",,,,欧洲,A
Macaj Industrivaror AB,瑞典,五金,,0046 413 191 65,0046 413 186 88,"Bruksg 1, SE 24139, Eslov",,info@macaj.se,http://www.macaj.se,欧洲,A
MAC TOOLS,美国,五金,,001 614-367-1356,001 614-876-3831,"4380 OLD ROBERTS RD, COLUMBUS, OH 43228-3882",,,,北美洲,S
Mac Packaging Ltd,英国,五金,Mr.Mccgowan,0044 28 9034 2322,0044 28 9083 6961,"Unit 3/4, Stoke Road, Mallusk Pk, Industral Estate, GB BT36 4F, Newtownabbey",,sam@macprepack.demon.co.uk,http://www.macprepack.demon.co.uk,欧洲,S
M/S. A.K. MOTIWALA,印度,五金,AMMAR S. MOTIWALA,0091 22 2083194/2098394,0091 22 2083194,"145,LOHAR CHAWL,MUMBAI",400002,ksm68@rediffmail.com,,亚洲,C
M/S UNIQUE SALES CORPORATION,印度,五金,SUBHASH BANSAL,0091 11 3263255/3243255,0091 11 3243255/6832604,"3593-94,BRIJ MOHAN MARKET,CHAWRI BAZAR,DELHI-6",,hardware_unique@yahoo.com,www.akshatonline.com,亚洲,C
M/S SUPER ASIA PIPE STORE,巴基斯坦,五金,RANA MUHAMMAD JAMSHEID,0092 42 7651040,0092 7661540/7560456,REHMAN GALI NO:11 BRANDRETH ROAD LAHORE,54000,,,亚洲,C
M/S SHOAKAT ENTERPRISES,巴基斯坦,五金,Mr. KHAWAJA ZAHID RASHID,0092 42 7232523,0092 42 7325614,"30,G PATIALA COMPLEX ,2-LINK MCLEOD ROAD,LAHORE",,,,亚洲,C
M/S SETHI SALES,印度,五金,MR.KETAN SETHI,0091 11 25259363,0091,"123/8,MANOHAR MANSION,AJMERI GATE,DELHI",110006,emailtokeran@yahoo.com,,亚洲,C
M/S RANA BROTHERS,巴基斯坦,五金,M.RAFIQUE RANA,0092 42 7630818/7638961,0092 42 7656860/5885389,"AMIN MARKET,11-NISHTER ROAD,G.P.O.BOX 1479 LAHORE",,ranab@beaconet.net/sajjad99@wol.net.pk,,亚洲,C
M/S MAKKAH TRADERS,巴基斯坦,五金,MUHAMMAD AWAIS,0092 42 7670713/7670504,0092 42 7670504,"1ST FLOOR,HABIB CENTER 3-DEWAN STREET,40-NISHTAR ROAD,LAHORE",,makkaht@brain.net.pk,,亚洲,C
M/S MACHINE PARTS,印度,五金,,0091 161 5018311/2603715,0091,"180/BXXIII,TEJ NAGAR,BAGH SUFFIAN,LUDHIANA (PB.)",141003,forging_solutions@rediffmail.com/parts_machine@yahoo.co.in,,亚洲,C
M/S LIPEE SCAN PVT. LTD.,印度,五金,PAJESH KALRA,0091 11 26819174/26819175,0091 11 26817721/26813018,"D.S.I.D.C. SHED NO.89,OKHLA INDUSTRIAL AREA,PHASE-1,NEW DELHI",110020,lipeescan@hotmail.com,,亚洲,C
M/S JANATA HARDWARE STORE,孟加拉国,五金,MD.NAZRUL ISLAM,00880 2 9116206/9118535/8129658,00880 2 9012748,"74,75 CITY CORPORATION KITEHEN MARKET (1ST FLOOR), KAWRAN BAZAR E/A DHAKA",1215,,,亚洲,C
M/S H.SAFDARI INTERNATIONAL TRADING (L.L.C.),阿拉伯联合酋长国,五金,MR.H.B.SAFDARI,00971 4 2231229/2212953/506503289,00971 4 2272392,"FLAT NO.803,ARAB AFRICAN BANK BLDG. BANIYAS ROAD,DEIRA,DUBAI(P.O.BOX:41519 DUBAI)",,safdari@emirates.net.ae,,亚洲,B
M/S H&K CO.,不丹,五金,MR. CHHIMI THENDUP,00975 5 252671,00975 5 252182,"P.O. BOX NO 74,PHUENTSHOLING",,tom-ma@druknet.net.bt,,其他,C
M/S GUPTA SONS,印度,五金,MR MANAV GUPTA,0091 11 3253326/3215258,0091,"3378,GALI HAKIM BAQA HAUZ QAZI,DELHI",110006,manavgupta@vsnl.in,,亚洲,C
M/S GLOBAL EXPORTS,印度,五金,MR.RAJEEV KANSAL,0091 11 25191963/25102929,0091 11 25191962,WZ-266 B.MADIPUR VILLAGE NEW DELHI-63,110063,marshalk@ndp.vsnl.com,,亚洲,C
M/S GARG PRECISION FASTENERS,印度,五金,MR. MADHUR AGGARWAL,0091 11 23237067/23239481,0091 11 27483404,"156,INSIDE AJMERI GATE,DELHI",110006,gpf2002in@yahoo.co.in,,亚洲,C
M/S EASTERN HARDWARE IMP & EXP CO.,孟加拉国,五金,NASIMUL MATIN(BABBU),00880 2 7112325/7122469/18228489,00880 2 8112668/7122469,"20-21,NAWABPUR ROAD,DHAKA",1100,eastern@citechco.net,,亚洲,C
M/S CHOWDHAREY AGENCY,孟加拉国,五金,MR. ESKENDERCHY,00880 31 615888/614536,00880 31 653996,37-JUBILLE ROAD CHITTAGONG,,sndas@spnetctg.com,,亚洲,C
M/S ALI MOHAMMAD AL QAHTANI EST.,沙特阿拉伯,五金,MR.SAJID KAZI,00966 3 8640275,00966 3 8985512,P.O.BOX 1289 AL-KHOBAR,31952,al-qahtaniac@yahoo.com,,亚洲,B
"M.YASUI & CO.,LTD.",日本,五金,HARCOH UDHWANI,0081 3 54307211,0081 3 54305813,"YASUI BLDG.,3-7-4 LKEJIRI.SETAGAYA-KU,TOKYO",,dh@emirates.net.ae/cast@yasui.co.jp,WWW.YASUI.CO.JP,亚洲,S
M.YAKOOB JEWELLERY,巴基斯坦,五金,M.YAKOOB,0092 21 2432190,0092,"SHOP NO.32,NEW SHOAIB CENTRE NEW NEHAM ROAD,BOULTAN MARKET,KARACHI",,,,亚洲,C
M.M.DHARIWAL,印度,五金,SURESH DHARIWAL,0091 771 538100/233585,0091 771 582100,"HALWAI LANE,RAIPUR (C.G.)",,mmdco@hotmail.com,,亚洲,C
M.E INTERNATIONAL CO.LTD,叙利亚,五金,YANG ZE YUAN,00963 11 6616324,,DAMASCUS UNIVERSITY'S CITY (P.O.BOX:49),,zeyuanyang@hotmail.com,,亚洲,C
M&N BRUSHCO LTD,塞浦路斯,五金,ANDREAS NEOPHYTOU,00357 22 485391/312101,00357 22 495132,"YERI INDUSTRIAL AREA, 2090 STROVOLOS(P.O.BOX 28025,2090 STROVOLOS,NICOSIA)",28025,brushco@cytanet.com.cy,,其他,C
M&M GLOBAL BRANDS,美国,五金,MARK,001 8187022922,001 8183377359,"7930 DEERING AVENUECANOGA PARK,CA.91304,U.S.A.",,julia@mmwatches.com;mark@mmwatches.com,,北美洲,S
M.SHARIF SABSABI COMMERCE,叙利亚,五金,M.SHARIF SABSABI,00963 21 2224254/2215088/94290099,00963 21 3637130,"ALEPPO,P.O.BOX 2250",,"msswelka@ayna.com,mss092@hotmail.com",,亚洲,C
M.SHARIF SABSABI,叙利亚,五金,LATTAKIA PORT,00963 21 3637130/2224254/94290099,00963 21 3637130,ALEPPO P.O.BOX:2250,,msswelka@ayna.com,,亚洲,C
M.S.M.DIST.,美国,五金,ALFRED.M,001 847 8777288,001 847 6779808,4534.W.NORTHSHORE AVE LINCOLNWOOD IL.60712,IL 60712,msmdist@aol.com,,北美洲,S
M.S.INTERNATIONAL TRADING PTY.LTD.,澳大利亚,五金,MIN Z MO,0061 3 95552263/412044347,0061 3 95558612,"39 COCHRANES RD.,MOORABBIN VIC",3189,mei_sheng_international@yahoo.com.au,,大洋洲,S
M.S.A EXPORT & IMPORT OF IRON AND REQUIREMENTS OF FURNITURE AND DECORATION TRADING.,埃及,五金,MR.MOUSTAFA SALAMA AHMED,0020 2 7880191,0020 2 5908288,"11 YOUSSEF NAGUIB ST.,EL REWIY,ATTABA,CAIRO",19131,moustafasalama@hotmail.com,,非洲,C
M.RAZA & COMPANY,巴基斯坦,五金,,0092 81 826896/833305/320 4781369,0092 81 826896,"NEAR DIFRAN HOSPITAL,ART SCHOOL ROAD QUETTA",,m_raza20042000@yahoo.com,,亚洲,C
M.P. Beslag A/S,丹麦,五金,,0045 86 16 94 00,0045 86 16 01 77,"Finlandsgade 23, DK 8200, arhus N",,,WWW.BESLACO.DK,欧洲,A
M.N.KHOYRATTEE & CO LTD,毛里求斯,五金,M.N.KHOYRATTEE,00230 4641020/4654523,00230 4540283,"4,REMOMO STREET,ROSE-HILL",,naiaah@intnet.mu,,其他,C
M.N.FABRICATORS,斯里兰卡,五金,A.S.NIZAR,0094 41 22018/777308242,0094 74 289127,"NO.03,BROUWNING ROAD,KOLUWEGODA,MATARA",,nisar07@yahoo.com,,亚洲,C
M.LIGHT COMERCIO EXTERIOR LTDA,巴西,五金,MARCIO F.LUZ,0055 27 32224400,0055 27 32224400,1000-ROOM 924-JERONIMO MONTEIRO AVEN.CENTRO-VITORIA CITY-ES STATE,29014-900,marcio@mlight.com.br,,南美洲,B
"M.L.TRADING CO.,LTD",肯尼亚,五金,R.M. LAKHANI,00254 11 225327/228569/315671/722741578,00254 11 313051/224095,P.O.BOX 81926 MOMBASA,,mltrading@wananchi.com,,非洲,C
M.KIRPALANI(HK)LTD.,香港,五金,PRAKASH M.KIRPALANI,00852 25249138/91984827,00852 25212525,"22/F.,LOKVILLE COMMERCIAL BUILDING,25-27 LOCK ROAD,TSIM SHA TSUI,KOWLOON(G.P.O.BOX 1591,HONG KONG S.A.R.)",,imp@kirpalani.com.hk,WWW.KIRPALANIM.COM,亚洲,C
"M.K.INDUSTRIAL SUPPLY,INC.",美国,五金,HARRISON YU,001 714 5208302,001 714 2239993,"1525 N.ENDEAVOUR PL.# A ANAHEIM,CA 92801",CA 92801,mktools@netzero.net,,北美洲,S
M.K.HUSAIN & CO.(PVT) LTD.,巴基斯坦,五金,M.MAHMOOD HUSAIN,0092 21 2413016/2413017/3037263326,0092 21 2417607,"114,BUSINESS CENTRE,MUMTAZ HASSAN ROAD,OFF:I.I.CHUNDRIGAR ROAD,KARACHI",,mkhcopk@cyber.net.pk;mkhcocn@mkhco.com,,亚洲,C
M.J.FRANCE,法国,五金,MICHEL JODAS,0033 4 73514049,0033 4 73514767,"B.P.2-Z.I.RACINE,LA MONNERIE-LE-MONTEL",63650,m.jodas@wanadoo.fr,,欧洲,A
M.HAYSAM ASSI,叙利亚,五金,,00963 21 3635810/94285810,00963 21 3622674,P.O.BOX: 9381 ALEPPO,,,,亚洲,C
M.E.M. WEINBERG-HIRSCH (1968) LTD.,以色列,五金,AVRAHAM WEINBERG,00972 3 5616452/6476993/52561597,00972 3 5622924,"P.O.B. 57211 TEL-AVIV,20 HANATZIVF STR.",61571,membox@bezeqint.net,,亚洲,A
"M.CARDOSO,S.A.",葡萄牙,五金,DANIEL TREVIDANI,00351 22 4660900,00351 22 4660933,ZONA INDUSTRIAL DA PORTELINHA APARTADO 10 4424-909 GONDOMAR,,danieltrevisani@esoterica.pt,,欧洲,A
M.C.LIU BUYING SERVICE LTD.,香港,五金,ALAN NG,00852 28153138/25423230,00852 25434818/25457341,"14/F.,V,HEUN BLDG.,138 QUEEN'S ROAD CENTRAL",,mcliu@netvigator.com,,亚洲,C
M.C. LIU BUYING SERVICE LTD.,香港,五金,NORMAN LIU,00852 28153138,00852 25434818,"14/F.,V.HEUN BLDG.,138 QUEEN'S ROAD,C.GPO BOX 375",,mcliu@netvigator.com,,亚洲,C
M.B.S. DISTRIBUTION LTD.,英国,五金,TERRY ALLEN,0044 1213 803100,0044 1213 595789,"ZA BRACEBRIDGE ST.,DART.IN.ES.//GB-ASTON BIRMINGHAM",,,WWW.INFAST.COM,欧洲,S
M.B.D.,留尼汪,五金,MR.MOUSSADJY,00262 436200,00262 436300,"P.O.BOX 45,LA PORSSESSION",97419,,,其他,C
M.B. SATTAR GROUP,巴基斯坦,五金,GULZAR BILAL,0092 21 2434382/2414972,0092 21 2420852/2410502,BILAL CHAMBER KUTCHI GALI-3 KARACHI-74000,,gbilal@cyber.net.pk,,亚洲,C
M.B. ENTERPRISES,印度,五金,K. ZOHAR,0091 40 7710125/7711522/9848052152,0091 40 7714416,"4-4-85,MAHANKALI STREET,SECUNDERABAD",500003,mbenter@hd2.dot.net.in,,亚洲,C
M.A.R.C. (CO. GB) LTD,英国,五金,ROY CHANDLER,0044 1227 459999,0044 1227 459990,"ROOM 6, ENDEAVOUR HOUSE, FORSTAL ROAD, AYLESFORD, MAIDSTONE, KENT, ENGLAND",ME20 7AQ,marcltd@tesco.net,WWW.MARCLTD.COM,欧洲,S
LUN TAI(METAL MACHINE EQUIPMENT),澳门,五金,TONG TAK HONG,00853 257775/257776/6887234,00853 345824,RUA DA RIBERIA DO PATANE 105-107 R/C,,,,其他,C
M.A.A.T.CO.(L.L.C.),阿拉伯联合酋长国,五金,MD.ARIF,00971 4 2268600,00971 4 2259210,"DUBAI,(P.O.BOX:14178)",,memon1@emirates.net.ae,,亚洲,B
M. RAMZAN SEWING MACHINE CO.,巴基斯坦,五金,MUHAMMAD ZEESHAN,0092 61 547209/589067/3006301258,0092 61 588737,"SHOP NO.1660 INSIDE DEHLI GATE,MULTAN",,swing103@hotmail.com,,亚洲,C
M. PEDERSEN & ASSOCS.,美国,五金,G. Pedersen,001 508 4853595,001 508 6247086,"11 Strawberry Hill Rd.,Southboro,MA",MA 01772-1407,,,北美洲,S
M. JAMEEL AKEEL,叙利亚,五金,,00963 21 2264595,00963 21 2264595,"2/F,SARMEENIE BLDG,AMAM DU-WAR FURNISH-AHARKIL-OUSSAT,TAJMILUL-MASHARIKA,ALEPPO(P.O.BOX 10242 ALEPPO)",,mujakeel@net.sy,,亚洲,C
M. A. SHERIF,埃塞俄比亚,五金,ABUBAKER M. SHERIF,00251 1 751417/569348/569345,00251 1 756172/569349,5414 ADDIS ABABA,,m.a.sherif@telecom.net.et,,其他,C
M Simonson (NZ) Ltd,新西兰,五金,Geoff Williams,0064 9 274 0321,0064 9 274 0631,"63 Allens Road, East Tamaki, 1701, Auckland",,vikki@simonson.co.nz,WWW.SIMONSON.CO.NZ,大洋洲,A
M S.J.J. KOTHARI & CO.(ETH.) LTD,埃塞俄比亚,五金,Mr. MEHTA MUKESH,00251 1 661155,00251 1 661122/661113,"MEKWOR PLAZA BLDG 4TH FLOOR,DEBRE ZEIT ROAD,ADDIS ABABA",,j.jkothari@elecom.net.et,,其他,C
M S S Group,英国,五金,J. Higson,0044 161 703 9990,0044 161 7039998,Bankfield Road Tyldesley Manchester M29 8SS,,info@themssgroup.co.uk,http://www.themssgroup.co.uk,欧洲,S
M P Supplies Ltd,英国,五金,Michael Terney,0044 1952 507450,0044 1952 507451,"Unit 8, Trench Lock 3, GB TF1 4ST, Telford",,,,欧洲,S
M P Masterpiece AB,瑞典,五金,Mr Joakim Oejdemark,0046 8 7173450,0046 8 7177450,"Faenrikstigen 4, S-133 34 Saltsjoebaden",,,,欧洲,A
M M SHOJI CO LTD,日本,五金,"KITAGAWA, MASASHI",0081 6 4391 3456,0081 6 4391 3455,"NANKAI CITY HEIGHTS ITACHIBORI 1403GO, 2-19, ITACHIBORI 3-CHOME NISHI-KU OSAKA-SHI, OSAKA 5500012",,,,亚洲,S
M M EXPORTS,印度,五金,S.K.MUTHA,0091 44 5325067/5325344,0091 44 6430087/6430089,"109,VELLALA STREET,PURASAWALKAM,CHENNAI",600084,mutha@mmexports.com,,亚洲,C
M K Tools & Equipment,英国,五金,,0044 1908 274141,0044 1908 274110,"10 James Way, Denbigh West, Bletchley, GB MK1 1SX, Milton Keynes",,mktools@lineone.net,,欧洲,S
M G M Precision Engineering Ltd,英国,五金,Mr.Stanmillar,0044 191 499 0005,0044 191 499 0007,"MGM House, Newburn Bridge Road, Newburn, GB NE15 8N, Newcastle Upon Tyne",,mgm@mgmltd.co.uk,http://www.mgmltd.co.uk,欧洲,S
M Donnelly & Co Ltd,爱尔兰,五金,Mr. Declan Brophy,00353 1 8304558,00353 1 83042925,"Glasnevin, Dublin 11",,sales@donnelly.ie,www.donnelly.ie,欧洲,A
M A S INC.,美国,五金,JIM C.YANG,001 626 5717535/3155857/7809613,001 626,"7242 TERESA AVE.,SOUTH SAN GABRIEL,CA 91770",CA 91770,,,北美洲,S
M A P Hardware Ltd,英国,五金,David P. Wakeley,0044 1215 616070,0044 1215 616080,"King Alfred Way, GB GL52 6Q, Cheltenham",,,WWW.SALACK-HARDWARE.CO.UK,欧洲,S
M & SAEED ENTERPRISES,巴基斯坦,五金,JAWAID SAEED,0092 21 2415773/2415683/2424450,0092 21 2410502,"66/2,MURAD KHAN ROAD,KARACHI (P.O.BOX 4430 KARACHI)",74000,jsaeed@cyber.net.pk;jsaeed@cyber.net,,亚洲,C
M & S PLUS.COM.CO.,美国,五金,陈安澜,001 909 5985879,001 909 5985841,187 PACIFIC ROAD POMONA CA 91768,CA 91768,kent@symmic.com,WWW.SYMMIC.COM,北美洲,S
"LUYIN INDUSTRIAL CO.,LTD.",菲律宾,五金,XIE BIN,0063 2 5257265,0063 2 5257266,"RM1202,1010 BUILDING 1010A.MABINIST.,ERMITA MANILA",,mls2001@sina.com,WWW.CHINA.MLS.NET,亚洲,B
M & A MARKETING,南非,五金,MARK LAMPRECHT,0027 31 3047137,0027 31 3047100,"1 TURNERS AVENUE BEREA,DURBAN 4001",,ahmed@amusement.co.za,,非洲,C
M & F Components Ltd,英国,五金,Roy Slator,0044 1254 301121,0044 1254 91416,", GB BB5 5BE, Accrington",,,www.mafcovall.co.uk,欧洲,S
M - U Safe Invest AB,瑞典,五金,Mr Ulf Isberg,0046 8 54066280,0046 8 54061933,"Box 383, S-184 24 Aakersberga",,,,欧洲,A
Luna AB,瑞典,五金,Curt Linden,0046 322 60 60 00,0046 322 60 64 43,"Sandbergsv 3, SE 44180, Alingsas",,luna@luna.se,http://www.luna.se,欧洲,A
Lynar Engineers (1998) Ltd,英国,五金,Mrs Marina L. Wagnall,0044 1279 418604,0044 1279 432015,"4 Edinburgh Place, GB CM20 2D, Harlow",,lynar@compuserve.com,http://www.lynar.sagenet.co.uk,欧洲,S
"LYEN HER TRADING CO.,LTD.",台湾省,五金,DUONG THUAN KHAI,00886 2 26845387,00886 2 26845410,"3FL,NO.3,ALLEY 10,LANE 323,DA AN RD,SHU-LIN,TAIPEI HSIEN",,"ysclh@hotmail.com,ihysc@ms34.hinet.net",,亚洲,C
Lyco New Zealand Limited,新西兰,五金,Garry Lyons,0064 3 343 6761,0064 3 343 6762,6a Michelle Road Sockburn 8004 Christchurch,,valeza@lyco.co.nz,WWW.LYCO.COM.AU,大洋洲,A
LUEN TAT METAL WARE MANUFACTORY,香港,五金,谢孔钊,00852 23941600/23944901,00852 23945949,九龙深水埗大南街261号地下,,,,亚洲,C
LUEN WOO HARDWARE,香港,五金,KENT TONG,00852 23031622/23877197/90932889,00852 23569238/23865426,"UNIT 1106,11/FLOOR,FU HANG INDUSTRIAL BUILDING 1 HOK YUEN ST.EAST,HUNGHOM KOWLOON (P.O.BOX 88475 SHAMSHUIPO,KOWLOON)",,,,亚洲,C
LUXURY FURNITURE INC.,美国,五金,MS.KELLY,001 9176698897/9177709687,001 718 3532880,"276 GREENPOINT AVE.,6/FL BROOKLYN,N.Y.11222",NY 11222,,,北美洲,S
Luxo UK Ltd,英国,五金,Robert Murray,0044 20 8698 7238,0044 20 8698 6134,"4 Barmeston Road, GB SE6 3BN, London",,office@luxo.co.uk,http://www.luxo.co.uk,欧洲,S
Lux Lighting Ltd,英国,五金,Mrs Carol J. Loftus,0044 121 236 7595,0044,"100 Icknield Street, Hockley, GB B18 6RU, Birmingham",,luxlight@aol.com,,欧洲,S
Lutimex ApS,丹麦,五金,,0045 64 49 11 37,0045 64 49 11 36,"Hasselvej 15 C, DK 5591, Gelsted",,lutimex@teliamail.dk,,欧洲,A
"LUTFI TAKAVCI INSAAT,GIDA,ENDUSTRI VE TUKETIM MADDELERI SAN.TIC.LTD.STI.",土耳其,五金,HASAN TAKAVCI,0090 332 5122473/5423146676,0090 332 5127727,HACIARMAGAN MH.CUMA CAMII SK.NO:28 BEYSEHIR KONYA,,htakavci@takavciltd.com,WWW.TAKAVCI.COM,亚洲,B
LUSO FER,葡萄牙,五金,Mr. A.HABIB,00351 214 269690,00351 214 269699,"CENTRO EMPRESARIAL CACEM,ESTRADA NACIONAL 249-3,KM 1.8E,SAO MARCOS CACEM",2735-307,import-lusofer@mail.telepac.pt,,欧洲,A
Lundqvist Maskin & Verktyg AB,瑞典,五金,,0046 8 28 91 00,0046 8 28 60 16,"Englundav 5, SE 17141, Solna",,lundqvist@lundqvist.se,www.lundqvist.se,欧洲,A
Lunde AS,挪威,五金,,0047 51 60 37 00,0047 51 60 37 01,"Snekkerveien 24, NO 4321, Sandnes",,th-lunde@th-lunde.no,,欧洲,A
LUCK SANG LAMP DECORATION CO.,香港,五金,FUNG WAI FAT,00852 27206106/90156101,00852 27259397,"ROOM SR8C,8TH FLOOR,BLACK A,WANG CHEONG FACTORY ESTATE,781 LAI CHI KOK ROAD,KOWLOON",,,,亚洲,C
LTK MARKETING SDN.BHD.,马来西亚,五金,KENNY LAU YUNG WEI,0060 3 89946303/193893723,0060 3 89946303,"NO.C-7-4,GREENFIELD APT,JLN 1/155B,BUKIT JALIL,KUALA LUMPUR",57000,kywlau@tm.net.my,WWW.HYDRO1.COM.MY,亚洲,B
LINGDE INTERNATIONAL TRADING CO.LLC,阿拉伯联合酋长国,五金,HELEN HUANG,00971 4 2241148,00971,DUBAI,,chrysmelon@sina.com.cn,,亚洲,B
Lindy Electronics Ltd,英国,五金,Antony Humphries,0044 1642 754000,0044 1642 754027,"Sadler Forster Way, Teesside, Industrial Estate, Thornaby, GB TS17 9J, Stockton On Tees",,postmaster@lindy.co.uk,http://www.lindy.co.uk,欧洲,S
LUM CHOON & CO.SDN.BHD.,马来西亚,五金,TAN SHIH THOE,0060 4 2614650,0060 4 2614972,"55,LEBUH PANTAI,10300 PENANG",10300,thoe@e.com.my,HTTP://WWW.LUMCHOON.COM\,亚洲,B
LULU GENERAL TRADING,美国,五金,,001 281 2854901,0014138326085,"2711 MILLERS FALLS CT, TX 77469",,lulugt@earthlink.com,,北美洲,S
LUEN TAT TRADING CO.,香港,五金,CHOW MING,00852 25688082/28869275,00852 25688082,"3,HOI NING ST.,17/FL.,FLAT D SAI WAN HO",,,,亚洲,C
LUEN MEE METAL & PLASTIC FTY.LTD.,香港,五金,LI KA WING,00852 24170161,00852 24139831,"UNIT B18,2/F.,HI TECH IND.CTR.491-501 CASTLE PEAK RD.,TSUEN WAN,N.T.",,,,亚洲,C
"LUCKY INDUSTRIAL CO.,LTD.",台湾省,五金,MARKSON YANG,00886 2 28361930/933876468,00886 2 28367751,"4F,NO.121,CHUNG-CHENG RD.SEC.1,TAIPEI(P.O.BOX TP105-62,TAIPEI)",111,markson@luckyco.com.tw,WWW.LUCKYCO.COM.TW,亚洲,C
LUEN HING ELECTRONIC & METAL DEVELOPMENT CO.,香港,五金,PETER WONG,00852 23640232/23640234,00852 27743280,"A3,6/F.,A4,7/F.,MERIT IND CENTRE,94 TOKWAWAN RD.,KOWLOON",,,,亚洲,C
LUCKYERA INTERNATIONAL CORP.,美国,五金,,001 6264471295,001 6264471292,"237 CALIFORNIA STREET ,ARCADIA, CA. 91006,U.S.A.",,luckytomyu@hotmail.com,www.luckyerainternational.com,北美洲,S
"LUCKY SALES, INC.",美国,五金,,001 8648011788,001 8643340041,"5 CRAFTSMAN CT.GREER, SC. 29650,U.S.A.",,luckysale@aol.com,,北美洲,S
LUCKY NEPAL CO.PVT.LTD.,尼泊尔,五金,SATISH KUMAR MORE,00977 1 260878/260785,00977 1 261154,"G.P.O.BOX:2337, TRIPURESHWOR,KATHMANDU",,lucky@mos.com.np,,其他,C
LUCKY INTERNATIONAL TRADING CO.LTD,哥斯达黎加,五金,HONGWEI FANG(MARTIN FANG),00506 7678638,00506 7678826,CARIARI DE GUAPILES APARTADO #93,,martinf98@hotmail.com.cn,WWW.CDC.AMOLUCKY.COM,其他,C
LUCKEY-CONRAD & ASSOCIATES,美国,五金,Jim Luckey,001 727 9428922,001 727 9428830,"412 E. Tarpon Ave.,Tarpon Springs,FL",FL 34689,,,北美洲,S
"LUCAS & BRINKER, INC.",美国,五金,Daniel Lucas,001 847 8848220,001 847 8843974,"2511 W. Schaumburg Rd.,Schaumburg,IL",IL 60194,lucasbrinker@msn.com,,北美洲,S
LUAN IMPORT EXPORT SL,西班牙,五金,MS.CLAUDIA YUNDA,0034 986 410168,0034 986 117778,"C/2AMORA,75 5B",36211,manager@luansl.com,WWW.LUANSL.COM,欧洲,A
LITECH INTERNATIONAL S.R.L.,意大利,五金,PAULA DALLA POZZA,0039 0445 540455,0039 0445 540482,VIA DELL'OLMO 51 SANTORSO (VI),36014,info@litech.it,WWW.LITECH.IT,欧洲,A
"LITE SOURCES MANUFACTURING CO.,LTD.",香港,五金,ASIM ALI,00852 31007622/24461740,00852 24461742,"SUIT 1009,10/F,SILVERCORD,TOWER 1,30 CANTON ROAD,TSIM SHA TSUI,KOWLOON",,purchase2@design-999.com,,亚洲,C
"LITE SOURCE MANUFACTURING CO.,LTD.",香港,五金,HEMANG SHAH,00852 31007666/24461740,00852 24461742,"SUIT 1009,10/F.,SILVERCORD,TOWER I,30 CANTON ROAD,TSIM SHA TSUI,KOWLOON",,lite@design-999.com,,亚洲,C
LITA STORE (SUPER MARKET),东帝汶民主共和国,五金,FOO SENG FUN,00670 390 312196/7240509,00670 390 321929,RUA AVENIDA MARCHAL CARMONA LECIDERE DILI TIMOR LESTE,,,,其他,C
LIT TAT GROUP OF COMPANIES,马来西亚,五金,HENRY WONG TAT CHEE,0060 9 2783788,0060 9 2778810,"70,JALAN INDUSTRI TEMERLOH,TEMERLOH INDUSTRIAL PARK,28400 MENTAKAB,PAHANG",28400,,,亚洲,B
Lister Machine Tools (NI) Ltd,英国,五金,Mrs L. McLaughlin,0044 28 9066 3804,0044 28 9066 3804,"Unit 10, Boucher Business, Centre, GB BT12 6H, Belfast",,saleslmt@aol.com,WWW.LISTERMACHINETOOLS.COM,欧洲,S
Lister & Sons Ltd,英国,五金,M. Aveline,0044 121 553 2411,0044 121 5535951,"Sandwell Industrial Estate, Spon, Lane South, GB B66 1QJ, Smethwick",,listerj@msn.com,www.lister.co.uk,欧洲,S
Lister & Sons (B'ham) Ltd,英国,五金,I. Fisk,0044 121 359 3774,0044 121 333 3021,"Unit F, Dartmouth Industrial, Estate, 2 Miller Street, GB B6 4NF, Birmingham",,,www.lister.co.uk,欧洲,S
LISPO PVT. LTD.,斯里兰卡,五金,S.L. ANAND,0094 11 253623/255135,0094 11 256933,"PHASE 2,K.E.P.Z., KATUNAYAKE",,lispogroup@itmin.com,,亚洲,C
LISON HARDWARE & TRADING,新加坡,五金,DERRICK TOH,0065 64404521/96323457,0065 64404546,368 CHANGI ROAD,419826,lisontap@singnet.com.sg,,亚洲,A
Lisega Ltd,英国,五金,Rob Plant,0044 1908 231282,0044 1908 231325,"Midsummer House 415a,Midsummer Boulevard,Buckinghamshire, MK9 3BN",,info@lisega.co.uk,http://www.lisega.co.uk,欧洲,S
LIQUID GLOBAL HOLDINGS PTE LTD,新加坡,五金,MARTIN WANG,0065 63415103/94889170,0065 67910686,"10ANSON ROAD,INTERNATIONAL PAZA,#15-14,079903",,martin@liquidglobal.com,WWW.LIQUIDGLOBAL.COM,亚洲,A
LIPO COMPANY,香港,五金,RAYMOND LAW,00852 24862443/81053337,00852 24862444,"RM.2344,23/F.,HOI TAI FACTORY ESTATE KIN FAT STREET TUEN MUN NT.",,lipo@pacific.net,,亚洲,C
LIPEX HARDWARE ENGINEERING CO,新加坡,五金,MR.ZHAO,0065 65611402,0065 65673410,2022 BUKIT BATOK INDUSTRIAL PK A #01-154 ST 23,659527,,,亚洲,A
LIOI,智利,五金,ALBERTO VERDI MANETTI,0056 2 6897423,0056 2 6890893,"SAZIE 2973,SANTIAGO",,averdi@lioi.cl,WWW.LIOI.CL,南美洲,B
"LINTON COMMERCIAL CO., INC.",菲律宾,五金,KATRINA N.S. LIM,0063 2 7338800/7338819,0063 2 7330493/7330615,"628-630 TOMAS MAPUA ST., STA. CRUZ, MANILA",1003,katrinalim@yahoo.com,,亚洲,B
Linton & Robinson Ltd,英国,五金,Joa Barber,0044 28 7138 4920,0044 28 7138 4923,"Abercorn Square, GB BT82 8D, Strabane",,admin@linton-robinson.co.uk,http://www.linton-robinson.co.uk,欧洲,S
Linke - Buerosystem KG,德国,五金,,0049 821 78 40 66,0049 821 78 41 81,"aeussere Industriestrasse 16, DE 86316, Friedberg",,info@linkebs.de,http://www.linkebs.de,欧洲,S
LINK TRADING,卡塔尔,五金,SAMED,00974 4363568,00974,P.O.BOX:5832.DOHA,5832,,,亚洲,B
Lining Oy Ab,芬兰,五金,,00358 9 4 76 46 11,00358 9 47 64 62 26,"Riihikuja 5, FI 01720, Vantaa",,lining.info@lining.fi,WWW.LINGING.FI,欧洲,A
LING'S,美国,五金,BING YANG,001 626 4011923/2977848,001 626 4011925,"9658 REMER STREET SOUTH EL MONTE,CA 91733",CA 91733,bingyang@lings.biz,,北美洲,S
LIMTON SRL,意大利,五金,MASSIMO YUAN,0039 0574 22124/3396680096,0039 0574 22124,"VIA G.DONIZETI 22/A,PRATO (PO)",59100,limton.int@libero.it,,欧洲,A
Lindell Oy Ab,芬兰,五金,,00358 9 68 16 51,00358 9 68 16 52 36,"Melkonk 26, FI 00210, Helsinki",,asiakaspalvelu@lindell.fi,www.lindell.fi,欧洲,A
Lineservice A/S,挪威,五金,,0047 22 67 60 65,0047 22 67 60 96,"Vaerveien 51, NO 0612, Oslo",,linjscar@linservice.no,WWW.LINESERVICE.NO,欧洲,A
LINEAR ENERGY LTD.,泰国,五金,JAI PANOMYAN,0066 2 284 1749,0066 2 294 1549,"55 33-35 NONSI ROAD,CHONGNONSI, BANGKOK 10120",,,,亚洲,B
Lindner,瑞典,五金,,0046 31 26 88 00,0046 31 26 88 02,"Stensv 12, SE 43361, Savedalen",,mail@lindner.se,www.lindner.se,欧洲,A
Lindholm & Stribo Teknik AB,瑞典,五金,,0046 8 704 90 10,0046 8 704 19 79,"Tranebergsv 104, SE 16124, Bromma",,ls@lindholm-stribo.se,www.lindholm-stribo.se,欧洲,A
Linak Norge AS,挪威,五金,,0047 32 82 90 90,0047 32 82 90 98,"Ingvald Ludvigsensgt. 23, NO 3027, Drammen",,info@linak.no,www.linak.no,欧洲,A
LIM'S ENTERPRISES,印度尼西亚,五金,LIM YUNG KIE,0062 21 8732562/8730265/818796232,0062 21 8733720,"PONDOK CIBUBUR BLOK C2 NO.29,CISALAK PASAR CIMANGGIS,DEPOK",,limnco@rad.net.id,,亚洲,B
LIMMA ENTERPRISE INC.,美国,五金,MARK E.LIM,001 773 2838004/2838005,001 773 2833487,"4916 N.PULASKI RD.CHICAGO,IL 60630",,,,北美洲,S
LIMITED CONCERNS,印度,五金,KANWAR PAL SINGH,0091 161 5002252/9814001867,0091,"E-470 PHASE VI,FOCAL POINT,LUDHIANA",,,,亚洲,C
LIMEX HANDELS GMBH,瑞士,五金,HANS LIECHTI,0041 55 2824374,0041 55 2824376,"GIBELSRIET 4,CH-8733 ESCHENBACH",,info@limex.ch,WWW.LIMEX.CH,欧洲,A
LIK SENG HONG,香港,五金,MISS.HELEN WONG,00852 28589826,00852 25479569,"ROOM 1502,PACIFIC PLAZA,15/F.,410 DES VOEUX ROAD WEST",,liksenghong@hotmail.com,,亚洲,C
LIK KING TRADING COMPANY(立金贸易公司),马来西亚,五金,林修荣 WILLIAM LING,0060 82 420204,0060 82 240980,"NO.10,GROUND FLOOR,JALAN ANG CHENG HO,93100 KUCHING,SARAWAK,EAST MALAYSIA. P.O.BOX3186,93670 KUCHING",,,,亚洲,B
LIM TECK LEE SDN. BHD.,马来西亚,五金,LIM CHOON HENG,0060 4 261 3230,0060 4 262 2553,"177, BEACH STREET,10300 PENANG",,ltlpen@pd.jaring.my,,亚洲,B
LIM SENG HUAT ENTERPRISE,马来西亚,五金,LIM BENG HOOI,0060 4 3332471/194491286,0060 4 3318929,"14,LORONG KEMPAS SATU,BAGAN LALLANG,BUTTERWORTH",13400,,,亚洲,B
Liljegrens Maskinverktyg AB,瑞典,五金,,0046 383 178 50,0046 383 174 15,"Backv, SE 57435, Vetlanda",,info@liljegrens.com,www.liljegrens.com,欧洲,A
LIM ENG WI ENTERPRISE SDN. BHD.,马来西亚,五金,LIM TIAN HUAT,0060 6 3178088/3178089/198535588,0060 3178090,"NO.9,JALAN JASA,MERDEKA 14,TAMAN DATUK TAMBY,CHIK KARIM,BATU BERENDAM,75350 MELAKA",,,,亚洲,B
LILY IMPORT CROP,美国,五金,,001 718 2049400,001 718 2041887,"11-11 34TH AVE, LONG ISLAND CITY,NY 11106,U.S.A.",,simonlowkc@yahoo.com.sg,www.lilyimport.com,北美洲,S
Lilleide A/S,挪威,五金,,0047 22202025,0047 22821401,"Staelfjaera 16, NO 0903, Oslo",,postmaster@lilleide.no,www.lilleide.no,欧洲,A
LIKONG INDUSTRIAL CORP.,台湾省,五金,FRANCIS HUANG,00886 2 27034671/27077926,00886 2 27078903,"3RD.FL.NO.185,SEC.1 TA-AN RD.TAIPEI",106,lkinf@ms27.hinet.net,,亚洲,C
LIKO TECHNOLOGY CORP.,台湾省,五金,KENT KUO,00886 2 25023206,00886 2 25175801,"4F-1,NO.20,MINCHUAN E.ROAD,SEC.3,TAIPEI 104",,liko@ms21.hinet.net/liko2@ms33.hinet.net,,亚洲,C
Liko AB,瑞典,五金,Mr Gunnar Liljedahl,0046 920 244700,0046 920 244701,"Nedre Vaegen 100, S-975 92 Luleaa",,,,欧洲,A
LIKELY INDUSTRIES LTD.,香港,五金,敦大津,00852 24262111,00852 24874713,KOWLOON,,likely@hknet.com,,亚洲,C
"LIH LIN ENTERPRISES INDUSTRIAL CO., LTD.",台湾省,五金,Mr. HOLLAND WANG,00886 2 27721808/27721809,00886 2 27715574,"7-2 TH, NO.58 FUH SHING NORTH ROAD. TAIPEI",,lih.lind88@msa.hinet.net,,亚洲,C
LIGHTING PARTNERS,美国,五金,,001 4078527171,001 4078527140,"6520 PINECASTLE BLVD.ORLANDO,FL32809U.S.A",,srawleigh@lightingpartnerscf.com,www.lightingpartners.com,北美洲,S
LIGHTING EXPRESS (H.K.) LTD.,香港,五金,DANNY T. HO,00852 25536618,00852 25520980,"ROOM 1109,HING WAI CTR.,7 TIN WAN PRAYA RD.,ABERDEEN",,"lx@lightingexpress.com.hk,dth@lightingexpress.com.hk",,亚洲,C
LIGHT-WAVE INDUSTRIAL CORP.,台湾省,五金,BEN LEE,00886 2 85123300,00886 2 85123311/85123322,"7F,NO.138,SEC.1,KUANG FU ROAD,SAN CHUNG CITY,TAIPEI HSIEN",,oem@light-wave.com.tw,,亚洲,C
LIGHT CREATION CORPORATION,台湾省,五金,左永善,00886 2 25611280,00886 2 25714681,"9 FL.,NO.66 NANKING E.ROAD,TAIPEI",,,,亚洲,C
LIAN HOCK HARDWARE,新加坡,五金,KOH CHUAN POH,0065 62943702/62953973/62953609,0065 62922022,560-560A SERANGOON ROAD,218177,lianhock@singnet.com.sg,,亚洲,A
"LGI/LASER GRAPHICS, INC.",美国,五金,PETER LINSTROTH,001 9528358346,001 9528358347,"5253 EDINA INDUSTRIAL BLVD., U.S.A.",,lgi@lgipromotions.com,www.lgipromotions.com,北美洲,S
Lifesaving Systems Corp.,美国,五金,Samuel Maness,001 813 6452748,001 813 6452768,"220 Elsberry Rd.,Apollo Beach, FL 33572-2291,USA",,info@lifesavingsystems.com,www.LifesavingSystemS.com,北美洲,S
LICENSE FRAME INC.,美国,五金,CATHERINE BARON,001 714-903-7550,001 714-903-7530,"15528 GRAHAM ST, HUNTINGTN BCH, CA 92649-1609",,,www.licenseframe.com,北美洲,S
"LICEL CO.,LTD.",台湾省,五金,张铭坤,00886 2 29273838,00886 2 29206079,1F NO 64 ALLEY 18 LANE 39 MING-LO STREET YONG HO CITY TAIPEI,,licel_co@yahoo.com.tw,,亚洲,C
LIEBMAN HARDWARE & COMPONENTS,美国,五金,A LIEBMAN,001 516 4880621,001 516 4880728,"50 CARNATION AVENUE, BUILDING #3, FLORAL PARK, NY 11001",,liebman@erols.com,www.alliebman.com,北美洲,S
Liebig Bolts Ltd,英国,五金,M. Joyce,0044 1827 50547,0044 1827 310524,"Silica Road, Amington Industrial Estate, Tamworth, Staffs, B77 4DT",,sales@liebigbolts.co.uk,http://www.liebigbolts.co.uk,欧洲,S
LI & FUNG (TAIWAN) LTD.,台湾省,五金,MARIA HAN,00886 2 27124523 EXT.749,00886 2 25456209,"LIFUNG TOWER,8/F,1,NANKING EAST ROAD,SEC.4,TAIPEI",,mariahan.hr@lifung.com.tw,WWW.LIFUNG.COM,亚洲,C
Lexow A/S,挪威,五金,Geir A. Lund,0047 22 08 75 75,0047 22 08 75 70,Postboks 55 Bekkelaget 0137 Oslo,,lexow@lexow.no,http://www.lexow.no,欧洲,A
LIBRA LTD.,香港,五金,EDMUND LAU,00852 25170751,00852 25172932,"1601 CHAO'S BUILDING 143-145 BONHAM STRAND EAST,SHEUNG WAN",,etclau@libra.com.hk,,亚洲,C
LIBRA INTERNATIONAL LTD,乌干达,五金,MR.TUSHAR PATEL,00256 71 999111,00256 43 123011,"P.O.BOX 195,JINJA",,tushar28@utonline.co.ug,,其他,C
LIBRA CAPITAL LIMITED,尼日利亚,五金,IKENNA C. ONYEJOAKA.MA,00234 1 2644114/8033255328,00234 1 2644114,GREAT NIGERIA HOUSE 16TH FLOOR 47/52 MARTINS STREET LAGOS,,libracorp@yahoo.com.uk,,非洲,C
LIBERTY TRADING INTERNATIONAL ENVIRONMENTAL ENGINEERS,斯里兰卡,五金,Mr. JEYAPRAGASH G.J.SOFALAS,0094 11 341320/74 713268/77386720,0094 11 341320,"CONSISTORY BUILDING,96/2/7,FRONT STREET,COLOMBO-11",,libertyti@eureka.lk,,亚洲,C
LIANG PHOONG TRADING SDN. BHD.,马来西亚,五金,CHONG KUI SHIAN,0060 82 334223/339361/168898822,0060 82 333682,"LOT 1432,BLOCK 66,PENDING INDUSTRIAL ESTATE,KUCHING,SARAWAK",93450,jkpui@pd.jaring.my,,亚洲,B
LG SPECIAL MARKETING CENTER,韩国,五金,CHANGGI KOH,0082 11 8080560,0082 42 5372270,1385 GALMADONG SEOGU DAEJEON,,gwikoh@hotmail.com,,亚洲,A
LIANG HUAT METAL (HK) LTD,香港,五金,MS.PANLINE TONG,00852 28856973,00852 28856973,UNIT 1502 SEAVIEW PLAZA.NO.283 SHAUKIWAN RD.,,panline_tong2002@yahoo.com.sg,,亚洲,C
LIANG HUAT METAL (HK) LIMITED,香港,五金,PAULINE TONG,00852 28989596,00852 25586372,"RM.1502 SEAVIEW PLAZA,NO.283 SHAUKIWAN ROAD",,lhmcoltd@netvigator.com,,亚洲,C
LIANG CHEW HARDWARE PTE LTD,新加坡,五金,SEAH BOON TEE,0065 62960224,0065 63921280,133 KITCHENER ROAD,208517,liangchew@pacific.net.sg,WWW.LIANGCHEW.COM,亚洲,A
LIAN SOON METAL (B) SDN. BHD.,马来西亚,五金,KONG NAM,0060 86 331384/333175/330997,0060 86 332016,"240,TAMAN SRI DAGANG,JLN. MASJID,P.O. BOX 352,97008 BINTULU",,kongn@pd.jaring.my,,亚洲,B
LIAN SHENG INTERNATIONAL TRADER,马来西亚,五金,JASON LIM CHUN SIAN,0060 7 3332937,0060,"95,JALAN SERAMPANG TAMAN SRI TEBRAU,J.B.80050 JOHORE",,,,亚洲,B
LIAN SHENG (SIN) TRADING CO.,新加坡,五金,JASON LIM CHUN SIAN,0065 2921660/2982317,0065 2972747,"200 JALAN SULTAN,#01-28,TEXTILE CENTRE",199018,lsstc@singnet.com.sg,,亚洲,A
LIAN SHENG (HK) BROTHERS ENTERPRISE LTD.,香港,五金,JASON LIM CHUN SIAN,00852 27808695/23881891,00852 23858260,"FLAT G,12TH FLOOR KIM TAK BUILDING,NO.328-342A,NATHAN ROAD,KOWLOON",,lsstc@singnet.com.sg,,亚洲,C
"LIAN FENG INTERNATIONAL TRADE CO.,LTD.PHILIPPINES",菲律宾,五金,HAN YUAN CAI,0063 2 3615634,0063 2 3653854,38A MAXIMO SPREET KAIOOKAN CITY,,changhe@infocom.co.ug,,亚洲,B
Lian Cheong Hardware(Pte)Ltd,新加坡,五金,David Tan,0065 68632988,0065 68632368,"5,Gul Crescent, 629521, Singapore",,lchsale@singnet.com.sg,,亚洲,A
Liam A Barry (Engineering Supplies) Ltd,爱尔兰,五金,Mr. Liam A Barry,00353 21 4353815,00353 21 4354274,"Courtstown Industrial Pk, Little Island",,,,欧洲,A
"LI YI TEH ENTERPRISE CO.,LTD.WB TAIWAN BRANCH",台湾省,五金,SUNNY WU,00886 2 27664016,00886 2 27616608,"4F-3 NO.63,SEC.5,NANKING EAST RD.,TAIPEI(P.O.BOX:36-1071 TAIPEI)",,liyiteh@ms78.hinet.net,,亚洲,C
"LI YI TEH ENTERPRISE CO., LTD.",台湾省,五金,SUNNY WU,00886 2 27664016,00886 2 27616608,"4F-3 NO.63, SEC.5,NANKING EAST RD., TAIPEI",,liyiteh@mail.apol.com.tw,,亚洲,C
LG BESLAG Lennart Gustavsen,丹麦,五金,,0045 86 99 33 11,0045 86 99 22 66,"Bondehaven 19 C, DK 8541, Skoedstrup",,lgbeslag@lgbeslag.com,http://www.lgbeslag.dk,欧洲,A
LG BESLAG Lennart Gustavsen,丹麦,五金,,0045 86 99 33 11,0045 86 99 22 66,"Bondehaven 19 C, DK 8541, Skoedstrup",,lgbeslag@lgbeslag.com,http://www.lgbeslag.dk,欧洲,A
LG Agenturforretning AS,挪威,五金,,0047 38 01 47 91,0047 38 01 43 66,"Lumberveien 23 A, NO 4621, Kristiansand",,lagentur@online.no,WWW.LGAGENTURFORRETNING.NO,欧洲,A
LANKA TRADING COMPANY,斯里兰卡,五金,H.M.A. CADER,0094 11 336599/472226/472140,0094 11 337491,"112/7,PRINCE STREET,COLOMBO-11",,gaylords@itmin.com,,亚洲,C
LEWMARINE PTY LTD,澳大利亚,五金,CAPTAIN ARTHUR LEWIS,0061 3 5221 1577,0061 3 5221 3251,148 Myers St Geelong VIC 3220,,,,大洋洲,S
Lewis Spring Products Ltd,英国,五金,A. O'Brien,0044 1527 510535,0044 1527 500868,"Studley Road, Redditch, Worcestershire, B98 7HJ",,sales@lewis-spring.com,http://www.lewis-spring.com,欧洲,S
LEWIS MARINE SUPPLY,美国,五金,DALE LANDRITH,001 207-596-6464,001 207-596-5635,"50 NEW COUNTY RD, ROCKLAND, ME 04841-2113",,,www.lewismarine.com,北美洲,S
Lewis Ltd,英国,五金,V. L. Hingley,0044 121 561 2157,0044 121 561 5273,"Powke Lane, GB B64 5PP, Cradley Heath",,,,欧洲,S
LASERTRADE,英国,五金,MR MIKE PEPPER,0044 1938 552306,0044 1938 555789,"PO BOX 44,BELAN SCHOOL LANE,WELSHPOOL,POWYS. SY21 8SF UNITED KINGDOM",,114024.2153@compuserve.com,,欧洲,S
Lasaulec Delfzijl,荷兰,五金,,0031 50 5933333,0031 50 3145648,"Sikkel 4,Postbus 315, 9930 AH Delfzijl",,delfzijl@lasaulec.nl,http://www.lasaulec.nl,欧洲,A
LAS GRAVILIAS S.A.,哥斯达黎加,五金,GERMAN QUESADA MORALES,00506 259 5555,00506 250 2158,DESAMPARADOS,,dergravi@racrsa.co.cr,,其他,C
Las- & Slipexperten,瑞典,五金,,0046 33 29 02 90,0046 33 29 02 99,"Fabriksg 10, SE 50338, Boras",,goram.agram@lasslip.se,,欧洲,A
LARTIZCO,厄瓜多尔,五金,ING.PABLO AMBROSI V.,00593 7 2860498/2809061/2860054,00593 7 2862495/2862240/2806040,SEVILLA 1-34 Y AV.ESPANA P.O.BOX:01-01-676 CUENCA,,lartizco@etapaonline.net.ec,WWW.LARTIZCO.COM,其他,C
LAROSA ET FILS,法国,五金,M LAROSA PIERRE,0033 4 67487182,0033 4 67432353,"ZI ETANG DES EAUX BLANCHES, 34200, SETE",,,,欧洲,A
LARGE WAY ENTERPRISES LTD.,香港,五金,SAM CHANG,00852 26091782,00852 26032469,"FLAT A,8/F.,VALIANT INDUSTRIAL CENTRE,2-12,AU PUI WAN STREET,FO TAN,SHATIN,N.T.",,szgd@vip.163.com,,亚洲,C
Lappeenrannan Laakerikeskus Oy,芬兰,五金,,00358 5 6 20 40 00,00358 5 6 20 40 90,"Ratak 47, FI 53100, Lappeenranta",,,,欧洲,A
"LANNA TOOLS SERVICE CO., LTD.",泰国,五金,SUMIN TUNPEIROH,0066 53 233 800,0066 53 251 314,"134, RAJAWONG ROAD,MUANG CHIANGMAI 50300",,sumin@access.inet.co.th,,亚洲,B
Laase-Specialisten John R. Hanson A/S,丹麦,五金,Vagn Ellekaer,0045 36 30 03 75,0045 36 30 00 99,JOHN R. HANSON VIGERSLEV ALLE 19-375,,valby@laase.dk,http://www.laase.dk,欧洲,A
Laakeripesa Oy,芬兰,五金,RAINE LAINE,00358 19 5 76 68 00,00358 19 5 76 68 25,"Tyopajat 20, FI 06150, Porvoo",,,www.laakeripesa.fi,欧洲,A
Lamboard,英国,五金,S. Morely,0044 1482 701143,0044 1482 714411,"228 Leads Road, GB HU7 0DQ, Hull",,,,欧洲,S
LANWATCHER INC.,美国,五金,MR.TANG,001 6269612916,001 626 9619313/9612916,"P. O. BOX 5622 HACIENDA HEIGHTS, CA 91745",,jtang@lanwatcher.com,www.lanwatcher.com,北美洲,S
Lansitarvike Ky,芬兰,五金,,00358 2 6 35 09 20,00358 2 6 35 09 21,"Sitomant 7, FI 28360, Pori",,lansitarvike@verkkotieto.fi,,欧洲,A
LANSE ENTERPRISES (F E)CO.,香港,五金,JOHN HUNG,00852 23436757/94866128,00852,"RM.C,6/F SHING HING COMM.BLDG.21-27 WING KUT ST.",,lanse@netvigator.com,,亚洲,C
LANOS INDIA PRIVATE LIMITED,印度,五金,BHARAT SHAH,0091 22 2412320,0091 22 2412321,"42/44,KIKA STREET,1ST FLOOR,OFFICE NO.4,MUMBAI",400004,lanos@vsnl.net,,亚洲,C
Lankhorst Touwfabrieken BV,荷兰,五金,STROEP,0031 515 487654,0031 515 487559/487556,"Prinsengracht 2,8607 AD, Sneek",,sdbruin@lank-horst.com,WWW.LANKHORST-TOUWFABRIEKEN.NL,欧洲,A
LANKHORST HOHORST GMBH,德国,五金,REINER THIEMANN,0049 5971 97070,0049 5971 6064,"BONIFATIUSSTR. 411,D-48432 RHEINE",,info@laukhorst-hohorst.de,WWW.LANKHORST-HOHORST.DE,欧洲,S
LANGMIST PTY LTD.,澳大利亚,五金,ALEX B MCCONNELL J.P.,0061 7 32451456/417751868,0061 7 32451477,P.O.BOX 40 CAPALABA QLD,4157,alexmcc1@bigpond.com,,大洋洲,S
LAKESIDE SALES,美国,五金,LOU OSBORNE,001 262-619-0100,001 262-619-0300,"1405 16TH ST STE. 2574, RACINE, WI 53403-2249",,,,北美洲,S
LANEFORD INVESTMENT LTD,香港,五金,STEPHEN Y.H.LAM,00852 27567988,00852 27501332/27548120,"ENTERPRISE SQUARE,SUITE 810,TOWER 3,9 SHEUNG YUET ROAD,KOWLOON BAY",,laneford@ureach.com,,亚洲,C
LANDMANN INTERNATIONAL LTD.,香港,五金,ERIK CHEN,00852 29561633,00852 29560626,"Suite 1103-6,tower 1,The Gateway,Harbour city,Canton Road,Kowloon",510095,markfung@landmann.com,,亚洲,C
Landgraff A/S,挪威,五金,MR.LANDGRAFF,0047 67 52 60 00,0047 67 53 88 12,"Nesveien 13, NO 1305, Haslum",,,www.landgraff.no,欧洲,A
"LANDEX PRECISION PRODUCTS (THAILAND) CO.,LTD.",泰国,五金,CHATREE J.JITCHAROENCHAI,0066 1 8145551,0066 2 8972657,"91/262 TANACITY,K.M.14,BANGNA-TRAD HIGHWAY,BANGPLEE,SAMUTPRAKARN",10540,landex@bkk.a-net.net.th,,亚洲,B
LANDCASTERS,美国,五金,BOB LEE,001 323-728-6398,,"5959 SMITHWAY ST, LOS ANGELES, CA 90040-1607",,,,北美洲,S
LANCASTER HOLDINGS,美国,五金,MS.HILARY WALTON,001 336 2078082,001 336 2078083,"1509 NEW GARDEN ROAD,SUITE 3D,GREENSBORO,NC",27410,ajc@lancasterholdings.com,,北美洲,S
LAMBERT HARDWARE INC.,加拿大,五金,PIERRE GAGNE,001 514 2743521,001 514 2743877,"6524, ST. HUBERT STREET,MONTREAL,QC",QC,,,北美洲,S
LAN SOLUTIONS,美国,五金,,001 6502611300,001 650 3618012/3068012,"449 HILLWAY DR, U.S.A.",,yungi@lansol.com,,北美洲,S
LAMORIA STEEL FURNITURE,印度,五金,MR.SUREMDRA KUMAR,0091 159 7678440,0091,SETH JAMNA DHAR VI HAVALI MANDRELLA DIST-JJN(RAJASTHAN),333025,,,亚洲,C
LAMIR,印度,五金,SIRAJUDHIN P,0091 490 332069,0091 490 341027,"PARAKKAL,MAHE",673310,"lamir_mahe@hotmail.com,hardware@lamir.biz",WWW.LAMIR.BIZ,亚洲,C
Lamed Ltd,以色列,五金,Nachum Lamdan,00972 3 5463536,00972 3 5463546,"253 Dizengoff Street, 63117, Tel Aviv Yafo",,,WWW.LAMEDNTD.CO.IL,亚洲,A
Laman Zoetermeer,荷兰,五金,MR.STEET,0031 79 3421344,0031 79 3311916,"Stephensonstraat 2, NL 2723 RN, Zoetermeer",,zoetermeer@laman.nl,WWW.LAMAN.NL,欧洲,A
Laman Utrecht BV,荷兰,五金,MR.MARKE,0031 30 2416688,0031 30 2416020,"Kernkade 22, NL 3542 CH, Utrecht",,utrecht@laman.nl,WWW.LAMAN.NL,欧洲,A
Laman Technische Groothandel BV,荷兰,五金,C. van den Helder,0031 79 3447144,0031 79 3319634,"Stephensonstraat 2, NL 2723 RN, Zoetermeer",,,WWW.LAMAN.NL,欧洲,A
Laman Leiden BV,荷兰,五金,J.J. Wirds,0031 71 5223100,0031 71 5218696,"Zijlsingel 2, NL 2315 KB, Leiden",,leiden@laman.nl,WWW.LAMAN.NL,欧洲,A
Laman Alphen BV,荷兰,五金,J.J. Wirds/HUJHOOJ,0031 172 443734,0031 172 443491,"Energieweg 65, NL 2404 HE, Alphen a.d. Rijn",,,WWW.LAMAN.NL,欧洲,A
LAM SENG HANG CO.PTE.LTD.,新加坡,五金,LOO KEE CHEOK,0065 65351238/65343613,0065 65331465,33 CARPENTER STREET,059912,kcloo@singnet.com.sg,,亚洲,A
LAM HONG (S) PTE. LTD.,新加坡,五金,VICTOR SEE YONG LENG,0065 62681331,0065 62643214/62643424,"6 LINK ROAD,JURONG",619028,lamhongs@singnet.com.sg,WWW.LAMHONGS.COM.SG,亚洲,A
LAM ENG HARDWARE SDN. BHD.,马来西亚,五金,LOH BENG SAN,0060 4 7335522/7323181/194407340,0060 4 7335522,"103 OR 105,PEKAN CINA,ALOR SETAR,KEDAH",05000,,,亚洲,B
LALTUS-TRADING OY,芬兰,五金,MR. RAUNO A. MAENPAA,00358 400 620807,00358 9 25360098,P.O.BOX 105,FIN-33101 TAMPERE,trading365@eircom.net,,欧洲,A
LAKSIRI ENTERPRISES,斯里兰卡,五金,J.A.P.PERERA,0094 11 2560518/2560427,0094 11 2561058,"NO.401,HOKANDARA NORTH,HOKANDARA",,japlks@sltnet.lk,,亚洲,C
LAKSHMI PRECISION SCREWS LIMITED,印度,五金,BALWANT SINGH,0091 11 23527642/23523347/9811056657,0091 11 3532138,"146,CYCLE MKT.,JHANDEWALAN EXTN.,NEW DELHI-55",110055,,,亚洲,C
LAKEVIEW MARINE & PORTS,加拿大,五金,randy/m,001 519 7357735,001 519 7358391,"1715 MANNING ROAD//TECUMSEH, ONTARIO N8N 2M3",,,WWW.LAKEVIEWMARINE.COM,北美洲,S
L'ACCESSOIRE (SOCIETE L'ACCESSOIRE) SARL,突尼斯,五金,,00216 71 337402,00216 71 335913,"TUNIS REPUBLIQUE,75 RUE 1 BN KHALDOUN",TN-1001,,,非洲,C
LAI HUNG HOI CO,香港,五金,LAI,00852 23332556,00852 23626089,"14 G/F,AGAI,HON ST,TOLEWA WAL",,,,亚洲,C
LAHORE CENTRAL IRON & HARDWARE MACHINERY MERCHANTS,巴基斯坦,五金,MUHAMMAD RAUF,0092 42 7641425/7641426/7641427/3009494554,0092 42 7653987,"CHAMAN CHAMBERS,CHOWK DALGRAN,LAHORE",54000,lcihmm@ihr.comsats.net.pk,,亚洲,C
LAHLAH TRADING CO.,叙利亚,五金,HISHAM LAHLAH,00963 33 236469/511917,00963 33 220232,"HAMA,P.O.BOX 218",,h-lahlah@scs-net.org,,亚洲,C
LAHIRI ENTERPRISE,孟加拉国,五金,S.K.LAHIRI,00880 31 638040/172164569,00880 31 620159/615219,"350/A,KHATUNGONJ,BANSGHATA YAKUB BUILDING,2ND FLOOR,CHITTAGONG",,lahiri@spctnet.com,,亚洲,C
Laesservice A/S,挪威,五金,,0047 55 23 28 00,0047 55 227751/55215177,"Strandgaten 212, NO 5816, Bergen",,,,欧洲,A
Laes og Beslag AS,挪威,五金,MR.EIRIK,0047 55 20 03 00,0047 55 29 99 99,"Inndalsveien 41, NO 5063, Bergen",,lobas@online.no,,欧洲,A
"LADECA INDUSTRIAL CO., LTD,",台湾省,五金,JIM,00886 2 82951755/82951756,00886 2 22929941,"216,SEC 1,CHEN-TAI RD., WU-KU,TAIPEI",,ladeca99@ms19.hinet.net,,亚洲,C
LADD RESEARCH INDUSTRIES INC,美国,五金,,001 802 6584961,001 802 6608859,"P.D. BOX 901, 13 DORSET LANE,WILLISTON,,VT",VT 05495,,WWW.LADDRESEARCH.COM,北美洲,S
LACLEDE CHAIN MFG.,美国,五金,ED DASTMALCHIAN,001 660-562-2160,001 660-562-2743,"2500 E 1ST ST, MARYVILLE, MO 64468-3122",,,,北美洲,S
LA PLATA SCHMUCK & UHREN,德国,五金,,0049 2054920305,0049 2054920304,RINGSTR. 23A 45219 ESSEN GERMANY,,laplata@cityweb,WWW.LAPLATA.DE,欧洲,S
KYOKOTO HARDWARE IND CO LTD,日本,五金,"HIRANO, TETSUO",0081 6 6251 8741,0081 6 6245 5461,"201202 DAI2SANWA BLDG. 7-23, SHIMANOUCHI 1-CHOME CHUO-KU OSAKA-SHI, OSAKA 5420082",,,,亚洲,S
KYOFUKU CORPORATION,日本,五金,GOTO TOSHIHIRO,0081 82 283 0388,0081 82 2830340,"4-28, HAMADAHON-MACHI, FUCHU-CHO, AKI-GUN, HIROSHIMA 7350023",,kyofuku-sangyo@hs.dion.ne.jp,,亚洲,S
KYOEI FASTENING CO LTD,日本,五金,"HIRANO, KATSUO",0081 3 5703 5551,0081 3 5703 5550,"11-3, HIGASHIYAGUCHI 3-CHOME OTA-KU, TOKYO 1460094",,kyoei-f.hirano@mbi.nifty.com,,亚洲,S
LA ESTRELLA IMPORT C.A.,委内瑞拉,五金,PABLO WEICHONG WU,0058 273 5324110/5520819/414 5691729,0058 273 5324110,CALLE CAMEJO AL LADO DEL MERCADO LA CAROLINA CON AV.RONDON BARINAS,,,,南美洲,C
LA DAMA DE ELCHE,西班牙,五金,MOHAMED MIMUN HAMMU,0034 952 672893,0034 952692299,"C/GARCIA CABRELLES,9,10 MELILLA",52002,nmohamed@teleline.es,,欧洲,A
"L.T.Y. INDUSTRY CO.,LTD.",泰国,五金,刘明荣,0066 2 2144864/2141324/2142920,0066 2 2151299/6123625,"60 RONG MUANG SOI 5,PRATUMWAN BANGKOK 10330",,,,亚洲,B
L.S.A. MARKETING,菲律宾,五金,JOHNNY GAN,0063 2 7365022,0063 2 7335854,"869 TETUAN ST,STA. CRUZ,MANILA",,,,亚洲,B
"L.S. INDUSTRY CO., LTD.",泰国,五金,NARIS CHARASCHANYAWONG,0066 2 4555670/4555671/4540507/12566803,0066 2 4540736,"109/11 MOO 2 SOI BANGBON 29 SUKHAPIBAL 1 RD, BANGKAE BANGKOK 10160",10160,naris@thainail.com,www.thainail.com,亚洲,B
L.L.R.TRADING (IMPART.EXPORT),美国,五金,,001 2136251158,001 2136251023,"304 S LOS ANGELES STCA 90013 CORNER OF SOUTH 3RD ST.AND LOS ANGELES ST.,U.S.A.",,tsangfan618@hotmail.com,,北美洲,S
"L G SOURCING,INC.",香港,五金,JIMMY LO,00852 23771862,00852 23170293,"SUITES 709-11 WORLD COMMERCE CENTRE,HARBOUR CITY,11 CANTON ROAD,KOWLOON",,jimmy.lo@lowes.com/charlie.b.brown@lowes.com,WWW.LOWES.COM,亚洲,C
"KYUNGNAM ELECTRONICS IND. CO., LTD.",韩国,五金,"KOO, UI-NAM",0082 (051)242-2009,0082 (051)242-2011,"142-32, 2-GA, TONGDAESHIN-DONG, SEO-GU, PUSAN",602-102,,WWW.KEILAMT.COM,亚洲,A
L.C.PLUMBING SUPPLY CORP.,美国,五金,LEE LAI MAN,001 626 4444836,001 626 4441230,"10021 E.GARVEY AVE.EL MONTE,CA 91733",CA 91733,,,北美洲,S
L.C.INDUSTRIAL (HONG KONG) KTD.,香港,五金,SARA S.Q.XIAO,00852 25414968,00852 25434227,"ROOM 1209 KWONG SANG HONG CENTRE,12TH FLOOR 151 HOI BUN ROAD KWUN TONG KOWLOON",,cklee@lci.com.hk,WWW.LCINDUSTRIAL.COM,亚洲,C
L.A.B. BAHAN BESI SDN. BHD.(AIR PULIH),马来西亚,五金,JENNY YAP BEE OYE,0060 9 5663388/199171288/199862188,0060 9 5661994,"A-5,JALAN AIR PUTIH,AIR PUTIH,KUANTAN PAHANG DARUL MAKMUR",25300,,,亚洲,B
L. Droeshaut SA,比利时,五金,,0032 2 410 02 70,0032 2 410 30 69,"Chaussee de Ninove 41, B 1080, Bruxelles",,,,欧洲,A
L. & L. AQUATREND B.V.B.A.,比利时,五金,LOUIS VERDONCK,0032 56 37 14 68,0032 56 37 14 69,"BRUGSESTEENWEG, 164,B-8520 KUURNE",,,www.aquatrend.be,欧洲,A
L T WILLIAMS PTY LTD,澳大利亚,五金,STEVE WILLIAMS,0061 3 97294933,0061 3 97205440,"27 JERSEY RD,BAYSWATER",3153,stevewilliams@ltwilliams.com.au,,大洋洲,S
L T BUILDING MATERIAL (INVESTMENT) LTD.,香港,五金,Miss. KWOLE CHINPHAR ANLY,00852 23324543,00852 23323161,"FLAT 1107,METROPOLE SQUARE,2 ON YIU ST.,SHATIN",,anliza10@netvigator.com,,亚洲,C
L SANKO CO LTD,日本,五金,"TAKASE, KATSUTOSHI",0081 426 78 2545,,"5-3, KAMIYUGI 3-CHOME HACHIOJI-SHI, TOKYO 1920373",,,,亚洲,S
L INDUSTRIELLE DE SEDAN,法国,五金,M MILLE CHRISTIAN,0033 3 24270140,0033 3 24270871,"7 BOULEVARD CHANZY, BP 6, 08201, SEDAN CEDEX",,mf.nivox@industriellesedan.fr,WWW.INDUSTRIELLESEDAN.FR,欧洲,A
L ETOILE,法国,五金,MME DURY CLAUDIE,0033 3 24522449,0033 3 24527441,"PLACE D ARMES, 08440, VIVIER AU COURT",,etoile.l@wanadoo.fr,,欧洲,A
L DAVID IND.,美国,五金,,001 734-467-7794,,"38000 JAY KAY DR STE. 300, ROMULUS, MI 48174-5084",,,,北美洲,S
L HOMME MODERNE SA,法国,五金,M GARRAT GERARD,0033 1 49822200,0033 1 49825410,"3 RUE DE LA SCIERIE, ZONE INDUSTRIELLE DU MARAIS, 94370, SUCY EN BRIE",,,WWW.LHOMMEMODERNE.COM,欧洲,A
L & K WHOLESALE INC.,美国,五金,DAVE SCHLESINGER,001 718 5733111/8775730000,001 718 5733222,"335 THROOP AVENUE,BROOKLYN,N.Y.11221",N.Y.11221,,WWW.COBEN.COM,北美洲,S
L & D ASSOCS.,美国,五金,James Squadere,001 518 7854160,001 518 7854454,"5 Sunset Dr.,Latham,NY",NY 12110-2103,,WWW.CAPITAL.NET-COM-LANBB,北美洲,S
KYUSHU YOKO KK,日本,五金,,0081 92 471 0905,0081 92 474 6408,"7-15, HAMMICHIBASHI 1-CHOME HAKATA-KU FUKUOKA-SHI, FUKUOKA 8160097",,,,亚洲,S
KYUSHU NITTO SEIKO KK,日本,五金,KONISHI YUTAKA,0081 92 411 1724,0081 92 411 9883,"6-46, HAMMICHIBASHI 1-CHOME, HAKATA-KU FUKUOKA-SHI, FUKUOKA 8160097",,,WWW.Q-NITTOSEIKO.COM,亚洲,S
KYUSHU FUKI KK,日本,五金,UENO KOSUKE,0081 92 441 6969,0081 92 441 4169,"6-15, TOKO 2-CHOME, HAKATA-KU FUKUOKA-SHI, FUKUOKA 8120008",,,WWW.KAGI_99SHA.CO.JP,亚洲,S
KYUSHU DAIWA LTD,日本,五金,MIYAKE KAZUSHIGE,0081 92 621 2507,0081 92 621 7630,"2-5, SHARYO 1-CHOME, HIGASHI-KU FUKUOKA-SHI, FUKUOKA 8120068",,,,亚洲,S
"KYUNG WON, INC.",韩国,五金,"PARK, SUNG-W00",0082 (031)282-9184/5,0082 (031)281-9186,"RM205.SHINGAL O/T,408-1 KIHUNG-UP YONG-IN CITY. KYONGGI-DO",449-900,kyon92@hanmail.net,,亚洲,A
KYOURYOU MAINTENANCE CO LTD,日本,五金,KOSHISHI SHIGERU,0081 3 3907 5011,0081 3 3907 5022,"PAL ROAD 3 AKABANE, 7-1, AKABANENISHI 1-CHOME, KITA-KU, TOKYO 1150055",,,,亚洲,S
KWANTUM DECO GROUP,荷兰,五金,BERT KLEINPASTE,0031 13 4626626,0031 13 4637979,"BELLE VAN ZUYLENSTRAAT 10,5032 MA TILBURG (P.O.BOX 90160,5000 LK TILBURG)",,b.kleinpaste@kwantum.nl,WWW.KWANTUM.NL,欧洲,A
KYOWA KINZOKU KK,日本,五金,"TAKEBE, KANICHI",0081 96 389 0888,0081 96 3890777,"700-2, OYAMA-MACHI KUMAMOTO-SHI, KUMAMOTO 8620930",,,,亚洲,S
KYOTONISSHO KK,日本,五金,NISHIKAWA SHUNKICHI,0081 75 671 1314,0081 75 6812580,"56-1, NISHIKUJO MORIMOTO-CHO, MINAMI-KU KYOTO-SHI, KYOTO 6018444",,,,亚洲,S
KWUN SHING LEATHER CO.,香港,五金,MANDY FUNG,00852 24249182,00852 24892767,"RM.1-3,22/F,SOUTH CHINA IND.BLDG.,NO.1 CHUN PIN STREET,KWAI CHUNG.N.T.",,kwunshin@netvigator.com,,亚洲,C
KWONG YUEN MACHINERY & HARDWARE (1976) SDN.BHD.,马来西亚,五金,SUNG SIEW THONG,0060 3 92213188/92213302,0060 3 92229013,"203,JALAN SUNGEI BESI,KUALA LUMPUR",57100,,,亚洲,B
KYODO SEPARETA KOGYO KK,日本,五金,"SAITO, AKIRA",0081 467 76 0506,0081 467 76 6875,"8-53, KAMITSUCHIDANANAKA 3-CHOME AYASE-SHI, KANAGAWA 2521113",,,,亚洲,S
"KYODO INTERNATIONAL CO., LTD.",日本,五金,Y. Saito,0081 3 35532991,0081 3 35532977,"14-7, Hatchobori 4-chome, Chuo-ku, Tokyo 104-0032.",,,,亚洲,S
KYDYBMAEV JANYBEK,吉尔吉斯,五金,,00996 502 588230,00996,"BISHKEK,DOBDOI,1633",,,,其他,C
KYATCHA KK,日本,五金,SHIBATA HARUHIRO,0081 6 66960151,0081 6 66960256,"2-10, ABIKO 1-CHOME, SUMIYOSHI-KU OSAKA-SHI, OSAKA 5580014",,,,亚洲,S
Kwong Tuck Loong(Pte)Ltd,新加坡,五金,Au Yeong Yuen,0065 62938173,0065 62935123,"Blk 640,Rowell Road #01-74, 200640, Singapore",,,,亚洲,A
KWONG THAI TRADING GLASS MERCHANT,新加坡,五金,LIM CHOKE YEE,0065 63446083/64405051,0065 63456898,275 JOO CHIAT ROAD,42752,,,亚洲,A
KWONG TECK CHIONG TRADING CO.,马来西亚,五金,TIONG CHOU CHIONG(PATRICK),0060 82 578128/579128/577128/108890456,0060 82 578178,"25A,LOT 341,BLOCK 226,KONG PHIN ROAD,93250 KUCHING,SARAWAK,EAST",,ktctcc@pd.jaring.my,,亚洲,B
KWONG LEI FERRENGS,澳门,五金,LEUNG V.J. CLARICE,00853 921128,00853 921345,NO:4 TRAVESSA DO ARMAZEM VELHO,,,,其他,C
KWONG BROS & CO.,毛里求斯,五金,AH-WAH KWONG,00230 2422908,00230 2413892,"29,LOUIS PASTEUR STREET,PORT LOUIS",,kwongbros@intnet.mu,,其他,C
KWOK WAH MATERIALS CO.,香港,五金,WONG KWOK FAI,00852 29591895,00852 29591875,"G/F.,389 CASTLE PEAK RD.,CHEUNG SHA WAN,KOWLOON",,,,亚洲,C
KWH Plast (Danmark) A/S,丹麦,五金,SUSSIE DEOLDBACH,0045 46 40 55 55,0045 46 40 51 31,"Ejbyvej 7, Rye, 4060, Kirke Saaby",,sales.denmark@kwhplast.com,http://www.kwhplast.com,欧洲,A
"KWANGMYUNG B.M INTERNATIONAL CO., LTD.",韩国,五金,"BAE, YOUNG-TAE",0082 (02)412-4208,0082 (02)413-2788,"RM 209, HAEKWANG B/D, 181-6, SAMJON-DONG, SONGPA-GU, SEOUL",138-180,,,亚洲,A
KWANG HING HONG INDUSTRIAL SDN.BHD.,马来西亚,五金,KHO THONG HIN,0060 82 483251/481720/198393699,0060 82 483252,"LOT 1043,SECTION 66,BINTAWA INDUSTRIAL ESTATE,JALAN MERSAWA,KUCHING,SARAWAK",93714,kh_brout@yahoo.com,,亚洲,B
KUWAIT CARPENTRY WORKSHOPS,科威特,五金,ANTONIOS RASHID SARKIS,00965 471 8154,00965 472 3794,"P.O. BOX 3431, 4TH RING ROAD,SAFAT 13035",,,,亚洲,B
KUWES INDUSTRY CORPORATION,台湾省,五金,STEVE LAI,00886 2 23660680/23660690,00886 2 23660650/23656700,"21FL-2,NO.91,ROOSEVELT ROAD,SEC.2,TAIPEI (P.O.BOX:70-275,TAIPEI)",,kuwes@ms18.hinet.net;kicgroup@ms19.hinet.net,,亚洲,C
KUWAIT DEVELOPMENT & TRADING,科威特,五金,ABDUL R. AL-SALEM,00965 481 9144,00965 481 9059,"P.O. BOX 707,SAFAT 13008",,,,亚洲,B
KUWAIT CONTROLS CO.,科威特,五金,ISMAEL ALI ISMAEL,00965 241 8830,00965 243 3698,"P.O. BOX 20298,SAFAT 13062",,kcc@ncc.moc.kw,,亚洲,B
KURIYAMAKANAMONO SENTA KK,日本,五金,"KURIYAMA, GUNJIRO",0081 47 343 8241,0081 47 346 4107,"2843, MABASHI MATSUDO-SHI, CHIBA 2710051",,,,亚洲,S
KUWAHARA KANAMONOTEN KK,日本,五金,"KUWAHARA, MINORU",0081 96 362 0135,0081 96 3620137,"718-2, NAKANOTSUBO, HONJO-MACHI KUMAMOTO-SHI, KUMAMOTO 8600816",,,,亚洲,S
KUVENI TEX (PVT) LTD.,斯里兰卡,五金,RAJA KULASEKARA,0094 11 956158,0094 11 956158,"65/2,GUNASEKARA MAWATHA,MATHUMAGALA",,,,亚洲,C
KUSHAL CONSTRUCTIONS K.N. IMPEX,印度,五金,SAILESH AGARWAL,0091 40 3353064/9849018632,0091 40 3354086,"8-2-470,ROAD NO.1,BANJARA HILLS,HYDERABAD,A.P.",500034,kushal_hyd@hotmail.com,,亚洲,C
KURIBAYASHI SHOJI KK,日本,五金,"KURIBAYASHI, TADASHI",0081 256 92 4511,0081 256 92 7084,"14-1, HINODE-CHO, YOSHIDA-MACHI NISHIKAMBARA-GUN, NIIGATA 9590231",,,,亚洲,S
KRB ENTERPRISES,巴基斯坦,五金,KHALID RASHID BUTT,0092 42 5764076/5759631/5759638,0092 42 5710619,178/SCOTCH CORNER UPPER MALL SCHEME LAHORE,54000,krb@brain.net.pk,,亚洲,C
Krauskopf,德国,五金,Dipl. Kfm. Michael Krauskopf,0049 40 6 70 85 50,0049 40 6 70 22 56,"Kiebitzhoern 15-17, DE 22885, Barsbuettel",,,www.btg-sluechl.de,欧洲,S
"KRAUSE & SCHEELAR, INC.",美国,五金,Ray Schuld,001 425 883 1243,001 425 885 6116,"9289 151ST AVE NE, REDMOND, WA 98052",,kands@knscheelar.com,www.krauseandscheelar.com,北美洲,S
KU'S ART HOUSE,台湾省,五金,KU CHI HSING,00886 89 850656/850366/926619555,00886 89 851990,NO.81 CHI HUI RD.CHENG KUNG BURG TAITUNG COUNTY,,jimmy.ku@msa.hinet.net,HTTP://TW.BID.YAHOO.COM/BOOTH/JIMMYKU2000,亚洲,C
KURT TICARET ISPIRTO BAYII VE HIRDAVAT CESITLERI,土耳其,五金,AHMET MUTU,0090 212 5132017/5141346/5357496557,0090 212 5280368/5193736,KANTARCILAR CAD.NO:11 TAHTAKALE EMINONU ISTANBUL,,ahmetmutu@superonline.com,,亚洲,B
KUROYANAGI KANAAMITEN GS,日本,五金,"KUROYANAGI, TOYOKAZU",0081 532 37 2001,0081 532 45 5026,"24, SETO, YAMADA-CHO TOYOHASHI-SHI, AICHI 4418101",,,,亚洲,S
KURODA S.A.DE C.V.,墨西哥,五金,ING.JUAN MANUEL KURODA SAN,0052 667 7163400,0052 667 7162800,"BRAVO Y JUAN JOSE RIOS CULIACAN,SINALOA",,culiacan@kuroda.com.mx,,北美洲,B
KURNIA JUTA SDN. BHD.,马来西亚,五金,ALAN LIM KWANG HUI,0060 3 42945586/42945587/16 2280222,0060 3 42945612,"NO.19,JALAN KENCANA 18,TAMAN KENCANA,56100 KUALA LUMPUR",,kumlajuta@hotmail.com,,亚洲,B
KURITA KANAMONO KK,日本,五金,"KURITA, MITSURU",0081 89 945 1200,0081 89 941 7250,"3-13, TAKEWARA 2-CHOME MATSUYAMA-SHI, EHIME 7900053",,,,亚洲,S
KURASHIGE DENDO KOGU KK,日本,五金,"KURASHIGE, EISUKE",0081 3 3854 1651,0081 3 3856 0362,"11-16, NISHIARAI 7-CHOME ADACHI-KU, TOKYO 1230841",,,,亚洲,S
KURAMASU KANAMONO KK,日本,五金,"KURAMASU, ATSUKO",0081 126 22 3190,0081 126 22 3498,"1-32, KOMAZONO 1-CHOME IWAMIZAWA-SHI, HOKKAIDO 0680834",,,,亚洲,S
KURAI CO LTD,日本,五金,"KURAI, MASAHIRO",0081 256 64 3933,,"1514-1, KOSEKI TSUBAME-SHI, NIIGATA 9591286",,,,亚洲,S
"KUOK CHEONG DEVELOPMENT & INVESTMENT CO.,LTD.",澳门,五金,VAN PHILIPPE,00853 369593/369594,00853 369596,RUA DE MANUEL DE ARRIAGA 13 G.F.,,,,其他,C
KUO NGUONG CHAI & SONS ENTERPRISE SDN.BHD.,马来西亚,五金,KUO ING SING,0060 84 348796/322892/198863796,0060 84 349796,"23,1ST FL.,TAMAN PUSAT TANAHWANG,JLN.PEDADA,SIBU.,SARAWAK (G.P.O.L/B 18,N.C.S.50282,96009 SIBU,SARAWAK)",96000,,,亚洲,B
KUMUAN ENTERPRISES,印度,五金,MR.RATAN SINGH,0091 5946 262204/9412172860,0091,"DWARIKAPURI,GASS GODAWN ROAD,KUSHUMKHERA.HALDWANI,DISTT.NAINITAL(UTTARANCHAL)",263139,rsing_25@rediffmail.com,,亚洲,C
KUMAR METALCO,印度,五金,AMIT JAIN,0091 571 410543,0091 571 410545,"2-A/10,MANSINGH GATE,ALIGARH",202001,ajain@kumeco.com,www.kumeco.com,亚洲,C
"KUMAR AGRICULTURE STORE,HAPUR",印度,五金,SHASHI JAIN,0091 120 2752521,0091,"G.T ROAD,HAPUR",,,,亚洲,C
Kum Yuen Hardware Dealers(Pte)Ltd,新加坡,五金,James Chia,0065 63580931,0065 63580932,"Blk 3,Everton Park #01-77, 080003, Singapore",,,,亚洲,A
KUNITA KK,日本,五金,"KUNITA, ICHIRO",0081 6 6471 9666,0081 6 64745997,"14-18, NOZATO 1-CHOME NISHIYODOGAWA-KU OSAKA-SHI, OSAKA 5550024",,,,亚洲,S
KUNISADA KK,日本,五金,SHIBUKI HIDEAKI,0081 3 3629 7111,0081 3 36204467,"4-3, MUTSUGI 4-CHOME, ADACHI-KU, TOKYO 1210052",,,HTTP://WWW.KUNISADA.CO.JP,亚洲,S
KUMPULAN RAHMAN BROTHERS SDN BHD,马来西亚,五金,TAN TIEN LIM,0060 3 9816244/9879076/107776235,0060 3 9816276,"NO.8,JALAN 4/91A TAMAN SHAMELIN PERKASA,3 1/2 MILES JALAN CHERAS,KUALA LUMPUR",56100,,,亚洲,B
KUMPULAN HARDWARE SDN.BHD,马来西亚,五金,CHEW ENG KIAN,0060 3 87366616,0060 3 87365520,"LOT 10,SECTION 10,JALAN BUKIT,KAJANG,SELANGOR DARUL EHSAN",43000,superchew@hotmail.com,,亚洲,B
"KUMHO HARDWARE CO.,LTD.",韩国,五金,PIAO CHENG XU,0082 31 9054673,0082 31 9054675,SEOUL,,lntwmkr@chollim.net,,亚洲,A
"KUMHO HARDWARE CO., LTD.",韩国,五金,"KIM, KIL-SU",0082 02-3775-1701/2,0082 (031)905-4675,"14-8,9 YO-UIDO-DONG, YONGDUNGPO-GU, SEOUL",150-010,,WWW.KUMHOHARDWARE.COM,亚洲,A
KUME KANAMONO YK,日本,五金,"KUME, TOSHIHIKO",0081 794 82 3120,,"MIKIKANAMONOOROSHISHOGYODANCHI, 63-31, OMURA MIKI-SHI, HYOGO 6730404",,,,亚洲,S
KUMAMOTO CO LTD,日本,五金,KUMAMOTO HIROSHI,0081 6 67231221,0081 6 67230219,"3-10, KANAMONO-CHO, HIGASHIOSAKA-SHI, OSAKA 5770815",,sales@kumamoto.com,WWW.KUMAMOTO.COM,亚洲,S
KUKDONG YANGHENG,韩国,五金,YOON SUN HWANG,0082 2 22724739,0082 2 22851398/5841394,"NO.142,RIP JUNG-DONG,JOONG-GU,SEOUL,(KUMDO B/D NO.102),(C.P.O.BOX 5564 SEOUL)",,kdyhh@shinbiro.com,,亚洲,A
KUM SUNG HARDWARE,韩国,五金,J. D. KWON,0082 51 6431001/6469357,0082 51 6322273,"476-1,CHWACHON-1DONG,DONG-GU,PUSAN",601051,,,亚洲,A
Kulenkampff & Konitzky Import + Export GmbH,德国,五金,A. Heinzel,0049 421 16 09 00,0049 421 1609050,"oelmuehlenstrasse 11/13, DE 28195, Bremen",,info@kulkuni-imex.de,,欧洲,S
KULDEEP SPORTS INDUSTREIS,印度,五金,KULDEEP SINGH,0091 181 252338/252061/9814037361,0091,"W.S.52 BASTI SHEIKH,JALANDHAR",144002,,,亚洲,C
KUKU ENTERPRISES,印度,五金,MR.VINOD KUKREJE,0091 571 2403621,0091 571 2403086,"D-32,INDL.ESTATE,ALIGARH",202001,,,亚洲,C
KUJAKU TRADING COMPANY,日本,五金,"KATAYAMA, SHOICHI",0081 794 82 6503,0081 794 82 7212,"223-1, IWAMIYA MIKI-SHI, HYOGO 6730412",,,,亚洲,S
KUHN RIKON,美国,五金,RUDY KELLER,001 415-461-3927,001 415-461-1048,"350 BON AIR CTR STE. 240, GREENBRAE, CA 94904",,,www.kuhnrikon.com,北美洲,S
KUHARA BYORA KK,日本,五金,KUHARA KENICHI,0081 75 681 5211,0081 75 671 4333,"17, KISSHOIN KURUMAMICHI-CHO, MINAMI-KU KYOTO-SHI, KYOTO 6018315",,,,亚洲,S
KUGISEI KK,日本,五金,NAKAZAWA SHINICHI,0081 3 3312 6411,0081 3 33120723,"3-1, KOENJIMINAMI 3-CHOME, SUGINAMI-KU, TOKYO 1660003",,,,亚洲,S
KUGICHU SHOTEN KK,日本,五金,"NISHIMURA, HARUO",0081 729 72 0485,0081 729 71 8124,"3-17, KIYOSU 1-CHOME KASHIWARA-SHI, OSAKA 5820006",,,,亚洲,S
Kugellager Fiedler GmbH & Co. KG,德国,五金,Wolfgang Busch,0049 4105 6 88 60,0049 4105 68 86 40,"Maschener Schuetzenstrasse 55-57, DE 21220, Seevetal",,maschen@kugellagerfiedler.de,http://www.kugellagerfiedler.de,欧洲,S
KUGE KK,日本,五金,"KUGE, YOSHIHIRO",0081 725 41 7172,0081 725 45 3060,"10-30, TAKATSUKIKITA 2-CHOME, TADAOKA-CHO SEMBOKU-GUN, OSAKA 5950801",,,,亚洲,S
"KUENCHYI METAL ENTERPRISE CO., LTD.",台湾省,五金,JUNG-HUI CHANG,00886 4 7612142,00886 4 7526803,"NO.18 LANE 33 ,CHANGLU RD., CHANGUA TAIWAN",,kc2252@ms45.hinet.net,,亚洲,C
Kuehner Industrievertretungen GmbH,德国,五金,Dipl. Ing. Armin Kuehner,0049 7121 9 27 70,0049 7121 92 77 10,"Werastrasse 45-D72764, Reutlingen",,info@kuehner.de,http://www.kuehner.de,欧洲,S
KOYO KOGYO CO,日本,五金,"NAKAGAMI, CHIKAYOSHI",0081 6 6762 0714,,"3-9, ANDOJI-MACHI 2-CHOME CHUO-KU OSAKA-SHI, OSAKA 5420061",,,,亚洲,S
KUDO KOKI KK,日本,五金,KITAMURA SHUZO,0081 3 3982 9101,0081 3 3988 1808,"37-2, IKEBUKURO 2-CHOME, TOSHIMA-KU, TOKYO 1710014",,,,亚洲,S
KUBOKANAAMI KK,日本,五金,"KUBO, TORU",0081 3 3662 4141,0081 3 36624145,"7-8, NIHOMBASHI KODEMMA-CHO CHUO-KU, TOKYO 1030001",,,,亚洲,S
KUANJING ENTERPRISES SDN. BHD.,马来西亚,五金,SIM SIOW CHENG,0060 86 337322/317322/198856322,0060 86 337323,"LOT 2933,SUBLOT 1605,BLOCK 32,JLN.SG.NYIGU,BINTULU,SARAWAK (P.O.BOX 213,97007 BINTULU,SARAWAK)",97000,,,亚洲,B
KT WORKSHOP INC,日本,五金,"KIDO, SEIICHI",0081 3 5758 7196,0081 3 5758 7197,"24-1, NAKA-MACHI 5-CHOME SETAGAYA-KU, TOKYO 1580091",,,,亚洲,S
KSY MARKETING PTE LTD.,新加坡,五金,ERIC KOH,0065 62667500,0065 62667344,17 BENOI CRESCENT,629980,ksymktg@singnet.com.sg,,亚洲,A
Kruyt B.V.,荷兰,五金,Mr. J.H. Stork,0031 71 5899203,0031 71 5410200,"Nieuwenhuizenweg 19, NL 2314 XP, Leiden",,kruyt@gkl.nl,www.kruyt.nl,欧洲,A
Krueger Motoren- und Ersatzteilvertriebs-GmbH,德国,五金,Siegfried Krueger,0049 231 51 90 30,0049 231 5 19 03 21,"Kasseler Strasse 12, DE 44143, Dortmund",,jwgerlach@sk-vertrieb.de,WWW.SK-VERTRIEB.DE,欧洲,S
KRS CONSULTING,美国,五金,,001 4086151553,001 408 6151553,"12222 WOODSIDE DRIVE, SARATOGACA 95070,U.S.A.",,shahryar_shahsavari@yahoo.com,,北美洲,S
Kroschke sign-international GmbH,德国,五金,Rolf Maass,0049 531 31 83 18,0049 531 31 81 51,"Daimlerstrasse 20, DE 38112, Braunschweig",,onlineshop@kroschke.com,http://www.kroschke.com,欧洲,S
Kroenlein Bau- u. Wohnbedarf GmbH + Co.,德国,五金,Dipl. Kfm. Ulrich Herrmann,0049 9721 77 50,0049 9721 77 51 05,"Carl-Zeiss-Strasse 15, DE 97424, Schweinfurt",,info@kronlein.de,WWW.KROENLEIN.DE,欧洲,S
KRISHNA PAINT & HARDWARE STORE,印度,五金,SUNIL MAHAJAN,0091 11 3865515/3868178,0091 11 3865515/3868178,"201,OLD LAJPAT RAI MARKET,CHANDNI CHOWK,DELHI-110006",,kphs_sunil@rediffmail.com,,亚洲,C
KRAEMER & FELDMANN GMBH,德国,五金,JOCHEN RICHTER,0049 40 231221,0049 40 231222,"SPALDINGSTRABE 64,20097 HAMBURG",,kraefeld@aol.com,www.exporthouse.de,欧洲,S
Krachten Scandinavia AB,瑞典,五金,,0046 36 18 65 70,0046 36 314131,"Box 3095, Industrigatan 10,S-550 03 Jonkoping,Sverige",,info@emka.se,http://www.emka.se,欧洲,A
KOBAYU KK,日本,五金,KOBAYASHI KIYOSHI,0081 3 3619 3111,0081 3 36193110,"35-1, OSHIAGE 1-CHOME, SUMIDA-KU, TOKYO 1310045",,kobayu@msm.com,WWW.KOBAYU.CO.JP,亚洲,S
KOBAYASHI-RI KANAMONO CO LTD,日本,五金,"KOBAYASHI, TAKUJI",0081 794 82 0380,0081 794 83 2355,"5-74, SUEHIRO 2-CHOME MIKI-SHI, HYOGO 6730403",,,,亚洲,S
KOBAYASHI SHIGERU SHOKAI KK,日本,五金,KOBAYASHI SHIGERU,0081 256 63 9791,0081 256 63 9745,"226-3, SAKURA-MACHI, TSUBAME-SHI, NIIGATA 9591281",,,,亚洲,S
KOBAYASHI ICHIJI KK,日本,五金,"KOBAYASHI, NORI",0081 256 34 1671,0081 256 35 6640,"19-8, HIGASHI URADATE 2-CHOME SANJO-SHI, NIIGATA 9550081",,,,亚洲,S
KOBAYASHI BYORA KK,日本,五金,KOBAYASHI BOURA,0081 6 69390521,0081 6 69390520,"8-20, FURUICHI 2-CHOME, JOTO-KU OSAKA-SHI, OSAKA 5360001",,,,亚洲,S
KOBASHI SHOKAI KK,日本,五金,"KOBASHI, ICHIRO",0081 3 3895 3106,0081 3 3895 3250,"31-7, TABATASHIN-MACHI 1-CHOME KITA-KU, TOKYO 1140012",,,,亚洲,S
KOBAA CO FOR TRADING(IMP & EXP),埃及,五金,MOHAMED M.BAAGAR,0020 45 3304020/3330896,0020 45 3318754/3304020,ELBEHERA.DAMANHOUR.ELMWAZEEN ST.,,kobaaco@hotmail.com,,非洲,C
KOS JAPAN CO LTD,日本,五金,"CHUNG, CHANG SEEK",0081 6 6543 4724,,"3-3, KITAHORIE 1-CHOME NISHI-KU OSAKA-SHI, OSAKA 5500014",,,,亚洲,S
KO WING KEE,香港,五金,KO SHING JENG,,,"156,RECLANATION ST.,KOWLOON",,,,亚洲,C
KNUT MARTIN HEGG,挪威,五金,KNUT MARTIN HEGG,0047 91 117104,0047 33 004713,HVITTINGFOSSVEIEN 215 N-3080 HOLMESTRAND,,,,欧洲,A
KNUST INVESTMENTS PTY LTD.,澳大利亚,五金,STEVEN KNUST,0061 7 49784567/407 157583,0061 7 49784567,QUEENSLAND,,knuinvests2@hotmail.com,,大洋洲,S
KNIGHTBROTHER INT'L LTD.,尼日利亚,五金,BILL SUN,00234 1 2661228,00234 1 2661028,"GREAT NIGERIA HOUSE 11st FLOOR , 47/57 MARTINS ST., LAGOS",,sun@alpha.linkserve.com,,非洲,C
KOSUMO KANAMONO KK,日本,五金,"WATANABE, OSAMU",0081 45 902 1721,0081 45 902 6696,"30-7, UTSUKUSHIGAOKANISHI 2-CHOME AOBA-KU YOKOHAMA-SHI, KANAGAWA 2250001",,,,亚洲,S
KOYO TEKKU KK,日本,五金,HONKO EIICHI,0081 6 67886456,0081 6 67886538,"4-12, MIKURIYANISHINO-CHO 1-CHOME, HIGASHIOSAKA-SHI, OSAKA 5770037",,,,亚洲,S
KOYO KANAAMI KK,日本,五金,"AOYAMA, TSUNEO",0081 6 6788 8551,0081 6 6788 0045,"3-2, MIKURIYANISHINO-CHO 1-CHOME HIGASHIOSAKA-SHI, OSAKA 5770037",,,,亚洲,S
KOYAMA KANAMONO KK,日本,五金,KOYAMA KOICHI,0081 53 441 4471,0081 53 442 1537,"67-1, HIGASHI WAKABAYASHI-CHO, HAMAMATSU-SHI, SHIZUOKA 4328052",,,,亚洲,S
KOWLING COMPANY LIMITED,香港,五金,JACKY WONG,00852 27331133/27331130,00852 23694815,"1180,11/F,HITEC,1 TRADEMART DRIVE,KOWLOON BAY,KOWLOON",,gzo@kowling.com,,亚洲,C
Kovametalli-IN Oy,芬兰,五金,Ilkka Nikula,00358 9 54 89 16 90,00358 9 512 2721,"Palokarjent 2, FI 02660, Espoo",,kovametalli.in@megabaud.fi,,欧洲,A
"KOURYU INTERNATIONAL CO.,LTD",日本,五金,RYUHEI YUMINAGA,0081 52 9341009/9019859372,0081 52 9341089,ROOM548 TOKAN-BUILD NO.2-3-7 HIGASHISAKURA HIGASI-KU NAGOYA,461-8508,yuminaga@go4.enjoy.ne.jp,,亚洲,S
KOTOYORI KK,日本,五金,"KOTOYORI, KEIICHIRO",0081 45 311 5351,0081 45 311 5354,"341-12, SENGEN-CHO 4-CHOME NISHI-KU YOKOHAMA-SHI, KANAGAWA 2200072",,,,亚洲,S
KOTOBUKI SOGYO KK,日本,五金,"KIMURA, HIROYOSHI",0081 55 975 7051,0081 55 975 9904,"1157, NAGASAWA, SHIMIZU-CHO SUNTO-GUN, SHIZUOKA 4110905",,,,亚洲,S
KOTAKAYA KK,日本,五金,SAKURAI YASUHIRO,0081 256 38 4461,,"917-3, YANAGAWA SHINDEN, SANJO-SHI, NIIGATA 9550002",,,,亚洲,S
KOTA KINABALU HARDWARE TRADERS ASSOCIATION,马来西亚,五金,MR.LIU,0060 88 715187/715237,0060 88 711816/434173,"LOT 39,2ND FLOOR,BLOCK E,DBKK NO.14-2,LINTAS SQUARE,JALAN LINTAS,KOTA KINABALU. (P.O.BOX NO.20142,88758 LUYANG,KOTA KINABALU,SABAH)",88300,,,亚洲,B
KOSRAE SERVICE STAR INC.,密克罗尼西亚联邦,五金,BRIAN A.ROGERS,00691 3703122,00691 3703338,601 TAFUNSAK LANE KOSRAE,96944,brogers@mail.fm,,其他,C
KOSION TRADING (M) SDN. BHD.,马来西亚,五金,ANDREW J.Y.SHU,0060 3 58825533/19 3348648,0060 3 58826252,"NO.14,JALAN INDUSTRI PBP 5,TAMAN PERINDUSTRIAN PUSAT BANDAR PUCHONG,47100 PUCHONG",,kosion@tm.net.my,WWW.KOSION.COM,亚洲,B
KOSHUYA KK,日本,五金,"SHINDO, TSUNEHIRO",0081 264 22 2161,0081 264 232161,"5347-1, KISOFUKUSHIMA-MACHI KISO-GUN, NAGANO 3970001",,,,亚洲,S
KOSHO SANGYO KK,日本,五金,"OTSUKI, HIKARU",0081 438 36 4121,0081 438 36 4124,"19-2, SHIOMI 6-CHOME KISARAZU-SHI, CHIBA 2920834",,,,亚洲,S
KOSHO KANAMONO KK,日本,五金,"KOSHO, KUNITOSHI",0081 6 6723 1291,0081 6 6723 1570,"12-4, KANAMONO-CHO HIGASHIOSAKA-SHI, OSAKA 5770815",,,,亚洲,S
"KOSHO CO.,LTD.",驻华采购商,五金,YI HUA XUE,0086 662 3151350,0086 662 3151351,"W3 OF JINJIAO TRADE-COLLECTEO TOWN,YANGJIANG CITY,GUANGDONG",529500,yjyhx@public.yangjiang.gd.cn,,其他,C
"KOSHIYAMA CO.,LTD.",日本,五金,KOSHIYAMA,,,NOSHIRO CITY KAWATOGAWA AZA OSUGA 100,016-0171,,,亚洲,S
KOSHIN LTD.,日本,五金,XIUJUAN SUN,0081 75 9546114,0081 75 9551927,"12 KAMI-HACHINOTSUBO,KOTARI,NAGAOKAKYO-CITY,KYOTO",,x-sun@koshin-ltd.co.jp,WWW.KOSHIN-LTD.CO.JP,亚洲,S
KOSEGAWA KK,日本,五金,KOSEGAWA YOSHITAKA,0081 197 63 3251,,"1-25, HONGOKU-CHO 1-CHOME, KITAKAMI-SHI, IWATE 0240093",,,,亚洲,S
KOSEDA TRADING ENTERPRISES,新加坡,五金,HENRY S.D.WONG,0065 67437042,0065 67496848,"NO.68,LORONG 16,GEYLANG RD.,#02-05(RM.5),ASSOCIATION BLDG.",398889,wghsbw@pacific.net.sg,,亚洲,A
KOSAKAKIZAI KK,日本,五金,"KOSAKA, JUNKO",0081 166 75 4469,,"228-34, AKEBONO 1-JO 3-CHOME ASAHIKAWA-SHI, HOKKAIDO 0700061",,,,亚洲,S
KORNIIILL MERCHANDISING,菲律宾,五金,ANTONIO YOUNG,0063 2 3640403/3653263,0063 2 3342435,"15-A TAGDALIT STREET MANRESA, QUEZON CITY",,metalink@edsamail.com.ph,,亚洲,B
KOREX INTERNATIONAL LIMITED,香港,五金,EDDISON K.K.KO,00852 25422670,00852 25444849,"1/FL,FLAT F,NO.19,SEA BIRD LANE,DISCOVERY BAY,LANTAU ISLAND(G.P.O.BOX 5668)",,korexint@hkstar.com,,亚洲,C
"KOREA CORP CO,LTD",韩国,五金,KIM JUNG SHIK,0082 (053)591-0815,0082 (053)583-0004,"100-45, KALSAN-DONG TALSO-GU, TAEGU",704-170,kcrng@yahoo.co.kr,,亚洲,A
Koolschijn Delft BV,荷兰,五金,G. Koolschijn,0031 15 2517171,0031 15 2517189,"Rotterdamseweg 352, NL 2628 AT, Delft",,info@koolschijn.nl,WWW.KOOLSCHIJN.NL,欧洲,A
"KOREA TWOSTAR CO.,LTD",韩国,五金,"PARK, SEONG-HEYON",0082 (02)2264-3394,0082 (02)2264-3397,"SHINSONG B/D. 104-10, ULJIRO 3-GA, CHUNG-GU, SEOUL",100-193,,,亚洲,A
"KOREA SEJIN T.S CO.,LTD",韩国,五金,Q.H.PIAO,0082 51 3118173,0082 51 3118175,"NO.306 HYESUNG PRAZA,#334-10,AMNAM-DONG,SEO-KU PUSAN",,ksj8173@hanmail.net,,亚洲,A
KOREA LIGHT INDUSTRY TRADING CORP.,朝鲜,五金,RI CHOL,00850 2 3818139/4214716,00850 2 3814410/3817807,POTONGMUNDONG CENTRAL DIST.,,,,其他,C
KORARU SABISU KK,日本,五金,SHIMIZU KEIJIRO,0081 48 268 3535,0081 48 268 5654,"10-18, MINAMIMAEKAWA 2-CHOME, KAWAGUCHI-SHI, SAITAMA 3330846",,,,亚洲,S
"KIU FONG ENTERPRISE CO.,LTD.",台湾省,五金,TINA CHEN,00886 2 27826666/27826668,00886 2 27827896,"NO.2 ALLEY 49,LANE 149,SEC. 3, NANKANG RD (P.O.BOX 3219,TAIPEI)",115,jackc@seed.net.tw;jackc@tpts5.seed.net.tw,WWW.KIUFONG.COM,亚洲,C
KITWE PROCESSING LIMITED,赞比亚,五金,M.P.PATEL,00260 2 225643/224784,00260 2 222875,508 ACCRA ROAD.KITWE (P.O.BOX 22520 KITWE),,mp9131@yahoo.com,,其他,C
KITTYHAWK MANUFACTURING,美国,五金,MS SHERYL CARLUCCI,001 707 9357870,001 707 9382453,"23982 ARNOLD DRIVE, SONOMA CA 95476, USA",,slcarlucci@aol.com,,北美洲,S
KOOI KEE HIM SDN. BHD.,马来西亚,五金,SIN CHEE HONG,0060 4 2620042/2622488,0060 4 2620157,"142,CARNARVON STREET,10100 PENANG",,,,亚洲,B
"KOO&KAO PRODUCTS ENTERPRISE CO.,LTD.",台湾省,五金,Mr. TOMMY KOO,00886 2 86654874,00886 2 86654876,"1FL,NO.23,HSIN PAO 1ST.STREET,HSIN TIEN,TAIPEI HSIEN",,tommy906@ms8.hinet.net,,亚洲,C
KONYO KK,日本,五金,,0081 256 45 6161,0081 256 456166,"345, FUKUSHIMA SHINDEN TEI, SAKAE-MACHI, MINAMIKAMBARA-GUN, NIIGATA 9591155",,konyo@konyo.co.jp,HTTP://WWW.KONYO.CO.JP,亚洲,S
KONVENMARINA,挪威,五金,MORTEN BERNER,0047 22 55 03 64,0047 22 65 40 65,"FROGNERSTRANDA 4,N-0271 OSLO",,,WWW.KONVENMARINA.NO,欧洲,A
"KOCH MACHINERY & SYSTEMS, LTD.",美国,五金,"HANS J. MEIER,",001 404 7995666,001 678 4445100,"2130, JACKSON PKWY. N.W.,ATLANTA,,GA",GA 30318,,WWW.KOCHMA.COM,北美洲,S
KOCHIKEN KANAMONO KK,日本,五金,"TOGO, MASAO",0081 887 53 1888,0081 887 53 1666,"113-1, KAMIKAIDA, TOSAYAMADA-CHO KAMI-GUN, KOCHI 7820056",,,,亚洲,S
KOCHI TOTANHAMBAI KK,日本,五金,"IWAMURA, HISAO",0081 88 866 2424,,"571-15, OTSU KO KOCHI-SHI, KOCHI 7815102",,,,亚洲,S
KMS CONSULTING,美国,五金,,001 9195452323,001 9195459717,"380 MT. VIEW CHURCH ROAD, U.S.A.",,kaytonnc@earthlink.net,,北美洲,S
Knappehuset,挪威,五金,Dagmar Grotle Hansen,0047 55 53 93 00,0047 55 53 93 93,"Hesthaugvegen 16, NO 5119, Ulset",,,,欧洲,A
Knape & Vogt Manufacturing,美国,五金,Allan E. Perry,001 616-459-3311,001 888-451-9233,"2700 Oak Industrial Dr., Grand Rapids, MI 49505, USA",,,WWW.KNAPE.COM,北美洲,S
KNAACK MFG.CO.,美国,五金,RANDY HYDE,001 815 3012304,001 815 4590027,"420 EAST TERRA COTTA,CRYSTAL LAKE,ILLINOIS",60014,,WWW.KNAACK.COM,北美洲,S
KM TECHMARINE,新加坡,五金,MICHAEL HAN,0065 65660371/98636142,0065 65626736/65660371,BLK 14 HILLVIEW AVENUE #05-1422,660014,kinley@singnet.com.sg,WEB.SINGNET.COM.SG/-KINLEY,亚洲,A
KM INTER-MARKETING SDN. BHD.,马来西亚,五金,K.M.FOONG,0060 3 92853126/92855984/193181269,0060 3 92852692,"P.O.BOX 6235 PUDU,KUALA LUMPUR",55720,kminter88@hotmail.com/kminter@tm.net.my,,亚洲,B
KLUGSEN GMBH,德国,五金,MOORMANN,0049 431 54 00 40,0049 402 3701201,"Schreberweg 1, DE 24119, Kiel",,info@klugsen.de,www.klugsen.de,欧洲,S
KLG/JAYA AGENCY,马来西亚,五金,AIK LAI CHOO,0060 3 33717517/33717557/122232231,0060 3 33732393,"1ST,FLOOR,MENARA A&M NO.3,JALAN ISTANA KLANG,SELANGOR D.E.",41000,elsie_aik@hotmail.com,,亚洲,B
KLEIFARA'S WHOLESALE IMPORT,冰岛,五金,WU ZHENQING,00354 587 5868/8634252,00354 587 8690,"KLEIFARASI 6,110 REYKYAVIK",,kleifaras@simnet.is,,其他,C
"KLEE, BRD. A.S.",丹麦,五金,MICHAEL,0045 43 86 83 33,0045 43 86 83 88,"GADAGERVEJ 11,DK-2620 ALBERTSLUND",,klee@brd-klee.dk,www.brd-klee.dk,欧洲,A
KL FORKLIFT PARTS SDN.BHD.,马来西亚,五金,SAM TAY,0060 3 90741133/192617788,0060 3 90761188,"56,56A,JALAN SERI AMAN,TAMAN SERI AMAN, BATU 8,CHERAS,SELANGOR",43200,cpchen8@pd.jaring.my,WWW.KL-FORKLIFT.COM.MY,亚洲,B
Kjaer A/S,丹麦,五金,FLEMMING KJAER,0045 66 15 50 20,0045 66 15 50 21,"Teglvaerksvej 21, DK 5220, Odense So",,kjaerodense@mail.dk,,欧洲,A
KIYO CO LTD,日本,五金,"FUJITA, MOTOHIRO",0081 794 82 2304,0081 794 82 9462,"477-10, KOBAYASHI, BESSHO-CHO MIKI-SHI, HYOGO 6730434",,kh-kiyo@yacht.ocn.ne.jp,,亚洲,S
KIYA & CO LTD,日本,五金,KATO TOSHIO,0081 3 3241 0111,0081 3 3241 0119,"5-6, NIHOMBASHI MURO-MACHI 1-CHOME, CHUO-KU, TOKYO 1030022",,,WWW.KIYA-HAMONO.CO.JP,亚洲,S
KIWA BENDA KOGYO KK,日本,五金,KITAYAMA HIROFUMI,0081 73 477 3434,,"411-4, OGURA, WAKAYAMA-SHI, WAKAYAMA 6496261",,,,亚洲,S
KITTRICH CORPORATION,香港,五金,EVE TANG,00852 23024033,00852 23024233,"UNIT 7,10TH FLOOR,113 ARGYLE STREET,KLN.",,evet@kittrich.com;samc@kittrich.com,,亚洲,C
KITTIICH,美国,五金,HARRY I.KUPERSCHMIDT,001 856 4898796,001 856 7511879,"1892 GREENTREE ROAD,SUITE 3 CHERRY HILL,NEW JERSEY",08003,,,北美洲,S
KITAGAWA KOGYO CO LTD,日本,五金,"ARAKI, HIDEO",0081 848 46 1550,0081 848 46 3655,"14-24, HIGASHIONOMICHI ONOMICHI-SHI, HIROSHIMA 7220051",,kitagawa@ono.ne.jp,,亚洲,S
KITCHENPLAST,印度,五金,AMIT PANDIT,0091 281 2226646,0091 281 2703657,"PANDIT STORE BUILDING , PRAHLAD ROAD,RAJKOT",360001,kitchenplast@yahoo.com,WWW.KITCHENPLAST.COM,亚洲,C
KITCHEN PLAST,印度,五金,AMIT PANDIT,0091 281 226646/603657,0091 281 607657,"GHAR BASAKE DEKHO BUILDING,PRAHLAND ROAD,RAJKOT,GUJARAT",360001,amritkitchenplast@hotmail.com,,亚洲,C
KITCHEN LINE,沙特阿拉伯,五金,SAAD NAJA,00966 2 2325554,00966 2 2325559,JEDDAH (P.O.BOX 118747),21312,saad_naja@yahoo.com,,亚洲,B
KITANIHON KAPENTA KK,日本,五金,"KUROSAWA, YOSHIHIRO",0081 11 812 8688,0081 11 824 0321,"2-27, CHUO 1-JO 3-CHOME SHIROISHI-KU SAPPORO-SHI, HOKKAIDO 0030011",,,,亚洲,S
KITANIHON BUSSAN CO LTD,日本,五金,NOMIZU SHIGEKATSU,0081 256 64 3111,0081 256 64 4516,"30, BUTSURYU CENTER 2-CHOME, TSUBAME-SHI, NIIGATA 9591277",,,,亚洲,S
KITAMURA SHOTEN KK,日本,五金,KITAMURA NORIO,0081 1242 2 8824,,"517-5, KAMI ASHIBETSU-CHO, ASHIBETSU-SHI, HOKKAIDO 0791371",,,,亚洲,S
KITAMURA SHOKAI KK,日本,五金,KITAMURA RIWAKO,0081 468 61 2501,0081 468 61 5207,"446-15, TAURAMINATO-CHO, YOKOSUKA-SHI, KANAGAWA 2370071",,,,亚洲,S
KIT KAT CASH & CARRY,南非,五金,AHMED GANI,0027 12 3276100/837822786,0027 12 3276103,"327 CHURCH STREET WEST,SHOP C3,ASIAN COMPLEX,20 SHUBART STREET (P.O.BOX 19798,PRETORIA WEST 0117)",,ahmed@kitkat.co.za,WWW.KITKAT.CO.ZA,非洲,C
KITAKI SHOKO KK,日本,五金,"KITAKI, TOSHIAKI",0081 6 6972 3621,0081 6 6971 5450,"11-17, NAKAMICHI 3-CHOME HIGASHINARI-KU OSAKA-SHI, OSAKA 5370025",,,,亚洲,S
KITAGAWA RENJI SHOTEN GS,日本,五金,"KITAGAWA, HIDEO",0081 532 45 7131,,"KASAMATSU 65-2, NISHIMIYUKI-CHO TOYOHASHI-SHI, AICHI 4418113",,,,亚洲,S
KISHU FASTENER CO LTD,日本,五金,"NAKAE, YOSHIHIRO",0081 6 6723 8800,0081 6 67236545,"3-53, WAKAEMINAMI-MACHI 5-CHOME HIGASHIOSAKA-SHI, OSAKA 5780943",,,,亚洲,S
KISHINO KINZOKU CO LTD,日本,五金,"KISHINO, SHIZUKO",0081 729 58 2555,,"16-3, HAKUCHO 3-CHOME HABIKINO-SHI, OSAKA 5830856",,,,亚洲,S
KINTA ENGINEERING & HARDWARE SDN.BHD.,马来西亚,五金,JAMIE S.F.LEONG,0060 5 2541064/2543117/165421888,0060 5 2534711,"13,MARKET ST.,IPOH,PERAK",30000,jleong8@tm.net.my,,亚洲,B
KINSHOLD SDN.BHD.,马来西亚,五金,PETER TIEW SII NENG,0060 88 425775/429667/729668/198809025,0060 88 424327,"LOT 5&6,ENG CHUAN HING IND.LOT,(OPPOSITE INANAM BARU)PHASE 3,10KM,JALAN TUARAN,INANAM.(P.O.BOX A317,89357 INANAM,KOTA KINABALU,SABAH)",,knshold@po.jaring.my/tiewsii@tm.net.my,,亚洲,B
KINGSLEY ENGINEERING CO.LTD.,香港,五金,LOUIS LAU,00852 26415398/91963321,00852 26415398,"SHOP NO.32,1/F.,FU FAI GARDEN,MA ON SHAN,N.T.",,jin44321@ctimail.com,,亚洲,C
KINDLE TRADING CO.,香港,五金,AJAX K. HO,00852 25417813,00852 25435411,"14TH FLOOR,SHUM TOWER,268 DES VOEUX ROAD CENTRAL,SHEUNG WAN",,kindlehk@netvigator.com,,亚洲,C
Kirkby Jig & Tool Co. Ltd,英国,五金,K. Roche,0044 151 546 2681,0044 151 546 4937,"Bradman Road, Knowsley, Industrial Park (North), Kirkby, GB L33 7UR, Liverpool",,kroche@kjat.fsnet.co.uk,,欧洲,S
KIRTI MISTRY AND ASSOCIATES,印度,五金,KIRTI MISTRY,0091 2742 53536,0091 2742 58868,"12,SHAKTI NAGAR,MANSAROWAR ROAD,PALANPUR",385001,kkmistry_ad1@sancharnd.com,,亚洲,C
KIRPALANI'S LIMITED,苏里南,五金,SHYAM J. KIRPALANI,00597 471400,00597 410527,DOMINEESTRAAT 52-56 P.O.BOX 251 OR 1917 PARAMARIBO,,kirpa@sr.net,WWW.KIRPALANI.COM,其他,C
KIRIUCHINE(L.L.C.),俄罗斯联邦,五金,Mr. KIRIUCHINE P.,007 812 4462664,007 812 4462664,"80/5-66 OKTUABRSKAUA ST., ST.PETERSBURG",,,,其他,C
KIRANS IMPEX (H.K.) LTD.,香港,五金,R.SUNDER KUMAR,00852 28543018,00852 28543315,"11/F,CHAMPION BLDG.,BLK,A-C,287-291 DES VOEUX ROAD CENTRAL(NO.1 CLEVERLY STREET)",,kumar@kirans.com.hk,,亚洲,C
Kipp Werk,德国,五金,,0049 7454 79 30,0049 7454 7 93 33,"POSTFACH 1160,D-72168 SULZ/NECKAR",,sales@kipp.com,http://www.kippwerk.de,欧洲,S
KIONG TIONG SDN. BHD.,马来西亚,五金,ANTHONY CHIENG YONG TIONG,0060 84 311762/335524,0060 84 326911,"6B,LANANG ROAD,P.O. BOX 1525,96008 SIBU,SARAWAK",,,,亚洲,B
KION HUA TRADING (SARAWAK) SDN. BHD.,马来西亚,五金,LAW KAH UONG,0060 82 338217/338219,0060 82 338223,"LOT 1420,JALAN MERANTI,PENDING INDUSTRIAL ESTATE,93450,P.O. BOX 3112,93760 KUCHING,SARAWAK",,,,亚洲,B
KINKI KIGYU MARKETING(M)SDN.BHD.,马来西亚,五金,CHAN TIANG SENG,0060 4 2610722/2617322/124088378,0060 4 2628357,"242,JALAN BRICK KILN,PENANG",10300,kinki_m@tm.net.my,WWW.KINKI_M.COM.MY,亚洲,B
KINGSWORLD FAR EAST ENTERPRISES,香港,五金,JAI LAKHWANI,00852 27213894,00852 27214065,"8/F.,ROOM A2,PAK ON BUILDING,105 AUSTIN ROAD,JORDAN,KOWLOON",,smnd108@excite.com,,亚洲,C
KINGSWAY MANAGEMENT SERVICES CO.,马来西亚,五金,CHIAM HAN TWEE,0060 3 41498128/19 3510330,0060 3 41423128,"14-2,JALAN 4A/27A,SECTION 2,WANGSA MAJU,KUALA LUMPUR",53300,,,亚洲,B
Kingsland Engineering Co. Ltd,英国,五金,R. De Marez,0044 1263 822153,0044 1263 825667,"Weybourne Road, GB NR26 8H, Sheringham",,tooling@kingslandeng1.demon.co.uk,http://www.kingsland.com;WWW.HACO.COM,欧洲,S
KINGSTONE TRADING LTD.,美国,五金,吴珍镐,001 713 9756031/9756030/8006472836,001 713 9751578,"8648 GLENMONT,#150 HOUSTON",TX 77036,bk@beautykingdom.com,WWW.BEAUTYKINGDOM.COM,北美洲,S
KINGSTON ASSOCIATES,美国,五金,Mr. PETER LARSON,001 770 9311616,001 770 9311898,"5034 SINGLETON ROAD-NORCROSS,GA",GA 30093,fkainc@bellsouth.net,WWW.KINGSTONASSOCIATES.COM,北美洲,S
Kingsbury Engineering (B'ham) Ltd,英国,五金,Mike Darby,0044 121 377 6383,0044 121 377 6694,"842 Kingsbury Road, Erdington Birmingham B24 9PS",,office@kingsbury-eng.com,http://www.kingsbury-eng.com,欧洲,S
KINGFISHER TECHNOLOGY SDN.BHD.,马来西亚,五金,KOK YOON FUN,0060 3 92004310,0060 3 92004310,"58A-2B,JALAN PANDAN CAHAYA,2/3 PANDAN CAHAYA,AMPANG,SELANGOR D.E.",68000,kingfisher_int@hotmail.com,,亚洲,B
King & Co. (1744) Ltd,英国,五金,Ronald R. H. Dacre,0044 1325 380808,0044 1325 381863,"3A-5A Meynell Road, GB DL3 0XA, Darlington",,kings_hardware@yahoo.com,http://www.thomsonbrothers.co.uk,欧洲,S
KING WAN CONSTRUCTION PTE LTD,新加坡,五金,SIOW NYEOK KHOON,0065 63684300/90183300,0065 63657675,8 SUNGEI KADUT LOOP,729455,kwc@kingwan.com.sg,WWW.KINGWAN.COM,亚洲,A
KING TRADERS,巴基斯坦,五金,,0092 42 7350734,0092 42 7350734,"20-LAKSHMI MANSION.BEHIND HALL ROAD,THE MALL,LAHORE",,fiazrafiq@yahoo.com,,亚洲,C
KING STAR INDUSTRIAL (H.K.) COMPANY LIMITED,香港,五金,WINNIE CHAN,00852 27099221,00852 27099767,"UNIT 13,12/FL.,NEW CITY CENTRE,2 LEI YUE MUN ROAD,KWUN TONG,KOWLOON",,ksihk@netvigator.com,WWW.FASHIONBAG.COM.HK,亚洲,C
"KING POINT ENTERPRISE CO.,LTD",台湾省,五金,DAVID HUANG,00886 7 3362278,00886 7 3369577/3368587,11F-1 NO.2 CHUNG SHAN 2ND ROAD KAOHSIUNG,,patta@ms31.hinet.net,WWW.PATTA.COM.TW,亚洲,C
KING MACHINERY INC,美国,五金,JASON LONG,001 626 8108811,001 626 8107711,"1110 Fullerton Rd., Rowland Heights,CITY OF INDUSTRY,CA 91748-1206",,sljason@mail.hz.zj.cn,,北美洲,S
KING LIU PRODUCTION CO.,台湾省,五金,赖意珺,00886 2 25610088,00886 2 25231177,"NO.40,HSIN-SHENG N.RD.,SEC.2,TAIPEI",,chia-ming@umail.hinet.net,,亚洲,C
KING GROUP,台湾省,五金,CHING-TUNG CHEN,00886 5 2332456/912991618,00886 5 2333604,"NO.336,SYH-WEI ROAD,CHIAYI",,king168.a2001@msa.hinet.net,,亚洲,C
KING CONSULTING,美国,五金,DICK KING,001 4255034736,001 4254838244,"14707 NE 164TH STWOODINVILLE,WA.98072,U.S.A.",,dick.king@verizon.net,,北美洲,S
KING BRIDGE LTD.,香港,五金,ALBERT C.C.LAI,00852 23319801,00852 27518111,"ROOM 2221-23,METRO CENTRE PHASE 2,21 LAM HING STREET,KOWLOON BAY,KOWLOON",,cclai@kingbridgeltd.com,,亚洲,C
Kinedyne,美国,五金,Steve Atzeni,001 785-841-4000,001 785-841-3668,"3701 Greenway Cir., Lawrence, KS 66046-5442",,alzeni@kinedyne.com,WWW.KINEDYNE.COM,北美洲,S
KINDRACO HARDWARE SDN. BHD.,马来西亚,五金,MICHAEL C.H. TEH,0060 3 40253388/123032393,0060 3 40252078/40252079/40232859,"NO.23 & 25,JALAN 3/50,DIAMOND SQUARE OFF JALAN GOMBAK,KUALA LUMPUR",53000,kindraco@tm.net.my,WWW.KINDRACO.COM.MY,亚洲,B
KIN LUNG TRADING CO.HONG KONG,香港,五金,CHENG YUE SING,00852 28110513,00852 28114783/28110513,"FLAT 2,A/F,KAI YUEN LANE HOK ON BLDG NO.2,NORTH POINT",,,,亚洲,C
KIN KEI HARDWARE INDUSTRIES LIMITED,香港,五金,DAVE Y.F.LEUNG,00852 25616788,00852 25639115,"NO.704,7/F.,EASTERN CENTRE,1065 KING'S RD.(TAI KOO MTR A1 EXIT)(BOX 8177 G.P.O.)",,kinkeico@netvigator.com;info@hardware.com,WWW.HARDWARE.COM.HK,亚洲,C
KIM LEE HONG TRADING CO.,马来西亚,五金,TAN SWEE CHUANG,0060 82 338118/338119/198883328,0060 82 480409,"LOT 2184,JLN. KILANG,PENDING INDUSTRIAL ESTATE SECTION 66,KUCHING,SARAWAK(P.O.BOX 2459,93748 KUCHING)",93450,,,亚洲,B
KIM LAI SHING,美国,五金,P NONALD,001 4078882188,001 4078882112,"2250 PRINCIPALROW ORLANDO,FL 32837,U.S.A.",,ilovebuddha@hotmail.com,,北美洲,S
KINBOSHI CORPORATION,日本,五金,林通宏,0081 794 62 2391,0081 794 635211,"10,HON-MACHI,ONO-SHI,HYOGO",675-1372,kinboshi@golden-star.co.jp,HTTP://GOLDEN-STAR.CO.JP,亚洲,S
KERVAN IMPORT-EXPORT GROB-UND EINZELHANDEL,德国,五金,FIDAN CETIN,0049 951 203140,0049 951 202655,OBERE KONIGSTRABE 14 D-96052 BAMBERG,,kervan14@gmx.net,,欧洲,S
Kertoy Ltd,爱尔兰,五金,Mr. Frank H F Kerins,00353 96 22366,00353 96 21964,"Castle Road, Ballina",,,,欧洲,A
Kerswell Tooling Services Ltd,英国,五金,W. J. Davies,0044 1792 812101,0044 1792 814575,"Britannic Way, Llandarcy, GB SA10 6E, Neath",,,WWW.KERSWELLTOOLINGSERVICE.COM,欧洲,S
KERRY COLLECTION INTL,美国,五金,Joseph Stewart,001 760-931-0191,001 760-931-0191/888 5497650,"6072 Corte Del Cedro, Carlsbad, CA 92009-1514, USA",,,WWW.KERRYCOLLECTTION.COM,北美洲,S
KERO TRADING PRIVATE LIMITED COMPANY,埃塞俄比亚,五金,Mr. MUHEDIN FARIS,00251 1 563076/550670,00251 1 550588,"P.O.BOX 14108,ADDIS ABABA",,kero@telecom.net.et,,其他,C
"KINCAID FURNITURE COMPANY,INC.",美国,五金,Mr. MARVIN L. OLIVER,001 828 7262814,001 828 7280266,"240 PLEASANT HILL ROAD/P.O. BOX 605 BUDSON,NC",28638,marvin oliver@kincaidfurniture.com,WWW.KINCAIDFURNITURE.COM,北美洲,S
KIN HENG TIMBER INDUSTRIES SDN.BHD.,马来西亚,五金,LEONG CHEE WAI,0060 5 201 1435,0060 5 201 1898,"LOT 14855, 1/2 MILE, TANJUNG,RAMBUTAN ROAD, CHEMOR 31200",,kinheng88@hotmail.com,,亚洲,B
KIN CHI TRADING CO.LTD.,香港,五金,KIN-MAN CHAN,,,"7/F.,FLAT C-D,CENTRE MARK II,305-313 QUEEN'S ROAD CENTRAL",,,,亚洲,C
"KIN CHI INTERNATIONAL DEVELOPMENT CO.,LTD.",香港,五金,CHEN JIAN MIN,00852 25458566,00852 25414662,"7/F.,FLAT C-D,CENTRE MARK II, 305-313 QUEEN'S ROAD,CENTRAL",,hkkcid@netvigator.com,,亚洲,C
KIN AH TRADING CO.,香港,五金,MANDY WONG,00852 24269836,00852 24898618,"UNIT 9, 12/F., PROFIT IND.BLDG., 1-15 KWAI FUNG CRESCENT, KWAI CHUNG,KOWLOON",,trade@kinah.com,WWW.KINAH.COM,亚洲,C
KIMURASEIBEE SHOTEN KK,日本,五金,"ISHIZUKI, TERUHISA",0081 3 3624 4321,0081 3 3623 5946,"1-5, AZUMABASHI 2-CHOME SUMIDA-KU, TOKYO 1300001",,,,亚洲,S
KIMURA NEJI SANGYO KK,日本,五金,"KIMURA, KENTARO",0081 6 6251 4646,,"12-13, SHIMANOUCHI 1-CHOME CHUO-KU OSAKA-SHI, OSAKA 5420082",,,,亚洲,S
KIMURA KANAMONOTEN YK,日本,五金,"KIMURA, SHIGERU",0081 287 37 0151,0081 287 36 5118,"178, NISHIMISHIMA 2-CHOME, NISHINASUNO-MACHI NASU-GUN, TOCHIGI 3292756",,,,亚洲,S
KIMURA BORUTO KK,日本,五金,"KIMURA, YOSHITO",0081 3 3833 6641,,"4-2, TAITO 1-CHOME TAITO-KU, TOKYO 1100016",,,,亚洲,S
KIMSON LIMITED,香港,五金,FRED LO,00852 27289534,00852 21483778,"RM.13,BLOCK 401,4/F.,LAI CHEONG FACTORY BUILDING,479 CASTLE PEAK ROAD,KOWLOON",,kimsonhk@netvigator.com,,亚洲,C
KIMMY TRADING COMPANY LIMITED,香港,五金,KEVIN LY,00852 25285388/90229965/13802993752,00852 25285383,"15/F,FLAT D,FLOURISH FOOD MANUFACTURING CENTRE,18 TAI LEE STREET,YUEN LONG,N.T.",,info@kimmyco.com.hk,WWW.KIMMYCO.COM.HK,亚洲,C
Kimet Oy,芬兰,五金,MEKAOJOKIMEM,00358 9 2 74 62 30,00358 9 2 75 92 35,"Hiekkakuopant 5, FI 04300, Tuusula",,myynti@kimet.fi,http://www.kimet.fi,欧洲,A
KIMA MUSIC PRODUCTS CORP.,美国,五金,PETER CHOU,001 626-960-6086,001 626-337-5628,"4513 LITTLEJOHN ST, BALDWIN PARK, CA 91706-2239",,loure@kimamusic.com,,北美洲,S
KIM TECK STAINLESS TRADING,马来西亚,五金,LIM KIM TECK,0060 7 9141080/197152270,0060 7 9431848,"24,JALAN SERIKAYA 11,BANDAR SEGAMAT BARU,SEGAMAT,JOHOR",85000,,,亚洲,B
"KIM SENG LTD.,PART.",泰国,五金,TERM LAOHASUWATANAKUL,0066 2 2220706/2243611/2243526,0066 2 2243611,"573-575 MAHAJAK RD.,SUMPUNTAWONG BKK.",10100,,,亚洲,B
KIM NQUAN,泰国,五金,MR.SURIN CHANTSAKULDAI,0066 2 4680208/4680083,0066 2 8762439,泰京吞武里吻卡罗颂绿拍昭达信路#942-#944,10600,paisang@hotmail.com,,亚洲,B
KIM LIAN HARDWARE (S) SDN.BHD.,马来西亚,五金,CHAI FUH CHIN,0060 82 333098/333096,0060 82 333098,"NO.33,JLN DATUK ABANG ABDUL RAHIM,P.O.BOX 2887,KUCHING SARAWAK",93450,evosys@tm.net.my;sunkim@tm.net.my,,亚洲,B
KIKAKU KOGYO KK,日本,五金,ENDO KOICHI,0081 285 22 4101,0081 284 224150,"2-11, JOTO 4-CHOME, OYAMA-SHI, TOCHIGI 3230807",,,,亚洲,S
"KIJPAISAL HARDWARE LTD.,PART.",泰国,五金,TOSAPOL TANG,0066 2 2156079/2167092/2161352/98134600,0066 2 2151641,"928/17-18 RAMA 6 RD.,THANONPETBURI,RATCHATEWI,BANGKOK",10400,,,亚洲,B
KIM KONG HARDWARE(SARAWAK)SDN.BHD.,马来西亚,五金,KHO KHAI BENG,0060 82 248362/259718,0060 82 420399,"280,YUN PHIN BUILDING,PADUNGAN ROAD,93100 KUCHING,SARAWAK E.(P.O.BOX 3123,93760 KUCHING,SARAWAK,EAST)",,khoth@tm.net.my,,亚洲,B
KIM KONG HARDWARE (SABAH) SDN. BHD.,马来西亚,五金,MOO SWEE SZE,0060 88 421689/421690/198216797,0060 88 421692,"W.D.T. NO. 255,KOTA KINABALU,SABAH",88902,,,亚洲,B
KIM KONG HARDWARE (M) SDN.BHD.,马来西亚,五金,LEE AH TEONG,0060 4 262 7761,0060 4 262 9511,"35, KIMBERLEY ST.,10100 PENANG, GEORGETOWN",,leeahteong@tm.net.my,,亚洲,B
KIM KIAT HONG HARDWARE ALUMINIUM(M)SDN.BHD.,新加坡,五金,NG SEE SING,0065 64821783,0065 64821783,"BLK 5064,ANG MO KIO INDUSTRIAL PARK 2,#01-1341/1343",569567,,,亚洲,A
KIM JUO ENTERPRISE,马来西亚,五金,LEE NAN SAN,0060 4 7301518/124307425,0060 4 7301519,"NO. 3,TAMAN ENGGANG,BATU 2,JALAN LANGGAR,05460 ALOR SETAR,KEDAH DARUL AMAN,WEST",,,WWW.KIMJOO.COM,亚洲,B
KIM HOO VENTURES KIM HOO PLYWOOD MARKETING,马来西亚,五金,S. S. SHU,0060 4 3248455/3325455,0060 4 3329445,"6223,JALAN BAGAN LALANG,TMN IND.CENGAL,BUTTERWORTH",13400,ssshu@tm.net.my,,亚洲,B
KIM HING HARDWARE SDN.BHD.,马来西亚,五金,LIM TSI KIM,0060 4 2613941/2625406/2636121,0060 4 2624936,"206 LABUH PANTAI,10300 PENANG",,roylim@pc.jaring.my,,亚洲,B
KIM HIN KUNCI SDN. BHD.,马来西亚,五金,LEE ENG HIN,0060 4 2631959/124807312,0060 4 2634917,"282,LEBUH CHULIA,PULAU PINANG",10200,,,亚洲,B
"KIM HENG SENG IMPORT LTD.,PART.",泰国,五金,MR.PRAWIT LIMSOMBUNCHAI,0066 2 2347113/2334783/15842848,0066 2 2663616,"108/4,SLANGKONG RD.,BKK.",10100,,WWW.METELTHAILAND.COM,亚洲,B
KIM GUAN METALS PTE LTD,新加坡,五金,KANG YOON,0065 62848488,0065 62800823,"457,MACPHERSON ROAD",368175,kimguan@singnet.com.sg,,亚洲,A
"KIM GUAN HUAT HARDWARE CO.,PTE. LTD.",新加坡,五金,NG SEE SING,0065 62871386/62833388/62800788/96359876,0065 62898191,"NO.9,DEFU LANE 12,INDUSTRIAL PARK E",539118,kimguanhuat@pacific.com.sg,WWW.KIMGUANHUAT.COM,亚洲,A
"KIM GUAN HUAT HARDWARE CO., PTE.LTD.",新加坡,五金,NG SEE SING,0065 62800788/62800088,0065 62898191,"BLK 5064, ANG MO KIO INDUSTRIAL PARK 2, #01-1341/1343",569567,,,亚洲,A
KIM FONG SDN.BHD.,马来西亚,五金,K.T.LEE,0060 3 79802622/79802618/192234472,0060 3 79802692,"G14,JALAN 3/115C,TAMAN KUCHAI JAYA,OFF JALAN,KUCHAI LAMA,KUALA LUMPUR",58200,kimfongs@hotmail.com,,亚洲,B
KIM BOON HUAT ENTERPRISE PTE LTD.,新加坡,五金,NG SEE SING,0065 62871386/62833388,0065 62898191,"9,DEFU LANE 12,INDUSTRIAL PARK E",539118,,,亚洲,A
KIM BEE HUAT HARDWARE(M)SDN.BHD.,新加坡,五金,NG SEE SING,0065 62871386/62833388/96359876,0065 62876116/62898191,"NO.9,DEFU LANE 12,INDUSTRIAL PARK E",539118,kimguanhuat@pacific.net.sg,HTTP://WWW.KIMGUANHUAT.COM,亚洲,A
KILITO ENTERPRISES,印度,五金,KISHORE L.JOLANI,0091 832 512063,0091 832 516186,"A/12,2ND FLOOR,PT.D.KOSSAMBI BUILDING,POST BOX NO.130,VASCO DA GAMA,GOA",403802,kishoretolani@yahoo.com,,亚洲,C
KILIC TICARET EXPORT-IMPORT,土耳其,五金,REMZI KILIC,0090 212 5116600/5322867259,0090 212 5287101/5116600,PACACI SOK.TAHTAKALE IS MERKEZI NO:31 EMINONU-ISTANBUL,,remsankilic@hotmail.com,,亚洲,B
"Kilgo, A. L.",美国,五金,Kathleen Kaauwai,001 808 8322200,001 808 8322201,"180 Sand Island Access Rd.,Honolulu, HI 96819-2232,USA",,,www.kilgo.com,北美洲,S
Kildemoes Cykelfabrik A/S,丹麦,五金,,0045 63 90 26 00,0045 63 90 26 45,"Albanivej 7, Noerre Lyndelse, 5792, Aarslev",,info@kildemoes.dk,http://www.kildemoes.dk,欧洲,A
KIKUSUI CO LTD,日本,五金,"HAMAYA, SHIGENOBU",0081 6 6768 3001,0081 6 6768 3002,"10-26, HIGASHIKOZU-CHO TENNOJI-KU OSAKA-SHI, OSAKA 5430021",,,,亚洲,S
KIKUSEI KINZOKU KK,日本,五金,"NOZAKI, KIYOTAKA",0081 52 936 3401,0081 52 936 5070,"12, KURUMAMICHI-CHO 3-CHOME HIGASHI-KU NAGOYA-SHI, AICHI 4610036",,,,亚洲,S
KIKUBOSHI,日本,五金,TAKEHANA MIKI,0081 3 3851 8221,0081 3 38518226,"20-18, ASAKUSABASHI 3-CHOME, TAITO-KU, TOKYO 1110053",,,WWW.KIKUBOSHI.CO.JP,亚洲,S
Kiinniketalo Oy,芬兰,五金,Jarmo Vilander,00358 9 2 29 29 20,00358 9 22 92 92 11,"Kuortaneenk 13, FI 00520, Helsinki",,,,欧洲,A
KIDMA LTD.,以色列,五金,SHLOMO FISHMAN,00972 3 6827130/50346916,00972 3 6825614,"105,NAHLAT BENJAMIN ST.TEL-AVIV",,naorf@barak-online.net,,亚洲,A
KIDASHOKAI KK,日本,五金,NAKAYAMA YOSHIO,0081 9808 2 2211,0081 9808 2 2495,"5-5, SHINEI-CHO, ISHIGAKI-SHI, OKINAWA 9070014",,,,亚洲,S
KIANI HOUSE,巴基斯坦,五金,TARIQ KIANI,0092 51 5598646/5962741,0092 51 2829077,"M-1621,CHOWK,KOHATI,MURREE ROAD,RWP",,kiani2000@exite.com,,亚洲,C
KIAN TUCK TRADING,马来西亚,五金,ANCY CHOO,0060 3 42961161/195575037,0060 3 42806162,"NO.6(LOT 103),JALAN 6/11,AMPANG TASIK TAMBAHAN,AMPANG,SELANGOR DARUL EHSAN",68000,ancy_choo@yahoo.com,,亚洲,B
KIAN SIN CHEONG HARDWARE TRADING,新加坡,五金,SIMON P. C. TEO,0065 62826789,0065 68582732,NO. 126 JOO SENG ROAD #01-05 GOLDPINE INDUSTRIAL BUILDING 368355,,ksc@magis.com.sg,,亚洲,A
Kian Ho Bearings Pte Ltd,新加坡,五金,FLORENCE CHAI,0065 62875866/65490535,0065 62859852/62866200,"5,Changi South Street 3",486117,"kianho@singnet.com.sg,khbpd@singnet.com.sg",http://www.kianho.com.sg,亚洲,A
"KIA HUAD PRODUCT CO.,LTD.",泰国,五金,YAO GUANJIA,0066 2 6710077/3167771/13148301,0066 2 6710580/3167774,6/804-805 TALADRAM 2 DOKMAI PRAVET BANGKOK 10250,10250,kia_huad@ksc.th.com,,亚洲,B
"KI HING TRADING CO.,LTD.",香港,五金,WAN YAU KI,00852 23600737/23860201,00852 27250919,"G/F.,324,KI LUNG STREET,SHAMSHUIPO,KOWLOON",,kh324@hkstar.com,,亚洲,C
"KHYM NEGOCE,L.DA",佛得角,五金,KAMAL HOJEIGE,00238 618400/912072,00238 612464,AV.CIDADE DE LISBOA C.P. 84/C PRAIA,,kh@cvtelecom.cv,,其他,C
KHYBER EXPORT (H.K.) CO.,香港,五金,TARIQ MAHMOOD,00852 27393172/23688591/60763498,00852 23113414,"3/FL.,FLAT-2,3-5 MINDEN ROW,STAR MANSION,T.S.T.,KOWLOON(P.O.BOX 91609,T.S.T.KLN.)",,"khyberex@asiaonline.net,khyberx@netvigator.com",,亚洲,C
KEYSTONE MFG.,美国,五金,JOHN BRUNNER,001 610-366-8818,001 610 3668825,"4696 SPRINGSIDE CT, ALLENTOWN, PA 18104-9488",,,www.kmsinc.net,北美洲,S
Kennedy & Morrison Ltd,英国,五金,R. Sibbett,0044 28 9087 0870,0044 28 9087 0871,"Boucher Road, GB BT12 6Q, Belfast",,sales@kennedymorrison.co.uk,http://www.kennedymorrison.co.uk,欧洲,S
KHIAN HENN CORP SDN.BHD.,马来西亚,五金,LIM KOK ANN,0060 6 2322184/2326062/126836633,0060 6 2322101/2310608,"LOT 69-B,JALAN USAHA 12,KAWASAN PERINDUSTRIAN AIR KEROH,MALACCA",75450,khcsb@po.jaring.my,HTTP://CUSTOMERS.ASIAEP.COM/KHIANHENN/CP1.HTM,亚洲,B
KHIAN HENN CORP SDN. BHD.,马来西亚,五金,LIM KOK KERN,0060 6 2322184/2326062/2326064/2326063/126830839,0060 6 2322101/2310608,"LOT 69-B,JALAN USAHA 12,KAWASAN PERINDUSTRIAN AIR KEROH,75450 MALACCA",,"khcsb@po.jaring.my,khcsb@tm.net.my",HTTP://CUSTOMERS.ASIAEP.COM/KHIANHENN/CP1.HTM.,亚洲,B
Kheng Hin Hardware(Pte)Ltd,新加坡,五金,Teo Joo Hiam,0065 62924133,0065 62983582,"32 Hamilton Road, 209201, Singapore",,khenghin@singnet.com.sg,,亚洲,A
KHEDIMI (UK) LTD.,英国,五金,ESSAMBELLA,0044 20 74939041,0044,"84 EMPIRE RD,LONDON",UB6 7EG,essambella@yahoo.com,,欧洲,S
KHE IMPORT & EXPORT TRADING COMPANY,马来西亚,五金,YAP,0060 7 7729039/7769039/7766611/127729039,0060 7 7719039/167290771,"NO.43,TKT.1,JALAN 1,TAMAN SRI KLUANG,86000 KLUANG,JOHOR",,,,亚洲,B
KHARRAT GROUP,黎巴嫩,五金,CHUCRI A. KHARRAT,00961 4 982417/3977020,00961 4 980386,"BIKFAYA,KHARRAT BLDG.(P.O.BOX 300 BIKFAYA)",,ackarat@inco.com.lb,HTTP://WEBS.CYBERIA.NET.LB/ACKARAT,亚洲,C
K-HARMONI SDN.BHD.,马来西亚,五金,TAN SWEE LEE,0060 4 7337022/124052378,0060 4 7310303,"NO.141,BATU 5 1/2,SEBERANG JALAN PUTRA,ALOR JANGGUS,KEDAH,WEST",06250,info@k-harmoni.com.my,WWW.K-HARMONI.COM.MY,亚洲,B
KHAN STAR CORPORATION,巴基斯坦,五金,BARRY ZHAO,0092 431 263828/3334279398/3204878280,0092 431 262136,REHMAN PURA EMINABAD GUJRANWALA,,barry_zhxb@hotmail.com,,亚洲,C
KHALIFA AL-JASSIM TRDG.& CONT.,科威特,五金,"AHMED K. AL-JASSIM, PRES.",00965 481 6144,00965 481 0715,"P.O. BOX 1355,SAFAT 13014",,cargo@kjcgroup.com,www.kjcgroup.com,亚洲,B
KHALID AL SULTAN,沙特阿拉伯,五金,,00966 6 3621247/54284021,00966 6 3651186,"P.B.NO:930,ONAIZAH,AL GASSIM",81888,,,亚洲,B
"KEYDICI INTERNATIONAL, CO.",美国,五金,,001 3058259161,001 3055520287,"9500 NW 79 AVE # 7, U.S.A.",,keydici@hotmail.com,,北美洲,S
KFC LTD,日本,五金,YOSHIDA TAKAOKI,0081 6 63634188,0081 6 63632077,"2-17, NISHITEMMA 3-CHOME, KITA-KU OSAKA-SHI, OSAKA 5300047",,,WWW.KFC-NET.CO.JP,亚洲,S
Key-Tech Trading Co Ltd,香港,五金,Mr Chi-Woo Cheung,00852 24179561,00852 24179590,"Room 1113, 11/F, Block G, Phase 2, Kwai Shing Industrial Building, 42-46 Tai Lin Pai Road, Kwai Chun",,,,亚洲,C
KEYSTONE ENTERPRISES,香港,五金,JOSEPH LEUNG,00852 28963923/28964491/28976780,00852 28965077,"RM.1003,10/F.,HONG MAN INDUSTRIAL CENTRE,2 HONG MAN ST.,CHAI WAN (P.O.BOX 54402,NORTH POINT POST OFFICE)",,keystone@netvigator.com,,亚洲,C
Keystone Castor Co.,英国,五金,I. Partridge,0044 121 772 1010,0044 121 773 1103,"Bull Ring Trading Estate,50, Green Street,Birmingham B12 0NB",,info@keystonecastors.com,http://www.keystonecastors.com,欧洲,S
"KEYDATA CO.,LTD.",台湾省,五金,RITA HU,00886 2 26910808/26910909,00886 2 26910999,"18F.,NO.176,SEC.2,HSIN TAI WU ROAD,HSI-CHIH,TAIPEI HSIEN 221",,keycon@ms33.hinet.net/keydata@ms34.hinet.net,,亚洲,C
KEY TECHNOLOGIES INTERNATIONAL LIMITED,香港,五金,JONES H.W.WONG,00852 25114383,00852 25073830,"SUITE 2905,118 CONNAUGHT ROAD WEST,WESTERN DISTRICT",,keytech@ktil.com,,亚洲,C
KEY MART,洪都拉斯,五金,SOAD DE FARAJ,00504 5581878/5534246,00504 5580126,"TERCERA AVENIDA Y CATORCE CALLE N.O.,BARRIO LAS ACACIAS,BOX 2222 SAN PEDRO SULA",,compraskeymart@imferra.com,,其他,C
KEY HARDWARE,新西兰,五金,DARYL BROWN,0064 9 2707288/800654711,0064 9 2707235/800654722,"3 FISHER CRESCENT,MT WELLINGTON,AUCKLAND(PRIVATE BAG 92207,AUCKLAND)",,daryl_brown@chubb.co.nz,,大洋洲,A
Kew Technik Ltd,英国,五金,D. R. Harris,0044 1256 864100,0044 1256 864164,"Precision Enterprise House, Rankine Road, Daneshill West, GB RG24 8P, Basingstoke",,sales@kewt.co.uk,http://www.kewt.co.uk,欧洲,S
KENDAL KING INC.,美国,五金,RON KNIGHT,001 816-453-3455,001 816-453-6511,"8800 NE UNDERGROUND DR, KANSAS CITY, MO 64161-9746",,,,北美洲,S
KEJURUTERAAN ELEKTRIK STARLITE,马来西亚,五金,THAM CHEE KEONG,0060 9 7192740/19 9581451,0060 9 7196609,"NO.PLN-A-3172,KAMPONG BELUKAR,WAKAF BHARU,KELANTAN",16250,,,亚洲,B
KEJURUTERAAN ALAT-ALAT GANTI BOGAM SDN. BHD.,马来西亚,五金,CHIN CHON,0060 9 7446216/7470431,0060 9 7442695,"5189-B,1,2 & 3,JALAN KUALA KRAI,15050 KOTA BHARU,KELANTAN",,bogam@tm.net.my,,亚洲,B
KEPPEL MARINA PTE. LTD.,新加坡,五金,STEVEN LEE,0065 6270 6665,0065 6273 7900,"337, TELOK BLANGAH RD., #01-01,SHING LOONG BLDG. 098832",,kpmarina@singnet.com.sg,WWW.KEEPLMARINA.COM,亚洲,A
KEONG HWA AUTO TRADING,马来西亚,五金,ADAM LOW KEONG HWA,0060 3 62503142/62503591/193384997,0060 3 62503857,"113,JALAN 17/42,TAMAN LAWA,OFF JALAN KUCHING,KUALA LUMPUR",51200,adamkh@pd.jaring.my,,亚洲,B
KENWA COMPANY LTD,日本,五金,"ISHII, NORIHIRO",0081 6 6945 8961,0081 6 6945 8966,"4-14, TOKUI-CHO 2-CHOME CHUO-KU OSAKA-SHI, OSAKA 5400025",,,WWW.KENWA.CO.JP,亚洲,S
KENTRUCK & COMPANY,香港,五金,KENT T.K.LEE,00852 2770 6482,00852 27707921,"3/F.,RM.310-311, HO MONG KOK SHOPPING CTR.,169-173 PORTLANDS ST.,KOWLOON",,powermate@icare.com.hk,,亚洲,C
KENTOKU CO LTD,日本,五金,"MOMIYAMA, KENJIRO",0081 6 6757 5525,0081 6 6757 5529,"10-26, TATSUMINISHI 3-CHOME IKUNO-KU OSAKA-SHI, OSAKA 5440012",,,,亚洲,S
KENT MARINE EQUIPMENT,法国,五金,MR DAVID JEGAT,0033 2 40921584,0033 2 40921316,"3 RUE DE LA DUTEE,SAINT HERBLAIN CEDEX",44815,achat1@kent-marine.com,WWW.KENT-MARINE.COM,欧洲,A
KENT,加拿大,五金,MARK RANDLES,001 506 6327936,001 506 6499314,"P.O.BOX 1200 300 UNION STREET SAINT JOHN,N.B.",E2L 4G7,randles.mark@kent.ca,WWW.KENT.CA,北美洲,S
KENSHO KK,日本,五金,OSATO MICHIRO,0081 3 3635 3691,0081 3 3635 3692,"15-11, KOTOBASHI 5-CHOME, SUMIDA-KU, TOKYO 1300022",,,,亚洲,S
Kenno A/S,挪威,五金,,0047 66 82 26 26,0047 66 80 37 10,"Sam Eydesvei 5 A, NO 1412, Sofiemyr",,postmaster@kenno.no,www.kenno.no,欧洲,A
KENNMUND E & I SDN BHD,马来西亚,五金,EDMUND TAN,0060 3 62507873/192262227,0060 3 62592677,"24-1,JALAN SEGAMBUT UTARA,SEGAMBUT 51200 KUALA LUMPUR",,kennmund@yahoo.com,,亚洲,B
KENNEY MANUFACTURING CO.,美国,五金,JEARLEY,001 4016812230,001 4017385561,"1000 JEFFERSON BLVD., WARWICK,RHODE ISLAND,02886-2201,U.S.A.",,jearley@kenney.com,www.kenney.com,北美洲,S
KAWAKI KANAMONO CO LTD,日本,五金,KAWATSURA SHUNICHI,0081 6 65383801,0081 6 65383806,"9-28, MINAMIHORIE 2-CHOME, NISHI-KU OSAKA-SHI, OSAKA 5500015",,,,亚洲,S
KAWAKAMI KANAMONO KK,日本,五金,KAWAKAMI YAICHIRO,0081 76 424 1331,0081 76 424 1339,"4-5, TACHIIDE-MACHI 2-CHOME, TOYAMA-SHI, TOYAMA 9300014",,,,亚洲,S
KAWAKAMI FACTORY,日本,五金,ITOSHI KAWAKAMI,0081 254 533030,0081 254 521660,"339-22, TSUBONE, MURAKAMI-SHI, NIIGATA 958, JAPAN",,joywood@ruby.ocn.ne.jp,,亚洲,S
"KENMARK INDUSTRIAL CO.,LTD.",台湾省,五金,STEVEN LEUNG,00886 2 25945816,00886 2 25969106/25981069,台北市承德路3段58号4F之1,,kenmark@kenmark.com.tw,,亚洲,C
KENIRENE & COMPANY,香港,五金,IRENE MAN,00852 28572221,00852 28557599,"RM.703,LUCKY COMMERCIAL CENTRE,103 DES VOEUX ROAD WEST",,kenirenehk@yahoo.com.hk,,亚洲,C
KENIER ENTERPRISE CO.,香港,五金,PETER LEUNG,00852 27817387,00852 23812492,"RM. 1805,WU SANG HOUSE,655 NATHAN ROAD,MONGKOK,KOWLOON",,,,亚洲,C
KENICE INVESTMEWT,肯尼亚,五金,HOSEAH MUCHUGU,00254 2 387770,00254 2 556423,P.O.BOX 33294 NAIROBI,,hmuchugu@yahoo.com,,非洲,C
KENG WAH HARDWARE CO.PTE.LTD.,新加坡,五金,GOH TUAN PAY,0065 63924896/96707445/97355381,0065 62964736,BLK.1 MAUDE ROAD #01-36/38,200001,kengwah1@singnet.com.sg,WWW.KENGWAH.COM,亚洲,A
KENDON INDUSTRIES (S.E.A) PTE.LTD.,新加坡,五金,EDDIE S.G.KENG,0065 3448388/96790363,0065 3453355,BLK 3016 BEDOK NORTH AVENUE 4 #02-29 EASTECH,489947,ekeng@singnet.com.sg,,亚洲,A
KEN TEST COMBINATION PRODUCTS CO.,台湾省,五金,Ms. JENNIFER TSAI,00886 4 24750098,00886 4 24712058,"23-1,182 WEN SHIN RD,SECTION 1,TAICHUNG 408(P.O.BOX:17-122 TAICHUNG)",,denniskt@ms36.hinet.net,WWW.KENTESTTOOL.COM,亚洲,C
Kemotukku Ky,芬兰,五金,Pekka Snall,00358 9 73 03 44,00358 9 73 07 55,"Lammittajank 2, Herttoniemi, FI 00810, Helsinki",,teknokemia@kemot.com,WWW.KEMOT.COM,欧洲,A
"KELLY'S HOME CENTRE, LTD.",巴哈马,五金,GREGORY KELLY,001 242 393 4002,001 242 393 4096,"P.O.BOX N-865, MARATHON MALL,NASSAU",,kellys@100jamz.com,WWW.KELLYSBAHAMAS.COM,其他,C
Kebrell Nuts & Bolts Ltd,英国,五金,Geoffrey B. Barrett,0044 20 8805 8510,0044 20 8805 1553,"Imperial Works, Lockfield, Avenue, GB EN3 7PY, Enfield",,kebrell@montal-internet.co.uk,http://www.kebrell.co.uk,欧洲,S
KEBIRAIFU KK,日本,五金,"KUBO, AKIRA",0081 89 962 7977,,"2252-4, MIYAUCHI, TOBE-CHO IYO-GUN, EHIME 7912121",,,,亚洲,S
KEBA Reklame,挪威,五金,MR.SPIKING,0047 72 47 98 00,0047 72 47 98 10,"Baerdshaug oest, NO 7301, Orkanger",,post@keba.no,www.keba.no,欧洲,A
KEIYO NEJI KK,日本,五金,"KIMURA, TSUTOMU",0081 436 21 5326,,"1-12, AOYAGI 2-CHOME ICHIHARA-SHI, CHIBA 2990102",,,,亚洲,S
KEI MAKKU KK,日本,五金,NAKAJIMA HIROAKI,0081 123 22 8150,,"1051-2, KAMIOSATSU, CHITOSE-SHI, HOKKAIDO 0660077",,,,亚洲,S
KEI FUNG METALWARE MFY.,香港,五金,S. K. WONG,00852 25586326,00852 28967135,"RM.405,HONG MAN IND. CENTRE,2,HONG MAN ST.,CHAI WAN",,,,亚洲,C
KEIHIN KANAMONO KK,日本,五金,"NAITO, YOSHITOMO",0081 44 344 8000,0081 44 344 8062,"6-8, HAMA-CHO 1-CHOME KAWASAKI-KU KAWASAKI-SHI, KANAGAWA 2100851",,,,亚洲,S
KEICO LIMITED,韩国,五金,"HWANG, MOON-SUNG",0082 (02)853-9000,0082 (02)864-8800,"197-17, KURO 3-DONG KURO-GU, SEOUL CITY",152-053,keico@keico.co.kr,WWW.KEICO.CO.KR,亚洲,A
KEI SANKO ORGANIZATION,日本,五金,"TAKASE, KATSUTOSHI",0081 3 3497 9898,,"ROYAL AKASAKA SALOON, 5-20, MOTOAKASAKA 1-CHOME MINATO-KU, TOKYO 1070051",,,,亚洲,S
KEFA INDUSTRIES CANADA CO.,加拿大,五金,SHAWN CHEN,001 416 6527182,001 416 6527751,1254 LANSDOWNE AVE.TORONTO,M6H 3Z8,kefacna@sympatico.ca,,北美洲,S
KEEPER CORPORATION,美国,五金,BOB MAKKENCHERRY,001 860 4564151 EXT.2150,001 860 4560105,"6 INDUSTRIAL PARK DRIVE,N.WINDHAM,CT",06256,bmakk@keepercorp.com,www.keepercor.com,北美洲,S
KEENSMART ASIA LTD.,香港,五金,ALBERT SUNG,00852 23447691,00852 21917409,"1202,12/F,PROSPERITY CENTER,25 CHONG YIP STREET KWUN TONG,KOWLOON",,promotec@vip.163.com,,亚洲,C
KEEN'S PRODUCTS LTD.,香港,五金,JACKIE TAM,00852 28988923,00852 28967921,"UNIT 8-10,14/F.,PHASE 2,CHAI WAN INDUSTRIAL CITY,70 WING TAI ROAD,CHAI WAN",,j.tam@keens.com.hk,WWW.KEENS.COM.HK,亚洲,C
KEEN EXPORT LTD.,加拿大,五金,M.RYLEE,001 416 5667317,001 416 4872110,"1450 HOLLAND RD.ONTARIO,P3A 3R6",P3A 3R6,ttkbeckerleg@hotmail.com,,北美洲,S
KEE CHENG HARDWARE TRADING,马来西亚,五金,LOH HOO HUAT,0060 4 2614973/2612705/104480470/124804480,0060 4 2614472,"55,MAGAZINE ROAD,PENANG",10300,ls_chew@hotmail.com,,亚洲,B
KE STORE SDN BHD,马来西亚,五金,YEOH THIAM SION,0060 3 40448320/40441890,0060 3 40448320/40439461,"470,GROUND FLOOR,WISMA TCL,BATU 3,JALAN IPOH,KUALA LUMPUR",,,,亚洲,B
KEDAI BARANG-BARANG BESI A.S,马来西亚,五金,CHEONG KIN FAH,0060 5 4958678/125157151,0060 5 4958678,"23,JLN BT 32,KWS HABU,RINGLET,C.HIGHLANDS,PAHANG",39200,,,亚洲,B
KEATE LIGHTING,美国,五金,MR.JOHN CHEN,001 718 7879633,001 718 3826882,"1889 CONEY ISLAND AVE. BROOKLYN,NY",11230,,,北美洲,S
KEAT HOOI TRADING CO.,马来西亚,五金,LIM BENG KEAT,0060 4 3332471/3329390/19 4491286,0060 4 3318929,"14,LRG.KEMPAS SATU,BAGAN LALLANG,BUTTERWORTH",13400,,,亚洲,B
KAWASAKI WIRE NETTING CO LTD,日本,五金,YAMAMURA EIJI,0081 92 411 2061,0081 92 411 2035,"3-8, TOKO 1-CHOME, HAKATA-KU FUKUOKA-SHI, FUKUOKA 8120008",,,,亚洲,S
KC NEW YORK CONSULTING,美国,五金,MR.CHENY,001 9179297736,001 2019410234,"1180 AVENUE OF AMERICAS,NEW YORK, NY10036,U.S.A.",,mrcheng@yahoo.com,,北美洲,S
KC maerkning ApS,丹麦,五金,KURT CHRESTENHEN,0045 86 27 37 44,0045 86 27 35 37,"Bjoedstrupvej 6 A, DK 8270, Hoejbjerg",,salg@kcmaerkning.dk,http://www.kcmaerkning.dk,欧洲,A
Kb Neb-sails Ky,芬兰,五金,Rikard Bjurstrom,00358 3 3 44 06 80,00358 3 3 44 06 15,"Pispalan valtat 91, FI 33270, Tampere",,rikard.bjurstrom@nebsails.fi,WWW.NEBSAILS.FI,欧洲,A
KAWAHARA KK,日本,五金,KAWAHARA TOKUICHI,0081 11 261 8131,0081 11 2215720,"5-10, KITA 2-JO HIGASHI 8-CHOME, CHUO-KU SAPPORO-SHI, HOKKAIDO 0600032",,,,亚洲,S
KAYFOAM SPECIAL ECONOMIC ZONE,印度,五金,JAYESH KAPADIA,0091 22 22843351/22843403,0091 22 22844508,"103,SIR VITHALDAS CHAMBERS,16,MUMBAI SAMACHAR MARG,MUMBAI",400023,"kayfoamsez@rediffmail.com,btcbangalore@yahoo.co.in",,亚洲,C
KAYEE EUROPE,法国,五金,JEAN-YVES MANIN,0033 1 41080088,0033 1 41088497,"41,RUE MURILLO 92170 VANVES",,kayee-europe@wanadoo.fr,,欧洲,A
KAWNEER UK LTD,英国,五金,Mr Kelvin Goodacre,0044 1928 563732,0044 1928 502501,"Astmoor Industrial Estate, Runcorn, Cheshire, WA7 1QQ",,,WWW.KAWNEEREUROPE.COM,欧洲,S
KAWI JAYA,印度尼西亚,五金,DARMAWAN WIDYARTO,0062 31 5311855/5323807/8165411755,0062 31 5311854,JL.GEMBLONGAN 65 K.J SURABAYA,,,,亚洲,B
KAWASHIMA SEIKO KK,日本,五金,KAWASHIMA MASAO,0081 6 67240500,0081 6 67325131,"10-1, KANAMONO-CHO, HIGASHIOSAKA-SHI, OSAKA 5770815",,,,亚洲,S
KAWASHIMA KK,日本,五金,KAWASHIMA SHINYA,0081 6 67230271,0081 6 67242170,"2-16, KANAMONO-CHO, HIGASHIOSAKA-SHI, OSAKA 5770815",,,,亚洲,S
KAWANO CO LTD,日本,五金,KIYONARI SHUNICHI,0081 944 33 1155,0081 944 33 2175,"213, EGEKOGA, OKI-MACHI, MIZUMA-GUN, FUKUOKA 8300415",,,,亚洲,S
KAWAN PRINTING,印度尼西亚,五金,LIM ZAINUDIN SALIM,0062 21 6696201/6618322,0062 21 6696201,"JL.RAYA TELUK GONG I NO.112,113,114.(TERUSAN BANDENGAN UTARA)",,,,亚洲,B
KAWAN LAMA SEJAHTERA PT,印度尼西亚,五金,KUNCORO WIBOWO,0062 21 5828282/5829008/816900128,0062 21 5829141/5826688,"GEDUNG KAWAN LAMA JL.PURI KENCANA NO.1,MERUYA-KEMBANGAN JAKARTA BARAT",11610,kuncoro@kawanlama.com,WWW.KAWANLAMA.COM,亚洲,B
KAWAJI SHOTEN KK,日本,五金,KAWAJI MASAJI,0081 42 752 9123,0081 42 752 9417,"14-20, AOBA 1-CHOME, SAGAMIHARA-SHI, KANAGAWA 2290024",,,,亚洲,S
KAWAHIKO KK,日本,五金,NIOMURA MINORU,0081 594 48 3083,0081 594 485326,"TAKAWARI 390-1, KATORI, TADO-CHO, KUWANA-GUN, MIE 5110102",,,,亚洲,S
KAWAGURE CO LTD,日本,五金,KANEKO MASAHIRO,0081 256 38 5011,0081 256 38 5013,"16-55, NISHI OSAKI 3-CHOME, SANJO-SHI, NIIGATA 9550033",,niejata@kawagure.co.jp,WWW.KAWAGURE.CO.JP,亚洲,S
KAWAGUCHI KOUKI CO LTD,日本,五金,KAWAGUCHI HIROSHI,0081 256 32 0421,0081 256 35 2588,"4-45, ICHINOMON 2-CHOME, SANJO-SHI, NIIGATA 9550045",,kawaguchi@kawako.com,,亚洲,S
KAWADASHOTEN KK,日本,五金,"KAWADA, YOSHIYUKI",0081 86 263 2525,,"21-46, FUKUNARI 2-CHOME OKAYAMA-SHI, OKAYAMA 7028022",,,,亚洲,S
KAWACHU KK,日本,五金,"KAWASHIMA, HAJIME",0081 778 22 1635,0081 778 24 5705,"15-10-8, YAFUNE-CHO TAKEFU-SHI, FUKUI 9150057",,,,亚洲,S
KAWABATAKANAMONO KK,日本,五金,"KAWABATA, SHOKO",0081 153 52 3625,0081 153 523627,"103-2, MINATO-MACHI, AKKESHI-CHO AKKESHI-GUN, HOKKAIDO 0881128",,,,亚洲,S
KAVATEC VOF,荷兰,五金,CHRISTIAAN J.KARS,0031 75 6401546/616210334,0031 75 6401547,BURG. VIJLBRIEFSTRAAT 8 WESTZAAN,1551 TK,kars@ibp.nl,,欧洲,A
Kavanik Ky,芬兰,五金,MR.HOM ERIK,00358 9 55 35 80,00358 9 556617,"Ulvilant 27 e, FI 00350, Helsinki",,merja.virtanen@kavanik.fi,www.kavanik.fi,欧洲,A
KATTAN BROTHR'S CO.,叙利亚,五金,M.PAMER KATTAN,00963 11 5420045,00963 11 5423403,"DAMASCUS,P.O.BOX:22340",,kattan.bros@mail.sy,,亚洲,C
KATSUYAMA CO LTD,日本,五金,KATSUYAMA YOICHIRO,0081 78 251 2512,0081 78 251 2580,"1-2, GOKO-DORI 2-CHOME, CHUO-KU KOBE-SHI, HYOGO 6510087",,,,亚洲,S
KATSURA COMPANY INC,日本,五金,NAKANO TETSUO,0081 6 62453333,0081 6 62453341,"7-25, HIGASHI SHINSAIBASHI 1-CHOME, CHUO-KU OSAKA-SHI, OSAKA 5420083",,,,亚洲,S
KATSUKI HONTEN KK,日本,五金,"KATSUKI, EIICHIRO",0081 944 73 2975,0081 944 732999,"963-1, YANAGAWA, MITSUHASHI-MACHI YAMATO-GUN, FUKUOKA 8320806",,,,亚洲,S
Katri Bussan Co Ltd,香港,五金,Mr Henry M T Lo,00852 23432866,00852 23430760,"Room 705, 7/F, Lladro Centre, 72-80 Hoi Yuen Road, Kwun Tong, Kowloon, Hong Kong",,katrihk@netvigator.com,,亚洲,C
Kato-Entex Ltd,英国,五金,Richard J. Hallam,0044 115 929 3931,0044 115 929 5773,"Glaisdale Drive, Bilborough, GB NG8 4JY, Nottingham",,springs@katoentex.demon.co.uk,www.kato-entex.co.uk,欧洲,S
KATO SHOJI COMPANY LTD,日本,五金,"KATO, TORU",0081 52 741 6030,0081 52 741 6034,"38-6, CHIKUSA 3-CHOME CHIKUSA-KU NAGOYA-SHI, AICHI 4640858",,,,亚洲,S
KATO KANAMONO KK,日本,五金,"KATO, SHINSUKE",0081 532 32 1291,0081 532 32 1295,"17-1, TONYA-CHO TOYOHASHI-SHI, AICHI 4418086",,,,亚洲,S
KATO HARDWARE CO LTD,日本,五金,"KATO, TOSHIYUKI",0081 429 85 8111,0081 429 85 8151,"K BLDG. 1129-16, TAKAHAGI HIDAKA-SHI, SAITAMA 3501213",,,,亚洲,S
KATEROLL,巴拿马,五金,TAO XIAO YAN,00507 4472543,00507 4272442,ZONA LIBRE COLON,,kateroll@cableonda.net,,其他,C
KARNIKA,印度,五金,GOPI KISHAN MOHATA,0091 33 2822429/2822036/9831000035,0091 33 2821557,"20,SHAKESPEARE SARANI,KOLKATA",700071,kclkal.@styammail.com,,亚洲,C
KATAYAMA RIVET&SCREW CO LTD,日本,五金,KATAYAMA TADASHI,0081 3 3432 3711,0081 3 3578 8056,"KYOSEI BLDG. BEKKAN, 11-4, SHIBADAIMON 2-CHOME, MINATO-KU, TOKYO 1050012",,,,亚洲,S
KATAYAMA RIKI CO. LTD.,日本,五金,KAZUYA FUJIHIRA,0081 794 826526,0081 794 821539,221-1 KASA MIKI-CITY HYOGO,673-0402,kazuya@katayama-riki.co.jp,WWW.KATAYAMA-RIKI.CO.JP,亚洲,S
KATAN WANGSA SDN BHD,马来西亚,五金,KENT KJLEE,0060 3 61374715/61388012/61386204/122366324,0060 3 61389017,"LOT 16990,17501,JALAN BESAR,TAMAN SELAYANG BARU,MUKIM BATU,68100 SELANGOR",,katanwan@tm.net.my,WWW.KATANGROUP.COM.MY,亚洲,B
KASKAS TRADING CO.,叙利亚,五金,MOHI AL-DIN KASKAS,00963 11 2324146/2324148,00963 11 2320797,"P.O.BOX:22424,DAMASCUS",,,,亚洲,C
KASHIYAMA HADO WEA KK,日本,五金,FUKUGAWA HISAYUKI,0081 92 939 3260,0081 92 939 3256,"112-1, TOBARA, KASUYA-MACHI, KASUYA-GUN, FUKUOKA 8112312",,,,亚洲,S
KASH SQUARE DECOR INC.,美国,五金,,001 6262561996,001 6262561996,"11725 GOLDRING ROAD, UNIT 2,ARCADIA,CA 91006,U.S.A.",,kattykk@charter.net,,北美洲,S
"KASEWOOD INDUSTRIAL CO.,LTD.",台湾省,五金,JAMIE HUANG,00886 3 3173536/3171759,00886 3 3165125,"15F,NO.656,TON-AN STREET,TAOYUAN",,ecspoke8@ms59.hinet.net,,亚洲,C
"KASEM YONT MACHINERY LTD.,PART.",泰国,五金,,0066 2 2141018,0066 2 2166357,"NO.187/30 CHULA SOI 30 BANTHADTHONG RD,BANGKOK",,,,亚洲,B
KARYT INTERNATIONAL(EURASIA DOORDEVICES LTD.),加拿大,五金,YATINDER MANCHANDA,001 905 7955501/8667955501,001 905 7955502,"1585,BRITANNIA RD E,UNIT D-11,MISSISSAUGA,ON",L4W2M4,karyt@vsnl.com,WWW.KARYT.COM,北美洲,S
KARSTADTQUELLE AG,德国,五金,刘鸿涛,0049 69 4041532,0049 69 4042781,"125 NUERBERGER STRAB,10532 FURTH",,,,欧洲,S
KARMY PTY. LTD.,澳大利亚,五金,NEVILLE SCHOT,0061 3 94826400,0061 3 94826540,"400 HODDLE STREET,CLIFTON HILL,MELB.VIC.AUST.3068",,schots@schots.com.au,WWW.SCHOTS.COM.AU,大洋洲,S
KARMENDRA METAL WORKS,印度,五金,KARMENDRA SHARMA(SANJAY),0091 571 2409202,0091,"H.NO.2/22,BEGUM BAGH ALIGARH",202001,,,亚洲,C
KARMANWALA HARD WARE STORE,巴基斯坦,五金,Mr. MUHAMMAD IMRAN,0092 42 7231413/7231814/3009447400,0092 42 7231814/6653786,"BEADON ROAD, LAHORE",54000,imrankhs@hotmail.com,WWW.KARMANWALA.COM,亚洲,C
KARMAM BHAGYAM CO.PTE.LTD.,尼泊尔,五金,K.L.TIBREWAL,00977 51 22356,00977 51 21856,262 ALAKHIA ROAD BIRGANJ-7,,luxmi@atcnet.com.np,,其他,C
KARL BROS. INC.,菲律宾,五金,ARSENIO CHUA,0063 2 3664921/3610660/3618994/3610746,0063 2 3613038,"166 12TH AVE., COR. 3RD ST.,CALOOCAN CITY",,,,亚洲,B
KAREEM SONS,巴基斯坦,五金,M.QAISAR,0092 42 765285,0092 42 7638561,"SHOP #2-B,MUSLIM MARKET,REHMAN GALI #.6,RAILWAY ROAD,LAHORE",,,,亚洲,C
KARILANA TRADING ENTERPRISES,特立尼达和多巴哥,五金,SHAFIAT A.KARIM,001868 6743272/6786231,001868 6743272,"GHULAM HOSEIN VILLE.34 WILLIAM STREET,SAN JUAN (P.O.BOX 2011,EL SOCORRO,SAN JUAN)",,karim23@tstt.net.tt,,其他,C
KARAZE TRADING COMPANY,叙利亚,五金,ENG.MOHAMAD KARAZE,00963 21 4447065/4468867/94290718,00963,P.O.BOX:6746 ALEPPO,,karrazeh@scs-net.org,,亚洲,C
KARAVAR CO.LTD,伊朗,五金,S.IMANZADEH,0098 21 8799778,0098 21 8799778,"NO.264,VAHID DASTGERDI STREET,BETWEEN MODARESS AND AFRICA HIGHWAY TEHRAN",,s_imanzadeh@yahoo.com,,亚洲,C
Karamco AB,瑞典,五金,,0046 8 724 84 06,0046 8 93 18 30,"Pilotg 17, SE 12822, Skarpnack",,karamco@karamco.se,www.karamco.se,欧洲,A
KARALAR TICARET VE PAZARLAMA,土耳其,五金,OMER KARA,0090 212 5220460,0090 212 5281992,UZUNCARSI SK.TARIHI TAHTAKALE HAMAMI CARSISI NO:102 ISTANBUL,,,,亚洲,B
"KARABAS, A., ""TIGER PACK"" LTD",希腊,五金,A. Karabas,0030 2310 753797-8,0030 2310 755169,"64 Filippou, Kalochori, Thessaloniki",57009,,,欧洲,B
KAR PRODUCTS INC,美国,五金,DONNA SNOPEK,001 847 296 6111,001 847 299 6893,"461 N 3RD AVE, DES PLAINES, IL 60016",,,www.karproducts.com,北美洲,S
KAPRO INDUSTRIES LTD.,以色列,五金,HOWARD MARCUS,00972 4 6986204,00972 4 6987228,KADARIM 12390,,howard@kapro.co.il,WWW.KAPRO.COM,亚洲,A
KAPITAL TECHNOLOGIES PTE. LTD.,新加坡,五金,ELAINE HONG,0065 67475960/67472002/96403808,0065 67471372,84 GENTING LANE #07-06,349584,kapital@singnet.com.sg,,亚洲,A
KAPAS INDIA,印度,五金,NISHA JAGTIANI,0091 11 6494047/6919762,0091 11 6823013,"N-10,PANSCHEELA PARK,NEW DELHI",110017,fabric777@yahoo.com,,亚洲,C
KAOSHEN METAL INDUSTRIES,马来西亚,五金,MICHAEL MOK,0060 6 9532599,0060 6 9532599,"NO. T/LLN BT 41,BATU 2 1/4,SABAK AWOR,JALAN BAKARIAH,84000 MUAR,JOHOR",,,,亚洲,B
KAOH SIUNG TRADING SDN.BHD.,马来西亚,五金,CHONG EE LIM,0060 3 80757011/80757012,0060 3 80757015,"NO.10,JALAN RAJAWALI 3,BANDAR PUCHONG JAYA,PUCHONG,SELANGOR DARUL EHSAN",47100,kaohsiung@pd.jaring.my,,亚洲,B
KAO YANG ENTERPRISES.,台湾省,五金,LIAD WEN PIN,00886 4 7626933,00886 4 7626931,"NO.19,JIHSIN LANE,MAHSING VLLAGE,HSIUSHUI HSIANG,CHANGHUA HSIEN",504,a7517031@ms59.hinet.net,,亚洲,C
KANUMAYA KK,日本,五金,"SUZUKI, YOHEI",0081 24 933 3222,,"1, OMORISHINDEN, YATSUYAMADA, FUKUYAMA-MACHI KORIYAMA-SHI, FUKUSHIMA 9638051",,,,亚洲,S
Kantec,瑞典,五金,,0046 620 172 01,0046 620 102 41,"Djupov 14, SE 88131, Solleftea",,kantec@telia.com,,欧洲,A
KANTAS CO LTD,日本,五金,KANO HISAYOSHI,0081 6 65410874,0081 6 65410870,"10-3, SHIN-MACHI 3-CHOME, NISHI-KU OSAKA-SHI, OSAKA 5500013",,,,亚洲,S
KANAZAWA SHOKKI SENTA KK,日本,五金,"WAKAMIYA, YOSHIHITO",0081 76 233 0100,0081 76 233 2165,"16-21, SAINEN 1-CHOME KANAZAWA-SHI, ISHIKAWA 9200024",,,,亚洲,S
KANSAI RIBETTO SABISU KK,日本,五金,NISHIFUJI YOSHIHARU,0081 6 67442441,0081 6 67442439,"23, HONJO NISHI 3-CHOME, HIGASHIOSAKA-SHI, OSAKA 5780965",,,,亚洲,S
"KANSAI GUANGDONG TRADING & INVESTMENT CO.,LTD.",香港,五金,TSUTOMU KATAYAMA,00852 25257166,00852 27248857,"ROOM 1201-2,12/F.,TERN PLAZA,5 CAMERON ROAD,TSIMSHATSUI,KOWLOON",,kgc@mail.hkisl.net,WWW.KGCHK.COM,亚洲,C
KANSAI FUREMU SEISAKUSHO YK,日本,五金,"KAWASHIMA, MASAHIKO",0081 88 884 2111,0081 88 884 2117,"29-20, MINAMIKAWAZOE KOCHI-SHI, KOCHI 7800082",,,,亚洲,S
KANEHISA KK,日本,五金,HIGAKI CHIZUKO,0081 95 818 5111,0081 957 26 3787,"1-25, SAKAE-MACHI, NAGASAKI-SHI, NAGASAKI 8500875",,,,亚洲,S
KANEHIRO KANAMONO KK,日本,五金,"KANEHARA, KIKUO",0081 6 6722 1233,0081 6 6722 1441,"10-24, URIUDO 2-CHOME HIGASHIOSAKA-SHI, OSAKA 5780946",,,,亚洲,S
KANSAI FRAME MANUFACTURING CO.,日本,五金,KAWSHIMA SHOJIRO,0081 88 8842111/9026237716,0081 88 8842111/8842117,"29-20 MINAMIKAWAZOE,KOCHI CITY,KOCHI PREF",780-0082,s-kawashiam@sunbm.co.jp,,亚洲,S
"KANO INTERNATIONAL CO.,LTD.",韩国,五金,RYAN.S.NAH,0082 2 4083461/1191483461,0082 2 4083463,"4F,KEUMA B/D,31-3,KARAK-DONG,SONGPA-GU,SEOUL",138-169,ryan@homebasic.co.kr/kano2000@korea.com,WWW.HOMEBASIC.CO.KR/WWW.HOMEBASICMALL.COM,亚洲,A
KANNOUS FOR TRADING,叙利亚,五金,M.RIAD KANNOUS,00963 11 2246393/93373717,00963 11 2247303,DAMASCUS MANAKHLIA ST.P.O.BOX:36587,,,,亚洲,C
KANNO SANGYO KK,日本,五金,KANNO NORIO,0081 22 238 3721,0081 22 238 7255,"10-13, MIYACHIYO 1-CHOME, MIYAGINO-KU SENDAI-SHI, MIYAGI 9830044",,,,亚洲,S
KANKYOKINZOKU KOGYO KK,日本,五金,"OGAMI, TAKAMICHI",0081 93 931 3194,0081 93 9231356,"9-1, KATANO SHIN-MACHI 2-CHOME KOKURAKITA-KU KITAKYUSHU-SHI, FUKUOKA 8020062",,,,亚洲,S
KANKYO GIKEN KK,日本,五金,"TAMURA, YUSAKU",0081 25 284 0221,0081 25 285 7770,"33-26, AMIGAWARA 2-CHOME NIIGATA-SHI, NIIGATA 9500964",,,,亚洲,S
KANGLIDA INTERNATIONAL INC.,美国,五金,HARVEY LEE,001 718 5589000,001 718 5588609,"95-40 157TH STREET JAMAICA,NY",11433,kldintl@hotmail.com,,北美洲,S
KANGFU USA INT''L LLC,美国,五金,MIKE,001 310-965-0381,001-310-965-0299,"1618 W,ROSECRANS GARDENA,CA 90249,U.S.A.",,casual_sz@yahoo.com.cn,www.kangfu-usa.com,北美洲,S
KANG SIANG DA TRADING COMPANY,马来西亚,五金,JOHN PHANG,0060 82 577682/575682/198877682,0060 82 575682,"NO.54,KEDAI PERINDUSTRIAN,BATU 3 1/2,JLN.PENRISSEN,KUCHING,SARAWAK",93250,,,亚洲,B
KANG MING TRADING SDN.BHD.,马来西亚,五金,KANG AH HIN,0060 89 215478/273622,0060 89 272293,"LOT 8,9 & 10,BLOCK E,BANDAR RAMAI-RAMAI,SANDAKAN SABAH(P.O.BOX 1166)",90713,,,亚洲,B
KANEYOBOSHI NATORIKANAMONOTEN KK,日本,五金,"NATORI, SHOICHI",0081 138 23 7281,0081 138 26 5351,"18-12, TOYOKAWA-CHO HAKODATE-SHI, HOKKAIDO 0400065",,,,亚洲,S
KANEYASU KK,日本,五金,YASUMITSU TOSHIO,0081 92 891 5503,0081 92 891 4492,"8-13, FUKUSHIGE 4-CHOME, NISHI-KU FUKUOKA-SHI, FUKUOKA 8190022",,,WWW.KANEYASU.NET,亚洲,S
"KANETA BABACHO CO.,LTD.",日本,五金,HIDEO OYA,0081 258 667110,0081 258 666677,"8-2-2,IMAMACHI MITSUKE-CITY,NIIGATA PREF",954-0195,bbb@wonder.ocn.ne.jp,,亚洲,S
KANESHIN KK,日本,五金,YOSHIDA TAKASHI,0081 3 3696 6781,0081 3 36966770,"19-12, OKUDO 4-CHOME, KATSUSHIKA-KU, TOKYO 1240022",,,WWW.KANESHIN.CO.JP,亚洲,S
KANESHIGE KK,日本,五金,DOI TOSHIYUKI,0081 9546 3 1616,0081 9546 3 3576,"4002, TAKATSUHARA, KASHIMA-SHI, SAGA 8491311",,,,亚洲,S
KANESEN KK,日本,五金,"MIZUKAMI, JUNRYO",0081 3 3854 1141,0081 3 3854 1198,"30-12, NISHIARAI 5-CHOME ADACHI-KU, TOKYO 1230841",,,,亚洲,S
KANEOYA SHOTEN YK,日本,五金,"KANEOYA, KOJI",0081 47 431 0001,0081 47 431 0008,"26-23, HON-CHO 2-CHOME FUNABASHI-SHI, CHIBA 2730005",,,,亚洲,S
KANEMITSU SANGYO KK,日本,五金,KUSHIDA MITSUHARU,0081 72 336 6431,0081 72 336 9232,"321-1, OKA 7-CHOME, MATSUBARA-SHI, OSAKA 5800014",,,,亚洲,S
KANEMATSU KK,日本,五金,"MATSUMOTO, NORIO",0081 155 36 6428,0081 155 36 6425,"12-8, NISHI 11-JO MINAMI 2-CHOME OBIHIRO-SHI, HOKKAIDO 0800021",,,,亚洲,S
KANEKO KANAMONO KK,日本,五金,KANEKO YASUTOMI,0081 29 243 4131,0081 29 243 4106,"1711-8, KASAHARA-CHO, MITO-SHI, IBARAKI 3100852",,,,亚洲,S
KANEJU KK,日本,五金,NAGANUMA JUZO,0081 256 38 3551,0081 256 38 3550,"888-2, YANAGAWA SHINDEN, SANJO-SHI, NIIGATA 9550002",,,,亚洲,S
KANEICHI SANGYO KK,日本,五金,KUNIKANE YOICHI,0081 6 66735051,,"3-2, UESUMIYOSHI 1-CHOME, SUMIYOSHI-KU OSAKA-SHI, OSAKA 5580046",,,,亚洲,S
KANEHAN KK,日本,五金,TSUCHIYA KUNIHIKO,0081 479 63 1674,0081 479 63 7294,"5386-2, NI, ASAHI-SHI, CHIBA 2892504",,,,亚洲,S
KANEDAN KK,日本,五金,"OTSUKA, KATSUHIKO",0081 3 3834 5121,,"11-6, HIGASHIUENO 2-CHOME TAITO-KU, TOKYO 1100015",,,,亚洲,S
KANEDA KANAMONOTEN YK,日本,五金,"KANEDA, TETSURO",0081 763 62 0004,,"194, HOSOKI, JOHANA-MACHI HIGASHITONAMI-GUN, TOYAMA 9391841",,,,亚洲,S
KANECHU KK,日本,五金,"ARIMURA, TADAMORI",0081 99 251 6671,0081 99 256 6481,"3-18, YOJIRO 1-CHOME KAGOSHIMA-SHI, KAGOSHIMA 8900062",,,WWW.KANECHUUTO.MINC.NE.JP,亚洲,S
KANECHO CO LTD,日本,五金,"YAMAUCHI, KAZUNORI",0081 778 24 1515,0081 778 24 5447,"4-3-13, ONODANI-CHO TAKEFU-SHI, FUKUI 9150054",,,,亚洲,S
KANDY FURNISHING HOUSE DISTRIBUTORS (PVT) LTD.,斯里兰卡,五金,PALITHA ABEYGUNAWARDENA,0094 74 471591,0094 74 472279,"NO.55 VIDYARTHA MAWATHA,KANDY",,kfhdist@kandy.lanka.lk,,亚洲,C
KANDA TRADING CO.,香港,五金,ALLAN C.M.NG,00852 25660359,00852 25422369,"RM.904 SEAVIEW COMMERCIAL BLDG.,21-24 CONNAUGHT RD.WEST",,,,亚洲,C
KANDA CO LTD,日本,五金,KANDA YASUSHI,0081 256 63 4541,0081 256 64 2960,"912-1, SUGIYANAGI, TSUBAME-SHI, NIIGATA 9591272",,,WWW.KANKUMA.CO.JP,亚洲,S
KANCA INSAAT LTD.,土耳其,五金,AHMET KANCA,0090 212 2340613/2345569,0090 212 2306784,"CAGLAYAN,YAVUZ SOK,NO:10/B,SISLI,ISTANBUL",80340,info@kancaaks.com,WWW.KANCAAKS.COM,亚洲,B
KANAZUYA KK,日本,五金,FUZAYI,0081 250 43 3668,,"1-7, YOSHIZAWA 2-CHOME, GOSEN-SHI, NIIGATA 9591824",,,,亚洲,S
"KANATSU CO., LTD.",日本,五金,ITO,0081 3 32512702,0081 3 32512350,"2-4-6, SOTO-KANDA, CHIYODA-KU, TOKYO 101, JAPAN",,info@kanatsu.com,WWW.KANATSU.COM,亚洲,S
KANATONIC INTERPRISES PRIVATE CO. LTD.,津巴布韦,五金,EMSTON UCHE AGUKWU,00263 91309552,00263 4 741953,"123 BLACKWAY DRIVE, LINCOL-GREEN, BELVEDERE HARARE",,eagwukwu@yahoo.com/-peterpltd@hotmail.com,,其他,C
KANATANIIHEESHOTEN KK,日本,五金,"KANATANI, IHEE",0081 737 63 2222,0081 73 7631130,"72, YOSHIKAWA, YUASA-CHO ARIDA-GUN, WAKAYAMA 6430007",,,,亚洲,S
KANASHICHI KANAMONOTEN KK,日本,五金,"KANAMORI, YUKICHI",0081 766 21 8787,,"198, TONYA-MACHI TAKAOKA-SHI, TOYAMA 9330804",,,,亚洲,S
KANAOKA CHU SHOJI KK,日本,五金,KANAOKA HIROSHI,0081 76 451 5100,0081 76 4515855,"52-1, NABETA, TOYAMA-SHI, TOYAMA 9300831",,,,亚洲,S
KANAMORI TOBE CO LTD,日本,五金,KANAMORI NORIAKI,0081 766 21 4005,0081 766 214007,"1-8, KANAYA-MACHI, TAKAOKA-SHI, TOYAMA 9330841",,,,亚洲,S
KANAI SANGYO KK,日本,五金,KANAI YOSHIO,0081 256 35 1111,0081 256 35 1113,"966-6, TSUKIOKA, SANJO-SHI, NIIGATA 9550803",,,,亚洲,S
KANAI KK,日本,五金,KANAI RYOSA,0081 48 924 1131,0081 48 924 1199,"717-1, NISHIBUKURO, YASHIO-SHI, SAITAMA 3400833",,,WWW.KANA-E.CO.JP,亚洲,S
KAMSONS TRADING CO.,斯里兰卡,五金,MURTAZA ANVERALLY,0094 11 2435413/2332834/2338525,0094 11 2432508,"235,OLD MOOR STREET,COLOMBO 12",,kamsons@sltnet.lk,,亚洲,C
KAMSO CONSTRUCTION SDN.BHD.,马来西亚,五金,A.K.SOR,0060 3 77278787/193305557,0060 3 77279000,"NO.19A & 19B,JALAN SS21/37,DAMANSARA UTAMA,PETALING JAYA,SELANGOR DARUL EHSAN",47400,kamsosb@tm.net.my,,亚洲,B
KAMOGAWA SHOTEN KK,日本,五金,KAMOGAWA SUGURU,0081 898 23 4500,0081 898 325354,"4-17, MATSUMOTO-CHO 3-CHOME, IMABARI-SHI, EHIME 7940041",,,,亚洲,S
KAMIYA SHOJI KK,日本,五金,"KAMIYA, AKIRA",0081 45 231 5731,,"39, HATSUNE-CHO 2-CHOME NAKA-KU YOKOHAMA-SHI, KANAGAWA 2310053",,,,亚洲,S
KAMIL INTERNATIONAL P.L.C,埃塞俄比亚,五金,TOFIK SHURE,00251 1 752880/134081/9205763,00251,TO THE NORTH OF TANA ADDIS ABABA(P.O.BOX:27152),1000,,,其他,C
KAMER ONALI,埃及,五金,MUSTAFA ABBAS,0020 2 3383488,0020 2 3383488,"22,ALASHGAR STREET,6TH FLOOR,FLAT NO.13,MOHANDESEEN,CAIRO",,alsaif_intl@link.net,,非洲,C
KAMEL INDUSTRY,伊朗,五金,HASSAN NAMAVAR,0098 21 6719716/6726990,0098 21 6719715,"NO.28,GHADIR BLD,MIRZAIE ALLEY NEXT TO SINA HOSPITAL,IMAM KHOMAINI AVE.,TEHRAN",11367,kamelco@farazco.com/kamel_ind@hotmail.com,,亚洲,C
KAMEI CUTLERY MFG CO LTD,日本,五金,"KAMEI, HIDEKI",0081 575 22 3045,0081 575 22 6291,"1399-1, OZE SEKI-SHI, GIFU 5013265",,,,亚洲,S
KAKENHAMBAI KK,日本,五金,"YOSHIMURA, TOMIO",0081 6 6725 6040,0081 6 6725 6042,"11-26, MINAMIKAMI KOSAKA HIGASHIOSAKA-SHI, OSAKA 5770814",,,,亚洲,S
KAMCO TRADING CO.,阿拉伯联合酋长国,五金,NASSER,00971 4 2288408/506254532,00971 4 2278336,P.O.BOX:4561 DUBAI,,kamcotrd@emirates.net.ae,,亚洲,B
KAMBO SECURITY PRODUCTS LTD.,香港,五金,WYNN HUI/吴小姐,00852 24817938/91944149,00852 24817922,"UNITS 02,5/F.,FLAT A,PROFIT INDUSTRIAL BUILDING,1-15 KWAI FUNG STREET,KWAI CHUNG N.T.",,,WWW.KAMBO.COM.HK,亚洲,C
KAMBE INTERNATIONAL CORP,日本,五金,"KAMBE, TOMOYO",0081 48 556 0728,0081 48 556 0819,"1691-2, WAKAKODAMA GYODA-SHI, SAITAMA 3610017",,,WWW.2.TBA.P-COM.NE.JP/KAMBE-CARISTMAS/,亚洲,S
KAMATOKU SHOTEN KK,日本,五金,"KOJIMA, MAMORU",0081 285 22 0350,,"2-5, CHUO-CHO 2-CHOME OYAMA-SHI, TOCHIGI 3230023",,,,亚洲,S
KAMATA HOZAI CO LTD,日本,五金,"KAMATA, MUNEO",0081 3 3841 5637,0081 3 3841 5661,"6-1, KOTOBUKI 4-CHOME TAITO-KU, TOKYO 1110042",,,,亚洲,S
KAMAN KK,日本,五金,"KANEDA, TOSHIAKI",0081 6 6478 1601,0081 6 64781600,"10-15, FUKU-MACHI 1-CHOME NISHIYODOGAWA-KU OSAKA-SHI, OSAKA 5550034",,,,亚洲,S
KAMAN,日本,五金,,0081 52 8068179,0081,NISIN AKAEK NAGOYA,470-0126,sakae@mb.ccnw.ne.jp,,亚洲,S
KaMa Eigenbrodt AB NUF,挪威,五金,Tom Johnsen,0047 6792 3000,0047 6792 3001,"Postboks 94, 1471 Lorenskog",,tom.johnsen@kama.no,http://www.kama.no,欧洲,A
KAM WONG INDUSTRIAL MANUFACTORY,香港,五金,WONG WAI TUNG,00852 24282170,00852 24806392,"FLAT""0"",12/F.,STAGE 2,KINGSWIN INDUSTRIAL BUILDING,32-40 LEI MUK ROAD,KWAI CHUNG,N.T.,KOWLOON",,kamwong@pub.dgnet.gd.cn,,亚洲,C
KAM WAH HARDWARE SUPPLIER COMPANY,香港,五金,K.W.WONG,00852 23655507/93613330,00852 31562587,"ROOM 2,16/F.,WAH FAT INDUSTRIAL BUILDING,10-14 KUNG YIP STREET,KWAI CHUNG,N.T.",,,,亚洲,C
KAM LONG INDUSTRIAL COMPANY LIMITED,澳门,五金,LOU CHON BIAO,00853 333944,00853 337347,"AV.VENCELAU DEMORAIS,/AREIA PRETA,2 ANDER 1-G,GENTRO INDUSTRIAL DE MACAU",,biao_lou@kamlong.com,WWW.KAMLONG.COM,其他,C
KAM KHEE SANITARYWARES (JINJANG) SDN.BHD.,马来西亚,五金,A.K.FOO,0060 3 62507100/62507200/19 3833232,0060 3 62507300,"NO.490,491-B,JALAN JAMBU AIR MAWAR,JINJANG SELATAN,52000 KUALA LUMPUR",52000,,,亚洲,B
"KAM KEE MACHINE ELECTRICAL IRON WORKS CO.,LTD.",香港,五金,WAN KAM,00852 27609745/94880161,00852 27607431,"78-82 TAM KUNG RD., 3/F. C, GAIN RANK MANSION,TO KWA WAN,KOWLOON",,kkme@i-cable.com,,亚洲,C
Kalusterenki Ky,芬兰,五金,MR.KONYONIN,00358 3 7 34 15 50,00358 3 7 34 15 55,"Kaasuk 3, FI 15520, Lahti",,kalusterenki@bhnid.fi,www.kalusterenki.fi,欧洲,A
"KALTY & SALIOS SALES, INC.",美国,五金,Terry Worsdell,001 714 9339300,001 714 9339305,"5301 Oceanus Drive,Huntington Beach,CA",CA 92649-1030,akalty@kaltysalios.com,,北美洲,S
KALPH FREDLAND AND BROD INC.,美国,五金,ELY TAWIL,001 732-290-9800,001 732-290-2933,"17 INDUSTRIAL DR, KEYPORT, NJ 07735-6113",,,www.rsbcorp.com,北美洲,S
Kalon Decorative Products,英国,五金,MRS.ANDREWS,0044 28 9335 1567,0044 28 9335 1569,"Unit 7c, Kilroot Business Park, Larne Road, GB BT38 7P, Carrickfergus",,,,欧洲,S
"KALLMANN MCKINNELL & WOOD ARCHITECTS,INC.",美国,五金,SHIH-L CHOU,001 617 2670808 EXT.290,001 617 2676999,"939 BOYLSTON STREET,BOSTON",MA 02138,schou@kmwarch.com,WWW.KMWARCH.COM,北美洲,S
KAKUICHI SHOTEN KK,日本,五金,"IJICHI, HITOSHI",0081 996 22 6178,0081 996 25 4906,"8-12, NISHI KAIMON-CHO SENDAI-SHI, KAGOSHIMA 8950055",,,,亚洲,S
KAHALEH INTERNATIONAL CO.,科威特,五金,SUHAIL KAHALEH,00965 483 3328,00965 483 1665,"P.O. BOX 42017,SHUWAIKH 70651",,,,亚洲,B
KAJISO KK,日本,五金,"SAKAKURA, MITSUYUKI",0081 593 32 8855,0081 593 32 8856,"9-30, TAKAHAMA-CHO YOKKAICHI-SHI, MIE 5100026",,,,亚洲,S
"KALIL ASSOCIATES, INC.",美国,五金,Steve Gottscho,001 727 7857220,001 727 7857222,"2445 S.R. 584, Unit I,Palm Harbor,FL",FL 34683,steve785@tampabay.rr.com,,北美洲,S
KALANJIAM HARDWARE STORES,印度,五金,UMAR KALANJIAM,0091 44 25351584/9840145111/9444187139,0091 44 25355551,"27,DEVARAJA MUDALI STREET,CHENNAI",600003,kalanjiamhardwares@yahoo.com,www.hardwaresonline.com,亚洲,C
KALANJIAM ENGINEERING COMPANY,印度,五金,Mr. KASSIM,0091 44 5221622,0091 44 5244510,"109,BROADWAY,CHENNAI",600108,khaleel@md3.vsnl.net.in,,亚洲,C
KAKISA SHOTEN KK,日本,五金,"OKADA, MASAO",0081 78 918 1570,0081 78 918 1554,"18-1, HON-MACHI 1-CHOME AKASHI-SHI, HYOGO 6730892",,,,亚洲,S
KAJITO SHOTEN GK,日本,五金,"YAMADA, SEIICHIRO",0081 748 22 2500,,"13-19, YOKAICHI-CHO YOKAICHI-SHI, SHIGA 5270029",,,,亚洲,S
Kajaanin Lukko Oy,芬兰,五金,Timo Peussa,00358 8 6 12 13 33,00358 8 62 93 93,"Valik 15, FI 87100, Kajaani",,,,欧洲,A
KAJ CONSULTANTS LIMITED,新西兰,五金,KIM JEFFREY,0064 9 4242769/21744047,0064 9 4242794,208 VIPOND ROAD WHANGAPARAOA,,kjeffrey@gmx.net,,大洋洲,A
KAITRUM INT'L CORP.,台湾省,五金,MR.SAM WANG,00886 2 27999100 EXT.615/27995100,00886 2 26579200/27995700,台北市瑞光路478巷20号4F,114,samw@kaitrum.com.tw,WWW.KAITRUM.COM.TW,亚洲,C
KAITRUM INTERNATIONAL CORP.,台湾省,五金,MAXAM CHANG,00886 2 27999100/27995100,00886 2 26579200/27995700,"4F,NO.20,LANE 478,RUEIGUANG ROAD,NEIHU TECHNOLOGY PARK,TAIPEI 114",,maxamc@kaitrum.com.tw,HTTP://WWW.KAITRUM.COM.TW,亚洲,C
Kail & Co. Ltd,英国,五金,Mr.Pattlson,0044 191 548 7712,0044 191 549 6942,"Riverside Road, Southwick, GB SR5 3JG, Sunderland",,info@kail.co.uk,http://www.kail.co.uk,欧洲,S
KAISEI KK,日本,五金,KATO EIKICHI,0081 11 811 3561,0081 11 811 0188,"MATSUO BLDG. 3-25, KIKUSUI 6-JO 3-CHOME, SHIROISHI-KU SAPPORO-SHI, HOKKAIDO 0030806",,,,亚洲,S
Kaichi Trading Co.,新加坡,五金,,0065 62820868,0065 62892359,"Richway Building, 14,New Industrial Road #06-03, 536203, Singapore",,spcube@singnet.com.sg,,亚洲,A
KAIBIGAN GENERAL MERCHANDISING,菲律宾,五金,Mr. BOY LIM,0063 2 2546274/2546252,0063 2 2546256,"1347 STA.MARIA STREET,TONDO,MANILA",,kbgm@mozcom.com.ph,,亚洲,B
"KAI TING INDUSTRIAL CO.,LTD.",台湾省,五金,LI HAN FA,00886 2 22680866,00886 2 22682622,"20,LANE 37,CHUNGYUN ROAD.SEC.4 TUCHEN,TAIPEI",,,WWW.KAE-TIING.COM.TW,亚洲,C
KAI TI ENTERPRISE,马来西亚,五金,LIEW LEONG KEE,0060 3 61897426,0060 3 91306949/61897426,"36.JLN MU TIARA BARAT 5 TWN MUTIARA,CHERAS KUALA LUMPUR",56000,liewlkee@hotmail.com,,亚洲,B
KAI SHARP LIMITED,香港,五金,MR.PAUL CHAN,00852 81056667,00852 27746498,"RM.1805,18/F,655 NATHAN ROAD,KLN",,kaisharp@hotmail.com,WWW.KAISHARP.COM,亚洲,C
KAI CORPORATION,日本,五金,"ENDO, KOJI",0081 3 3862 6411,0081 3 3864 1439/3866 0205,"9-5, IWAMOTO-CHO 3-CHOME CHIYODA-KU, TOKYO 1010032",,,,亚洲,S
KAI CHEONG METAL MECH.ENG.,香港,五金,Mr. CHAN CHI KAI,00852 23327700/24298935,00852 24245423,"8.G/F.,PING LAI PATH,KWAI CHUNG",,,WWW.KCI.COM.HK,亚洲,C
KAGAMITANI SHOTEN CO LTD,日本,五金,"KAGAMITANI, OSAMU",0081 3 3645 2244,,"9-3, ISHIJIMA KOTO-KU, TOKYO 1350014",,,,亚洲,S
KACEMETAL S.A.R.L.,摩洛哥,五金,EL KACEMY BELKACEM,00212 22 280961/61 414022,00212 22 850214,"122,RUE SRAGHNA-CASABLANCA",,kacemetal@caramail.com,,非洲,C
KAH HONG ENGINEERING INDUSTRIES SDN.BHD.,马来西亚,五金,SEE MING HOI,0060 3 31914605/31914608/123885878,0060 3 31914606,"LOT 2626,BATU 13 1/2,KG.SG.RAMBAI DALAM,JENJAROM,KUALA LANGAT,SELANGOR D.E.",42600,kahhong8@tm.net.my,,亚洲,B
KAGEBAYASI ERECTRIC TOOL CO LTD,日本,五金,"KAGEBAYASHI, YOSHIYUKI",0081 6 6977 6811,0081 6 6977 6822,"11-12, OBASE-CHO TENNOJI-KU OSAKA-SHI, OSAKA 5430028",,,,亚洲,S
KAGAWA KENCHIKU KANAMONO KK,日本,五金,KAGAWA MASAYUKI,0081 877 62 0305,0081 877 62 6082,"7-9, KAMIYOSHIDA-CHO 7-CHOME, ZENTSUJI-SHI, KAGAWA 7650011",,,,亚洲,S
KAEDE SHOTEN KK,日本,五金,NAKANO MASAKAZU,0081 880 34 2211,0081 880 34 2213,"10, KYO-MACHI 3-CHOME, NAKAMURA-SHI, KOCHI 7870021",,,,亚洲,S
K.I SYSTEM,韩国,五金,"PARK, MAN-HOO",0082 (031)691-2212,0082 (031)691-1165,"209-1, DAESA-RI, PENGSUNG-UP, PYUNGTACK-KUN, KYONGKI",451-800,,,亚洲,A
"K.N.R.GROUP CO.,LTD.",泰国,五金,MR.SURADETT JIENYUENYONGPONG,0066 2 6136617/6136620/18055700,0066 2 2142850,"14/84-85 RAMA VI RD.,RONGMUANG,PATUMWAN,BANGKOK",10330,dett_ac@hotmail.com,,亚洲,B
KABERI SHIPPING AGENCY,孟加拉国,五金,Mr. S.N.DAS,00880 31 623143/631172/18387118,00880 31 710957/710042,345 ASADGONJ(3RD FLOOR) CHITTAGONG,4000,sndas@spnetctg.com,,亚洲,C
KABELSCHLEPP GMBH,德国,五金,,0049 271 5 80 10,0049 271 5 80 12 20,"Marienborner Strasse 75, DE 57074, Siegen",,info@kabelschlepp.de,http://www.kabelschlepp.de,欧洲,S
KABE-JU SHOTEN CO LTD,日本,五金,"KABE, TOSHIO",0081 3 3254 1561,,"7, KANDA KONYA-CHO CHIYODA-KU, TOKYO 1010035",,,,亚洲,S
KA DOW COMPANY,台湾省,五金,AUGUST YU,00886 2 25066521,00886 2 25066509,"78-18,HSIEN AN STREET TAIPEI",,kadowco@ms17.hinet.net,,亚洲,C
K-4 TRADING & CONTRACTING CO.,科威特,五金,ULLAS,00965 483 4920/90,00965 484 6960,"P.O. BOX 42202, IND.AREA,SHUWAIKH 70652",,k4@qualitynet.net,,亚洲,B
K.W.PHANG ENTERPRISE,马来西亚,五金,K.W.PHANG,0060 6 2864355,0060 6 2837336,"NO.375-C/1,TAMAN PERINGGIT JAYA,MELAKA",75400,kwp133@tm.net.my,,亚洲,B
K.T.DISPLAY COMPANY LIMITED,泰国,五金,SOMYOT CHAICHAROENTAWEEKIT,0066 2 8114461,0066 2 8116002,"23/242-4,MOO 8,OMYAI,SAMPRAN,NAKORNPATHOM",73160,somyot@ktcorporate.com,,亚洲,B
K.L.DUGAR GROUP,尼泊尔,五金,KIRAN DAGA,00977 21 27418/22758/30691,00977 21 24290,"""DUGAR NIWAS"",P.O.BOX:40,BIRATNAGAR",,dugarbrt@ecomail.com.np,,其他,C
K.L. Butiksmiljoe AB,瑞典,五金,Mr Knut Lindberg,0046 8 54064030,0046 8 54066707,"Box 320 (Rallarv. 43), S-184 24 Aakersberga",,,,欧洲,A
"JASON EMPIRE, INC.",美国,五金,BYRON M. SAFER,001 913 8880220,001 913 7523550,"9200 CODY,OVERLAND PARK,KS",KS 66214,,,北美洲,S
JASCO TOOLS INC.,美国,五金,JOHN M SUMMERS,001 585 5466830,001 585 5468107,"195 ST PAUL ST.,POCHESTER,NY",14610,dutch175@aol.com,,北美洲,S
JAS INTERNATIONAL COMPANY,香港,五金,,00852 28061686/28061811,00852 28877133,"UNIT 804,8/F.,NORTH POINT ASIA-PAC CENTRE, 10 NORTH POINT RD.,NORTH POINT",,,,亚洲,C
JARVIS SOUTH,美国,五金,MIKE HOWELL,001 731-989-4449,001 731-989-2110,"60 RECORD DR, HENDERSON, TN 38340-9788",,info@jarviscaster.com,,北美洲,S
JARVIS JARVIS CA STER GROUP,美国,五金,FRED KREIN,001 800 995 9876,001 800 968 9631,"1127 S MAIN ST, PALMER, MA 01069-1899",,,www.infojarviscaster.com,北美洲,S
Jarvis,美国,五金,Tony Giancola,001 626-350-3114,001 626-350-4963,"2300 Merced Ave., El Monte, CA 91733-2625, USA",,,WWW.JARVISCASTER.COM,北美洲,S
JARRETT SYNERGY PTY LTD,澳大利亚,五金,COLIN C MCLEOD,0061 8 8347 4444,0061 8 8347 2262,Cnr Humphries Tce & Regency Rd Kilkenny SA 5009,,colin.mcleod@jarrett.com.au,HTTP://WWW.JARRETT.COM.AU,大洋洲,S
K.I.S. Manufacturing Ltd,英国,五金,Mrs G. Jones,0044 121 525 1199,0044 121 500 5134,"Blakemore Road, GB B70 8JF, West Bromwich",,,,欧洲,S
K.GOPALDAS SONS (TH) LTD.,泰国,五金,BHATT. D.B.,0066 2 3927907,0066 2 7112743,"1/,5-6, Soi PridiBanomyong 26, Sukhumvit Soi71, Phrakanong,Bangkok",10110,"kgopaldasbangkok@hotmail.com, rachna@loxinfo.co.th",WWW.KGOPALDAS.COM,亚洲,B
K N K INC.,美国,五金,ACKSHAY VASHEE,001 864 5831559/6216694,001,"150,SUN AND SAND ROAD,SPARTANBURG,SC 29303",SC 29303,ackshayvashee@earthlink.net,,北美洲,S
K MAC CO LTD,日本,五金,NAKAJIMA HIROAKI,,,"6-8, TAGAWA 2-CHOME, YODOGAWA-KU OSAKA-SHI, OSAKA 5320027",,,,亚洲,S
"K.C.PLUS WELL CO.,LTD.",泰国,五金,SONGKIAT NGAMJARASSRIVICHAI,0066 2 8163322/8163323/9463410/18101098,0066 2 8162680/9463414,"377/15-16 MOO 9 NUANCHAN RD.,KLONGKUM,BEUNGKUM,BKK.10230",,kcpluswell@clickta.com,,亚洲,B
K. N. CORPORATION,印度,五金,BHARATBHAI,0091 22 3867182,0091 22 3851511,"32-A,NAVYUG MANSION,N.R.BHARUCHA MARG,NEAR GRANT ROAD STATION(W),MUMBAI 400007",,knccnn@vsnl.com,,亚洲,C
K. JOWOHIR CO LTD,毛里求斯,五金,K. JOWOHIR,00230 4127099,,"ROYAL ROAD,RIVIERE DU REMPART",,,,其他,C
K. Engineering Co. (West Bromwich) Ltd,英国,五金,I. Wilkinson,0044 121 558 4367,0044 121 565 1129,"Unit 29, Parkrose Industrial, Estate, Middlemore Road, GB B66 2DZ, Smethwick",,,www.k-engineering.co.uk,欧洲,S
"K. COLLECTION CO., LTD.",泰国,五金,NATTHAWAT DEJTHANASUNTHORN,0066 2 2713109/2797543,0066 2 6187911,169/29-30 PRADIPAT RD. SAMSENNAI PHAYATHAI BANGKOK,10400,info@aseanguide.com,WWW.ASEANGUIDE.COM,亚洲,B
K. B. METAL CO.,香港,五金,KELVIN CHOI,00852 25296233/94519919,00852 25293211,"12 LUEN FAT STREET,G/F.,WANCHAI",,,,亚洲,C
K&K DEVELOPMENT COMPANY,美国,五金,,001 3019868887,001 3019868831,"4712 ROSEDALE AVE,BETHESDA MD 20814,U.S.A.",,mikew@usfinser.com,,北美洲,S
K Supplies Ltd,英国,五金,A. Nuttall,0044 1706 217441,0044 1706 831772,Unit 14 Harwood Street Furthergate Ind Park Blackburn,,,http://www.ksupplies.co.uk,欧洲,S
K R LUCAS CO PTY LTD,澳大利亚,五金,GEOFFREY KENNETH LUCAS,0061 2 9436 2793,0061 2 9438 3246,10 Northcote St St Leonards NSW 2065,,krlucas@krlucas.com.au,WWW.KRLUCAS.COM.AU,大洋洲,S
K P L Precision Tool & Die Sinking (Aberdare) Ltd,英国,五金,L. Chidge,0044 1685 814434,0044 1685 811802,"Hirwaun Industrial Estate, Hirwaun, GB CF44 9U, Aberdare",,kpl.twoling@tiscali.co.uk,,欧洲,S
JUSTY CORPORATION,日本,五金,Mr. YUTAKA NAKAHARA,0081 6 69665538,0081 6 69665539,"6-17-201,KATAMACHI 1-CHOME,MIYAKOJIMA-KU,OSAKA",534-0025,justyjp@nifty.ne.jp,,亚洲,S
K J TRADING,马来西亚,五金,LEE YOW BAND (SAM),0060 6 9762899/9764899/136108888/126888864,0060 6 9761286,"2 & 3,TAMAN MULIA,BUKIT GAMBIR,MUAR,JOHOR",84800,cnkj2000@hotmail.com,,亚洲,B
K D SERVICE CO LTD,日本,五金,"TANIGUCHI, ISAO",0081 3 3837 6611,0081 3 3837 3100,"11-11, GINZA 8-CHOME CHUO-KU, TOKYO 1040061",,,,亚洲,S
K C COMPANY LIMITED,日本,五金,"KUMAGAI, AKIRA",0081 3 3432 4811,,"17-60, AKASAKA 2-CHOME MINATO-KU, TOKYO 1070052",,,,亚洲,S
K AND K DEVELOPMENT COMPANY,美国,五金,,001 3017183639,001 3019868831,"4712 ROSEDALE AVE, BETHESDA,MD 20814,U.S.A.",,mikew@usfinser.com,,北美洲,S
K & K CORPORATION,日本,五金,"KANEDA, KOKICHI",0081 52 201 8888,,"TAISHO SEIMEI NISHIKI BLDG. 18-24, NISHIKI 1-CHOME NAKA-KU NAGOYA-SHI, AICHI 4600003",,,,亚洲,S
K & H TRADING (MELAKA) SDN.BHD.,马来西亚,五金,TAN THEAN LEE,0060 6 3362195/3363195/196677895,0060 6 3366195,"NO.1,LOT 3-15,JALAN TTC 25,CHENG INDUSTRIAL ESTATE,MELAKA",75250,khtmsb@po.jaring.my,WWW.KHSH.COM,亚洲,B
K & C 韩中贸易,韩国,五金,吴哲奉,0082 2 9040655/9968884,0082 2 9968885,汉城道峰区昌洞662-41号(大昌B/D 2层),,oh4722@yahoo.co.kr,,亚洲,A
"K & C National Sales, Inc.",美国,五金,,001 225 756 8277,001 225 7522982,"13030 Coursey Blvd. Baton Rouge, LA 70816-4964 USA",,,WWW.KCSALES.COM,北美洲,S
K & D,比利时,五金,,0032 50 42 84 02,0032 50 42 92 51,"Industriezone - Gildestraat 2, B 8370, Blankenberge",,,,欧洲,A
K & A Engineering Ltd,爱尔兰,五金,Mrs Anne Colbert,00353 51 378255,00353 51 379026,"49 Barrack Street, Waterford",,kandaeng123@eircom.net,,欧洲,A
JYUN HAHN DESIGN,台湾省,五金,VINCENT,00886 4 23288976,00886 4 23289728,"NO. 1,CHING CHENG 23 STREET,TAICHUNG",,jhid@jhid.com.tw,WWW.JHID.COM.TW,亚洲,C
JYL ENTERPRISES INC.,菲律宾,五金,LAO CHIN UY,0063 2 2412872/2412864,0063 2 2410532,"217 DASMARINAS ST.,BINONDO,MANILA",1006,jyleninc@tri-isys.com,,亚洲,B
JYA STEEL CO,墨西哥,五金,ANGEL DE LA FUENTE,0052 55 771325,0052 55 775808,"RIO BLANCO NO.131,COL.INDUSTRIAL",07800,afua@prodigy.net.mx,,北美洲,B
JW Hire & Sales Ltd,爱尔兰,五金,MR.JOE WHITE,00353 1 8342785,00353 1 8672399,"Coolock, Dublin 17",,jwhire@indigo.ie,,欧洲,A
JUTA DAHLIA ENTER (M) SDN. BHD.,马来西亚,五金,,0060 3 79831979,0060 3 79831986,"77 JALAN 2/115C TAWAN KUCHAI JAYA,KUALA LUMPUR",58200,,,亚洲,B
JUSTINUS INTERNATIONAL CO.LTD,美国,五金,,001 650 6910899,001 650 6910896,"1023 CORPORATION WAY,PALO ALTO",CA 94303,justinus@metanet.com,WWW.JUSTINUS.COM,北美洲,S
"JUSTINUS INTERNATIONAL CO.,LTD.",台湾省,五金,MARTIN,00886 2 87971187,00886 2 87971626/87971627,"8F,NO.15,SEC.2,TIDING AVE.,NEI-HU DISTRICT,TAIPEI",,justinus@ms13.hinet.net/martin@mail.justinus.com.tw,WWW.JUSTINUS.COM,亚洲,C
JUSTIN INDUSTRIAL CORPORATION,美国,五金,JENNY FANG,001 310 5323441,001 310 3772021,539 WEST ROSECRANS AVENUE GARDENA CA 90275,,jtnrpgrobert@sbcglobal.net,WWW.JTMRPG.COM,北美洲,S
JUST 4U SERVICE & TRADING,新加坡,五金,Mr. X.J.JIANG,0065 67444819,0065 67442218,P.O. BOX 40 GEYLANG POST OFFICE,913802,just.sg@pacific.net.sg,,亚洲,A
JUPITER TRADING COMPANY,香港,五金,HU HUI,00852 23919759,00852 23906299,"RM. 9,2/F A IMPERIAL COURT. 79 WATERLOO ROAD",,jup88@163.com,,亚洲,C
JUPA TRANSNATIONAL INDUSTRIES LTD.,尼日利亚,五金,JUPADIM CHIJINDU PATRICK,00234 1 2635123/2636916/8033083664,00234 1 2663944,"29,ISALE AGBEDE STREET,OFF IDUMAGBO AVENUE,LAGOS-ISLAND",,jupadim28@yahoo.com,,非洲,C
JUNIOR BEE FABRICS,加纳,五金,DORIS NANA AGYEIWAA,00233 20 8128990,00233 21 410176,"P.O.BOX 9351 K,IA,ACCRA",,,,非洲,C
"JUNGLE TRADING CO.,LTD.",韩国,五金,LEE JEONG MIN,0082 2 5238905/5238906/5238907/5238908,0082 2 5238909,"1001-1,BANGBAE 3-DONG,SEOCHO-GU,SEOUL",,lee-jeong-min@hanmail.net,WWW.JGKOREA.COM,亚洲,A
"JUNGJIN ELECTRONICS CO., LTD.",韩国,五金,"KIM, HONG-WOON",0082 (031)944-3414,0082 (031)944-3419,"62-225, BONGILCHUN-RI, CHORI-MYUN, PAJU-KUN, KYUNGGI",413-820,,WWW.CRETIX.CO.KR,亚洲,A
"JUNG GONG IND. CO., LTD.",韩国,五金,"KIM, KYUNG-IL",0082 (051)261-2911/12,0082 (051)263-2597,"546, SHINPYONG-DONG, SAHA-GU, PUSAN",604-030,wedmastei@jung-gong.com,WWW.JUNG-GONG.COM,亚洲,A
"JUN SHAN PLASTIC CO.,LTD.",台湾省,五金,SAM YEH,00886 4 7714377/7715109/932679233,00886 4 7715115,"NO.73-1,KUON CHIAN LANE,KUON CHIAN LI,LU KUAN,CHANG HUA",,,,亚洲,C
"JUN LIAN INTERNATIONAL CO.,LTD.",台湾省,五金,WEBER SHIN,00886 2 25167906/932080386,00886 2 25047829,"7F,NO.125.CHIEN KUO N.ROAD.SEC.2,104,TAIPEI",,giun1029@ms35.hinet.net,,亚洲,C
JUMP YEAR TRADING CO.,台湾省,五金,WEN-CHANG LI,00886 4 7863735/937251750,00886 4 7860259,"14-8,CHU-TZE LANE.CHUNG-CHUANG VILL.HUA-TAN HSIANG.CHANG-HUA",,jumpyear@ms21.hinet.net,,亚洲,C
JUMMAN BEPARI & SONS,孟加拉国,五金,MD.ROFIQUL ALAM KHAN,00880 2 7311011/7316863,00880 2 7110053/8012256,"30,IMAMGONG DHAKA",1211,abuzafar@bdcom.com,,亚洲,C
JUBILEE JUMBO HARDWARE LTD.,肯尼亚,五金,INDRAVADAN A.PATEL,00254 35 21162/21865/21852,00254 35 23400,"P.O.BOX 2053,KISUMU",,jj@vicweb.net,,非洲,C
"JERRY PAULAUSKY ASSOCS., INC.",美国,五金,Jerry Paulausky,001 260 7474156,001 260 7474158,"7003 Ardmore Ave.,Ft. Wayne,IN",IN 46809,,WWW.JPASALES.COM,北美洲,S
JUMBO ENTERPRISES GROUP CORP.,台湾省,五金,JOSEPH CHIU,00886 2 27971846,00886 2 27970900,"1F,NO.4,LANE 629,SEC.1,NEIHU RD.,NEIHU,TAIPEI",,al5225@ms13.hinet.net,,亚洲,C
JUMBE IMPORT & EXPORT,南非,五金,MUHAMMAD MEHTAR,0027 11 8380450/83 7865151/82 7869477,0027 11 8382229,"21 COMMERCIAL ROAD (P.O.BOX 42870,FORDSBURG JOHANNESBURG,2033)",,fguns@mweb.co.za,,非洲,C
JUM JUM TRADING CORPORATION,印度,五金,MOHD ASIF,0091 11 4357412,0091 11 4357412,"C-11,WEST WIZAMUDDI N DELHI",,,,亚洲,C
JULA POSTORDER VARUHUS,瑞典,五金,KARL-JOHAN BLANK,0046 511 24600/708116562,0046 511 24620,SKARABORGSGATAN 49 BOX 363 S-532 24 SKARA,,karl-johan.blank@jula.se,WWW.JULA.SE,欧洲,A
JUKI KK,日本,五金,UMUYASHIKI TAKESHI,0081 48 542 9761,0081 48 543 5536,"2-1, KOMATSU 2-CHOME, KONOSU-SHI, SAITAMA 3650041",,juki@gardencity.or.jp,,亚洲,S
JEAN.H.HENLE INC,加拿大,五金,CLAUDE HENLE,001 514 3210080,001 514 3287165,10175 HOTEL DE VILLE MONTREAL NORD (QUEBEC),H1H 3V3,jhenle@globegroger.net,,北美洲,S
JUGS INC.,美国,五金,KERRY PAULSON,001 503-691-0112,001 503-691-1100,"11885 SW HERMAN RD, TUALATIN, OR 97062-8081",,,,北美洲,S
JET EQUIPMENT & TOOLS,美国,五金,DAVID LOVING,001 253 5725000,001 253 5727654,"P.O. BOX 1477,TACOMA ,,WA",WA 98401,,WWW.FAIRMACHINERY.COM,北美洲,S
JENROSE DISTRIBUTION LTD.,英国,五金,PAUL LAMB,0044 1525 851840,0044 1525 851840,"1 BASSETT ROAD,LEIGHTON BUZZARD,BEDS",LU7 1AR,,,欧洲,S
Juan Ucha y Cia S. L,西班牙,五金,EduardoSuarez,0034 98 620 75 18,0034 98 623 11 43,"Tomas A Alonso, 89, E 36208, Vigo",,juanuchaycia@terra.es,,欧洲,A
JUAN BERTINI,美国,五金,,001 4123277829,001 412 2221665,114 ASPEN LANE,,jbertini@conecttie.net,,北美洲,S
JU YUAN PTY.LTD.,澳大利亚,五金,WILLIAM FONG,0061 2 95022838/421 871777/403 186339,0061 2 97453926/95023185,"UNIT 33,105A VANESSA STREET,KINGSGROVE,NSW",2208,info@jyproducts.com;william@jyproducts.com,WWW.JYPRODUCTS.COM,大洋洲,S
Jet Press Limited,英国,五金,IAN BARNES,0044 1623 551800,0044 1623 551175,Nunn Close Huthwaite Nottinghamshire NG17 2HW,,sales@jetpress.com,http://www.jetpress.com,欧洲,S
JESSA INTERNATIONAL CO. L.L.C.,阿拉伯联合酋长国,五金,A. JESSA,00971 4 2223962,00971 4 2225065,P.O.BOX 4805 DUBAI,,,,亚洲,B
JESENIGE ENTERPRISES INC.,加拿大,五金,MEREDITH YEUNG,001 905 4793228,001 905 4793649,"70 GIBSON DRIVE,UNIT 9,MARKHAM,ONTARIO",L3R 4C2,jesenige@rogers.com,,北美洲,S
Jernvaregrossisten A/S,挪威,五金,,0047 64 92 50 66,0047 64 92 54 11,"Vaegsenteret, NO 1914, Ytre Enebakk",,,,欧洲,A
Jernia ASA,挪威,五金,,0047 66 99 66 00,0047 66 99 67 99,"Floeisbonnveien 4, NO 1412, Sofiemyr",,,www.jernia.no,欧洲,A
JEPSUM METAL WORKS PTE LTD,新加坡,五金,王奕茗,0065 67476868,0065 67425666,"19,BURN ROAD,#04-01,ADVANCE BUILDING",369974,,,亚洲,A
JEPSUM ALUMINIUM (K.L) SDN.BHD.,马来西亚,五金,王奕茗,0060 3 42976635/193385266,0060 3 42972945,"LOT 17 & 18,JALAN 11,KAMPUNG BARU AMPANG,68000 AMPANG,SELANGOR DARUL EHSAN",,jaklsb@po.jaring.my,WWW.JEPSUM.COM.MY,亚洲,B
Jentiques Furniture Ltd,英国,五金,TONY CHURCHILL,0044 1362 697 931,0044 1362 693 696,"SOUTH GREEN,EAST DEREHAM, NORFOLK NR19 1PR",,enquiries@deesidecabinets.com,http://www.google.com/search?hl=zh-CN&ie=UTF-8&oe=UTF-8&q=01362+697931&lr=,欧洲,S
JENSEN SWING PRDCTS INC,美国,五金,Charvet Vecchio,001 619-258-8300,001 619-258-7429,"9434 Abraham Way, Santee, CA 92071, USA",,,http://www.americanswing.com,北美洲,S
Jensen Aalborg A/S,丹麦,五金,MR.JENSEN,0045 98 14 48 88,0045 98 14 47 77,"Indkildevej 2-4, DK 9210, Aalborg So",,,,欧洲,A
JENN YEOU MACHINERY (M) SDN. BHD.,马来西亚,五金,S.H. YAP,0060 127727919,0060 7 5542820,"24,JALAN ROSMERAH 3/2,TAMAN JOHOR JAYA,JOHOR BAHRU,JOHOR",81100,,,亚洲,B
"JELLERY TRADING CO.,LTD",台湾省,五金,JULIE CHU,00886 2 27681191,00886 2 27632404,"3FL.NO.46,NAN KING E.RD.,SEC.5,TAIPEI",,,,亚洲,C
JEN E DISTRIBUTING CO,美国,五金,,001 7143757796,001 7143757795,"16102 GOTHARD ST.HUNTINGTON BEACH,CA. 92647,U.S.A.",,jenedist@aol.com,,北美洲,S
JEMAC INTERNATIONAL,菲律宾,五金,EVANGELINE CHUA,0063 2 7400023/4108882,0063 2 7400023,"RM. 303,1388 G. ARANETA AVENUE QUEZON CITY,METRO MANILA",,jemac@compass.com.ph,,亚洲,B
Jehlen Werkzeuge GmbH,德国,五金,A. Both,0049 5141 8 85 80,0049 5141 88 58 33,"An der Koppel 7, DE 29227, Celle",,,www.jehlen-werkzeuge.de,欧洲,S
JDI MARKETING,马来西亚,五金,TOH LAI HUAT,0060 6 9868011/126396001,0060 6 9860984,"95,JALAN LINTAS,BUKIT BAKRI 84200,MUAR,JOHOR",,tohlh@tm.net.my,,亚洲,B
JAWAD NASIR IMPORT & EXPORT U.K L.T.D,英国,五金,H.R.S SAEIDI,0044 20 85742134/7950480560,0044 20 85742088,UNIT C15 CHARLES HOUSE BRIDGE ROAD SOUTH HALL MIDDLE SEX LONDON,UB2 4BD,zfgltd@hotmail.com,,欧洲,S
JAWAD ENTERPRISES,巴基斯坦,五金,JAWAD ANWER,0092 21 2413177/2427846/3332111301,0092 21 2418947,"CHANDNI CENTER,BEHIND MOTANDAS BLDG.,M.A.JINNAH ROAD,KARACHI",74000,,,亚洲,C
JAWAD & FAYEZ AL-OSTA CO.,巴勒斯坦,五金,,00972 9 2392976/52556700,00972 9 2392976,"YAFA ST.,NABLUS",,mar-477475@hotmail.com,,其他,C
JAWA EXPORTERS,印度,五金,NAJMA,0091 494 2666701/9847019250,0091 494 2666944,"JAWA'S BUILDING,28/C 32,TRIKKAVU JUNCTION,PONNANI,MALAPURAM,KERALA",679577,ashrafjawa@yahoo.com,,亚洲,C
Jarncarl AB,瑞典,五金,,0046 371 311 20,0046 371 329 10,"S Nissastigen, SE 33332, Smalandsstenar",,,www.jarncarl.se,欧洲,A
"JCS MULTIMEDIA, INC",美国,五金,,001 4407799940,001 4407799942,"27081 LORAIN RD,NORTH OLMSTED,OH 44070,U.S.A.",,rick@jcssoftware.com,www.jcssoftware.com,北美洲,S
JCL WORLD TRADING CO.,美国,五金,JULIA,001 800 8506840,001,12109 GREENWILL DRIVE BUNSIVLLE MN,,jcl@world-trading.com,WWW.WORLD-TRADING.COM,北美洲,S
JC&T INTERNATIONAL CORPORATION,台湾省,五金,STUART HUANG,00886 2 27137066/27132234,00886 2 27130181,"6F,NO.54,LANE 120,TUN HUA NORTH ROAD,TAIPEI",,jcthuang@ms24.hinet.net,,亚洲,C
JAYSHREE EXPORTS,印度,五金,KIRIT PETHAD,0091 22 2615366/2691682,0091 22 2622814,"7,DHARENDRA BHUVAN,11/13,MINT ROAD,FORT,MUMBAI-400001",,sweep@bom2.vsnl.net.in,,亚洲,C
JAPIT INC,日本,五金,DOHI YUJI,0081 727 28 9800,0081 727 28 9798,"8-3, SEMBANISHI 1-CHOME, MINO-SHI, OSAKA 5620036",,,,亚洲,S
JAYALANKA HARDWARE (PVT) LTD.,斯里兰卡,五金,K.V.A. KAVANAWARELUN,0094 11 727415/723259,0094 11 725902,"99, GALLE ROAD, DEHIWALA",,,,亚洲,C
JAYAKRISHNAKUMAR ENTERPRISES,印度,五金,V.JEYAKRISHNAN,0091 461 326014/339698/9843094413,0091 461 327413,"332,W.G.C.ROAD,TUTICORIN,TAMILNADU,S.",628002,jkke@vsnl.net,,亚洲,C
JAYADI,印度尼西亚,五金,,0062 21 6904183/6902512/6262390,0062 21 6912544,"89 JL. PINANGSIA RAYA, JAKARTA",,jayadi89@yahoo.com,,亚洲,B
JBC INDUSTRIES LTD.,加拿大,五金,JAMES DENA,001 604 5261318,001 604 4657797,"8548 ARMSTRONG AVE.,BURNABY,BC",V3N 2H3,jbcindustries@shaw.ca,,北美洲,S
JB Key,爱尔兰,五金,Mr. Joe McShane,00353 1 4589766,00353 1 4589749,"Greenogue Industrial Est, Rathcoole",,,,欧洲,A
JC COMMONS CORPORATION,日本,五金,CHARLES J.CHEN,0081 3 53503338,0081 3 53503339,"5/F HATSUDAI CENTER BLDG,1-51-1,HATSUDAI,SHIBUYA-KU,TOKYO",1510061,toukan@tky3.3web.ne.jp,WWW.TOUKAN.JP,亚洲,S
JBS INTERNATIONAL COMPANY,香港,五金,LI YIU PO,00852 31450722/61388727,00852 24077929,"7/F.,FLAT N,HOUSTON INDUSTRIAL BUILDING.,32-40,WANG LUNG STREET,TSUEN WAN,N.T.",,,,亚洲,C
JBL TRADING LTD. USA LIAISON OFFICE,美国,五金,DAVY FUNG,001 626 8102988,001 626 9650777,"18888 SUTTER CREEK DRIVE,WALNUT,CA 91789",CA 91789,davfung@earthlink.net,WWW.JBL-TRADING.COM,北美洲,S
JBL TRADING LTD.,香港,五金,JACKIE MAN-FUK LI,00852 27939678/94199095/60966554/92680838,00852 24929926,"UNIT 1503 15/F PROSPERITY CENTER,25 CHONG YIP ST KWUN TONG KOWLOON",,benny@jbl-trading.com;sales@jbl-trading.com;jackie@jbl-trading.com,WWW.JBL-TRADING.COM,亚洲,C
JAYSONS,英国,五金,JAYSONS,0044 208 3493638,0044 208 3492498,"20 CHESSINGTON AVE,FINCHLEY,LONDON N3 3DP",,victord@compusprve.com,,欧洲,S
JAYSON NETWORK LTD.,毛里求斯,五金,PRAVIN MOLOO,00230 4647843,00230 4647843,"ST JEAN ROAD,QUATRE-BORNES",,jaysonet@intnet.mu,,其他,C
"JAYCEE SALES & RIVET, INC.",美国,五金,CARY WEITZMAN,001 248 4782150,001 248 4786416,"P.O. BOX 419,FARMINGTON,MI",MI 48024,,WWW.RIVETSINSTOCK.COM,北美洲,S
JAYA UTAMA TEKNIK,印度尼西亚,五金,JOHN LEE,0062 61 4531896/4518096/8126061300,0062 61 4518096,JLN.MESJID NO.151 MEDAN,20111,jut@jaya-utama-teknik.com,,亚洲,B
JARDINE FREIGHT SOLUTIONS,美国,五金,,001 630-787-0918,001 630 595 5175,"1401 N WOOD DALE RD, WOOD DALE, IL 60191-1078",,,www.baltrans.com,北美洲,S
JAYA SENTOSA,印度尼西亚,五金,Mr. HENRY B,0062 21 4222867,0062 21 4222867,JL.PERCETAKAN NEGARA NO.566 A-B JAKARTA,10560,js566@cbn.net.id,,亚洲,B
JAYA NETS SDN.BHD.,马来西亚,五金,CHEW HOEK CHUAN,0060 3 31762363/31762035/123939333,0060 3 31762863/31761996,"LOT 6,LINGKARAN SULTAN HISHAMUDDIN,NORTH KLANG STRAITS INDUSTRIAL ESTATE,PORT KLANG,SELANGOR D.E.",42000,jayanets@tm.net.my/sales@jayanets.com,WWW.JAYANETS.COM,亚洲,B
Jay Fasteners Ltd,英国,五金,,0044 1384 459000,0044 1384 456952,"Thornleigh Trading Estate, Blowers Green Road, GB DY2 8UB, Dudley",,,www.jayfasteners.co.uk,欧洲,S
JAVEY FERMETURES SARL,法国,五金,M JAVEY RAPHAEL,0033 3 84328790,0033 3 84328463,"70700, GY",,,WWW.JAVEY.COM,欧洲,A
JAVED SHIRAZ LTD,巴基斯坦,五金,,0092 91 815827,0092 91 822271,PHOSE 1 D3 ST9 HNO 17 HOYATOSFSOD,,,,亚洲,C
JAVED SHAREZ LTD,巴基斯坦,五金,HABIB UR REHMAN,0092 91 815827,0092 91 822271,PHASE 1 D3 ST9 H-NO 17 PESHAWEZ,,habib_rehman_pj@hotmail.com,,亚洲,C
Java Enterprises Pte Ltd,新加坡,五金,Lim King,0065 62200944,0065 62249116,"Shenton House, 3 Shenton Way #03-03/04, 068805, Singapore",,ptssingapore@pacific.net.sg,,亚洲,A
"JAU-Y CO.,LTD.",台湾省,五金,赖天录,00886 6 2637712,00886 6 2645838,10 LANE 107 SUN KUAN RD.TAINAN,702,jauyltl@ms1.url.com.tw,,亚洲,C
JATAG A.F. Tonnies Agenturer AB,瑞典,五金,,0046 19 32 01 07,0046 19 32 01 14,"Hjalmarv 25, SE 70220, orebro",,,,欧洲,A
JASPER IMPORTS,英国,五金,JOHN J.HOLDSWORTH,0044 1535 645190,0044 1535 645190,"48 CROSS RD.,KEIGHLEY,W.YORKSHIRE",BD10 9BA,info@jasperimports.com,WWW.JASPERIMPORTS.COM,欧洲,S
"JARKO ASSOCS., INC.",美国,五金,John Nickerson,001 480 5968533,001 480 5960310,"P. O. Box 14977,Scottsdale,AZ",AZ 85267-4977,dreg@jaoko.com,WWW.JARKO.COM,北美洲,S
JAPUM ELEXEGY MAHOGMAR TOHZOBAR KOUNAMUR,乌克兰,五金,何敏,00380 44 2034168,00380,基辅市,,,,欧洲,C
JAPONICA PARTNERS,美国,五金,CHET HOLLISTER,001 401 8616160,001,"30 KENNEDY PLAZA,PROVIDENCE,RI",02903,chollister@japonica.com,WWW.JAPONICA.COM,北美洲,S
JAPE GROUP AUSTRALIA,澳大利亚,五金,Mr. JAPE KONG SU,0061 8 89231111,0061 8 89231100,356 BAGOT RD.MILLNER DARWIN,,,www.jape.com.au,大洋洲,S
JABALLY BROTHERS COMPANY & PARTNERS,约旦,五金,,00962 6 4771210,00962 6 4786210/4775332,"P.O.BOX 5109,AMMAN",,,,亚洲,C
J.S.C. CENTROMEBEL,俄罗斯联邦,五金,ALEXANDR ABUSHENKO,007 095 959 02 70,007 095 959 02 83,"31, PYAITNITSKAJA STR.,109017 MOSCOW",,,,其他,C
J.S TRADING,日本,五金,SHI JIANGUANG,0081 6 69729200/9021083348,0081 6 69729200,"NO.1-5-3-904 HIGASHIOBASE,HIGASHI NARI-KU,OSAKA",537-0024,shijiang@joy.hi-ho.ne.jp,,亚洲,S
J.ROYAL CO.INC.,美国,五金,PING XIAO,001 336 7940400,001 336 7940401,"140 B CLOVERLEAF DRIVE,WINSTON-SALEM,NC 27103",27103,xiaopinggd@yahoo.com.cn,,北美洲,S
JAPAN NOP CO LTD,日本,五金,"MUNEKIYO, MASAYA",0081 729 65 1391,0081 729 62 5458,"4-20, HISHIYA HIGASHI 2-CHOME HIGASHIOSAKA-SHI, OSAKA 5780948",,japannop@hct.zaq.ne.jp,,亚洲,S
JAPAN NET TRAIDING CO LTD,日本,五金,NISHIMURA SENJI,0081 3 5828 7685,0081 3 58287683,"20-14, NISHIASAKUSA 3-CHOME, TAITO-KU, TOKYO 1110035",,,,亚洲,S
JAPAN MACHINE TOOLS CORP.,美国,五金,RYOICHI YAMAJI,001 713 9397263,001 713 9398229,"10171, OLGA I.N.,HOUSTON,TX",TX 77041,,WWW.CNCTEXAS.COM,北美洲,S
"JAPAN LOTUS CHINA CO.,LTD",日本,五金,ZHOU HE,0081 3 56930193,0081 3 56930193,"#501,8-16-8,MINAMIKOIWA EDOGAWAKU.TOKYO.",133-0056,zhou@h.email.ne.jp,,亚洲,S
"JANSTONE ENTERPRISE CO.,LTD.",台湾省,五金,JAMES WANG,00886 921 343268,00886 4 22432426,台中市兴要路二段462号15F,,claire88@ms14.hinet.net,,亚洲,C
Janser Maschinen- und Geraetebau,德国,五金,MR.OLAS,0049 7034 12 70,0049 7034 88 38,"Boeblinger Strasse 91,D-71139 Ehningen,Deutschland",,info@janser.com,http://www.janser.com,欧洲,S
JANIL EL KAROUNI TRD CO.,黎巴嫩,五金,MR.JAMIL,00961 8 620144/3716150,00961 8 620144,ZAHLE BEKAA,,jamelco@inco.com.lb,,亚洲,C
JANATA STORES,印度,五金,ASHUTOSH SINGH,0091 33 2350280/9831117795,0091 33 2357697,"F-19,BAGREE MARKET 71,BIPLABI RASH BEHARI BASU ROAD, KOLKATA",700001,janatas@vsnl.net,,亚洲,C
JANAT AL-REHAD GENERAL TRADING & CONTRAVTING CO. W.L.L.,科威特,五金,MOHAMMED EMAD AL-KADAMANI,00965 2618571/9504722/9550183,00965 2618571,"HAWALLY,AL-REHAB COMPLEX,SHOP NO.(60)-(74)(P.O.BOX:19741 KHITAN)",83808,adnan_oth@hotmail.com,,亚洲,B
JANAH AL AMER TRADE,巴林,五金,MR.ABDUL HAKIM,00973 250966/242239/9466896,00973 233359,"SA SA ROAD,MANAMA",517,janah_al_amer@hotmail.com/amerjaat@batelco.com.bh,,亚洲,C
Jan van Velden & Co BV,荷兰,五金,Mr. N.J. Buurma,0031 50 5422522,0031 50 5416716,"Gotenburgweg 26, NL 9723 TL, Groningen",,,,欧洲,A
JAN HARD WARE CO,巴基斯坦,五金,HAJI HABIB KHAN,0092 91 825154/3339104639,0092,KABUL SHOPING PLAZA SHOP NO 65 BLOCK-B INDUSTRIAL AREA JAMRUD ROAD PESHAWER,,,,亚洲,C
JAN CHEONG SING HARDWARE,香港,五金,Y.K. CHING,00852 25271231/25279315/25274680,00852 28613404/23622305,"18,LUEN FAT STREET., WANCHAI",,jancheong@hknet.com,,亚洲,C
"JAN BRIDGE CO.,LTD.",香港,五金,WANG MING YAN,00852 23932171,00852 23940930,"RM,903,9/F.,113 ARGYLE STREET,MONG KOK,KOWLOON",,,,亚洲,C
Jamison & Green Ltd,英国,五金,Mrs B. Johnston,0044 28 9032 2444,0044 28 9033 0491,"102-108 Ann Street, GB BT1 3HU, Belfast",,jamisongreen@btinternet.com,www.jamison&green.co.uk,欧洲,S
JAMIESON MFG. COMPANY INC.,美国,五金,SCOTT JAMIESON,001 860 4826543,001 860 4824051,"2500 SOUTH MAIN STREET,TORRINGTON,CT",CT 06790,,WWW.JAMIESONMFG.COM,北美洲,S
JAMES MCMAHON LTD.,爱尔兰,五金,DENNIS O'CONNOR,00353 1 8477644/862504438,00353 1 8476651,"UNIT 200,NORTH WEST BUSINESS PARK,RATOATH RD.,BLANCHARDSTOWN,DUBLIN 15",,doconnor@jmcmahon.com,WWW.MCMAHONGROUP.COM,欧洲,A
James & Alden P.L.C.,英国,五金,S. Bahar,0044 20 8830 8008,0044 20 8830 8009,"Hanover House, 385 Edgware Road, London, NW2 6BA",,info@jamesalden.com,http://www.jamesalden.com,欧洲,S
JAMALI COMMERCIAL ENTERPRISES,巴基斯坦,五金,MR.S.A.JAMALI,0092 21 7723562,0092 21 7765707/5837449,"32-34,GHAFOOR CHAMBERS,ABDULLAH HAROON ROAD,KARACHI(P.O.BOX 7246)",74400,jamalico@cyber.net.pk/skjamali@super.net.pk,,亚洲,C
JAKSON ENGINEERS LIMITED,印度,五金,SANJAY CHATTERJEE,0091 120 4563151/4563152/9810116230,0091 120 4568585/4568930,"A-43,PHASE-II(EXTENSION),OPP.NEPZ,NOIDA",201305,s.chatterjee@jakson.com,WWW.JAKSON.COM,亚洲,C
JAKON MANUFACTURING.CO.LTD.,香港,五金,,00852 27951177,00852 27986445,"FLAT B2.10/F,BLK.B,TONIC IND'L CTR 19 LAN MING ST.KLN BAY.KLN",,,,亚洲,C
JAJU,美国,五金,JENNIFER LEE,001 773-907-6306,,"4536 N SHERIDAN RD APT 303, CHICAGO, IL 60640-7539",,,,北美洲,S
JAI SHANKAR,印度,五金,,0091 11 6498671,0091 11 6498671,"253/2,SHAHPUR JAI,NEW DELHI-49",110049,anglind@vsnl.com,WWW.ANGELIQUE-INDIA.COM,亚洲,C
JAI SALES & MANUFACTURING,美国,五金,TOM JEFFERY,001 562 6973002,001 562 6973351,"242 E.VILLA RITA DR.LA HABRA HEIGHTS,CA 90631",CA 90631,jefferytd@aol.com.,,北美洲,S
"JACKSON SURVEY CO.,LTD.",台湾省,五金,KO KUANG TAI,00886 2 27091425,00886 2 27084130,台北市信义路四段107之2号3楼,,,,亚洲,C
Jaekel Import-Export GmbH & Co. KG,德国,五金,Dipl. Kfm. Edgar Jaekel,0049 421 43 62 20,0049 421 4 67 70 87,"Sonneberger Strasse 18, DE 28323, Bremen",,info@deran.de,,欧洲,S
Jaeger GmbH,德国,五金,Ernst Koenig,0049 40 3 06 92 70,0049 40 38 75 23,"Bugdahnstrasse 5, DE 22767, Hamburg",,,www.hanter-hamburg.de,欧洲,S
"JAE KYUNG CO.,LTD.",韩国,五金,"KIM, JAE-OK",0082 (02)2276-0004,0082 (02)2272-9867,"196, ULCHIRO 3-GA, CHUNG-GU, SEOUL",100-193,jaekcl@hanmail.net,,亚洲,A
JADOM OASIS TECHNOLOGY (MACAO) COMPANY LIMITED,澳门,五金,WILLIAM. HOI WAI CHE,00853 420556,00853 420557,"ALAMEDA DE TRANQUILIDADE,BLOCK 1,FLOOR 25,FLAT H,JARDIM HOI KENG",,newoasis@macau.ctm.net,,其他,C
JADE INTL.,美国,五金,SAL CIMINO,001 610-522-9300,001 610-522-9387,"102 GEORGETOWN BLDG, FOLCROFT, PA 19032",,,,北美洲,S
Jade International Forwarding,美国,五金,Evelyn Mo,001 718 656 8010,001 718 656 8008,"16716 146th Ave Jamaica, NY 11434-5223",,evelyn@jadejik.com,,北美洲,S
JADDEH ABRISHAM TRADING,伊朗,五金,M.FARAHANI,0098 21 6715306/6712078,0098 21 6715602,P.O.BOX:15875-1884 TEHRAN,,j.abrisham@chapar.net,,亚洲,C
JACKSON ANG IND'L CORPORATION,菲律宾,五金,ROBERT L.ANG,0063 2 6553179/6553176/9164556035,0063 2 6553176,"KM.20 ORTIGAS AVENUE EXTENSION BRGY.STO.DOMINGO,CAINTA,RIZAL",,,,亚洲,B
Jacson of Scandinavia AB,瑞典,五金,,0046 416 307 75,0046 416 304 10,"Soderg 10, SE 27033, Vollsjo",,jacson@swipnet.se,WWW.JACSON.SE,欧洲,A
JACO UNION TRADING,香港,五金,FIMMY T. Y. MING,00852 25411177,00852 25457871,"ROOM 909,9/F.,NO.1 HUNG TO ROAD,KWUN TONG,KOWLOON(G.P.O.BOX 12842)",,hkjaco@netvigator.com,,亚洲,C
J.Z.EASTERN INTERNATIONAL INC.,美国,五金,Ms. JENIFER ZHANG,001 201 4391316/3108295,001 209 3709628,"P.O.BOX 45,DUMONT,NJ 07628",NJ 07628,j.z.eastern@hotmail.com,,北美洲,S
"J.W.INDUSTRIES,INC.",韩国,五金,"DONG HUI,WOOH",0082 51 9729982,0082 51 9729985,"#1196-3,CHORYANG 3-DONG,DONG-KU,PUSAN",,jwinc@chollian.dacom.co.kr,,亚洲,A
JACKEL FRANCE SA,法国,五金,ZIJUAN NIU,0033 1 46058741,0033 1 46058720,"81,RUE DE PARIS,92100,BOULOGNE",,zijuaniu@jackel.fr,,欧洲,A
Jackdaw Tools Ltd,英国,五金,S. Paskin,0044 1902 366551,0044 1902 634983,Leveson St Willenhall W. Midlands WV13 1DB,,jackd@ukindustry.co.uk,http://www.jackdaw.co.uk,欧洲,S
Jack International Fasteners Ltd,新西兰,五金,,0064 9 634 3317,0064 9 636 6752,"161b Neilson Street, Onehunga, 1006, Auckland",,merv@jif.co.nz,http://www.jif.co.nz,大洋洲,A
"J.N. TAYLOR & CO., LTD.",澳大利亚,五金,GEOFF WOLFENDEN/M,0061 8 93353291,0061 8 93358872,"56, MARINE TERRACE//FREMANTLE, WA 6160",,admin@taylormirrin.com.au,WWW.TAYLORMIRRIN.COM.AU,大洋洲,S
"J.MULCHAND & SONS.,LTD.",香港,五金,SUNIL MULCHAND,00852 25257381/94500047,00852 28459328,"ROOM 1802 HOPEWELL CENTER,183 QUEEN'S ROAD EAST,WANCHAI",,sunil@replay.net;jmsl@replay.net,,亚洲,C
J.M.TRADERS,斯里兰卡,五金,J.M.D.T.PRASANNA,0094 777611603/777600633,0094 11 2273445,NO.141/2 MAKULU DUWA PILIYAN DALA,,www.thilak@yahoo.com,,亚洲,C
J.M.RAMCHANDRA & SONS,印度,五金,AKHIL AGARWAL,0091 11 3262726,0091 11 3278291,"3620,CHAWRI BAZAR,DELHI-110006",,jmram_india@hotmail.com,,亚洲,C
"J.M.D. TOOLS,INC.",美国,五金,BENNY LEE,001 562 6339418,001 562 6339412,"7500 JEFFERSON STREET PARAMOUNT,CA",90723,,,北美洲,S
"J.K. WONG,INC.",美国,五金,WILLIAM WONG,001 731 8552949,001 731 8552140,"P.O.BOX 467,1264 HWY 45 BY-PASS,TRENTON,TN 38382",TN 38382,williamywong@msn.com,,北美洲,S
J.K. INTERNATIONAL,尼泊尔,五金,Mr. PAWAN JAIN,00977 1 420345/417270,00977 1 420345,"P.BOX 9568,MAITIDEVI,KATHMANDU",,pankaj@sre.wlink.com.np,,其他,C
J.I.C.ENTERPRISES TAIWAN LIMITED,台湾省,五金,MIKE LIANG,00886 2 23687200,00886 2 23672601,"11F-1,NO.79 HSIN-HAI ROAD,SEC.1,TAIPEI",106,jic@ms8.hinet.net,,亚洲,C
J TROUILLET ET FILS,法国,五金,M TROUILLET PIERRE,0033 4 77515021,0033 4 77515633,"LIEU DIT LES LOUCHES, 42220, SAINT JULIEN MOLIN MOLETTE",,contact@trouillet.com,www.trouillet.com,欧洲,A
J.FISCHMAN TECHNOLOGY & INNOVATIVE TECHNOLOGIES INTERNATIONAL LTD.,香港,五金,JEROME FISCHMAN,00852 29649692/94251157,00852 29649693,"12-D ALBRON COURT,99 CAINE ROAD,MIDLEVELS",,jerryfisch@jfischtech.com,HTTP://WWW.JFISCHTECH.COM,亚洲,C
J.E.Z. INTERNATIONAL TRADING COMPANY,美国,五金,,001 3046172865,001 7403774857,"P.O. BOX 803, U.S.A.",,janice_zh_115@netzero.net,,北美洲,S
J.D.TRADERS,印度,五金,MR.JANAKI DASS.CHHABRA,0091 11 5594671,0091,"14/4A PREM NAGAR,TILAK NAGAR,DELHI",110058,puri_niit30@yahoo.co.uk,,亚洲,C
J.D.M.TEXTILES (PVT) LTD.,斯里兰卡,五金,S.H.M.NIYAS,0094 11 389111/389114/77900826,0094 11 389115,"92,SECOND CROSS STREET,COLOMBO 11",,jdm@sltnet.lk,,亚洲,C
J. Noborn Konsult AB,瑞典,五金,Mr Jan Noborn,0046 42 222550,0046 42 222550,"Rivoegatan 9, S-257 30 Rydebaeck",,,,欧洲,A
J. M. TRADING CO. L.L.C.,阿拉伯联合酋长国,五金,J.B. PAMNANI,00971 4 2218049,00971 4 2240050,"AL SABKHA, SABKHA BLDG. 1ST FLOOR, FLAT NO. 1, NEAR DOWN TOWN HOTEL, P.O. BOX 27856,DEIRA,DUBAI",,mytco@emirates.net.ae,,亚洲,B
"ITO CO,LTD.",日本,五金,HIDEAKI INAGAKI,0081 794 820180/90 11410180,0081 794 827474,166 TORIMACHI MIKI-CITY HYOGO-PREF,673-0456,inagakh1@world-ito.co.jp,,亚洲,S
J.C.GRAND CORPORATION,台湾省,五金,陈俊雄,00886 2 25223248 EXT.24,00886 2 25365500/25628741,"10F,NO.200,SUNG CHIANG ROAD,TAIPEI,R.O.C.",24206,jcgrand@ms6.hinet.net,WWW.JCGRAND.COM.TW,亚洲,C
J.B.GUPTA & SONS (P) LTD.,印度,五金,SANJAY GUPTA,0091 11 24332599/24334231,0091 11 24334233,"B-82,DEFENCE COLONY,N.DELHI-24",,jbg@ndf.vsnl.net.in,WWW.JBGUPTAANDSONS.COM,亚洲,C
J.B.GUPTA & COMPANY,印度,五金,PAWAN GUPTA,,,"M-56,MKT.,GREATER KAILASH-I,NEW DELHI",110048,,,亚洲,C
J.A.S. ENTERPRISES CO.,菲律宾,五金,ROBERT C. TAN,0063 2 2520512/2533417/2520516/9192722289,0063 2 2519772/2515492,"1325 JOSE ABAD SANTOS AVE., TONDO, MANILA",1012,tuffchem@yahoo.com,,亚洲,B
J.A.Linn & Co.,新加坡,五金,A J Lim,0065 67457411,0065 68416736,"Gordon Warehouse Building, 9,Kaki Bukit Rd 2 #02-08, 417842, Singapore",,,,亚洲,A
J. T. SLOCOMB COMPANY,美国,五金,,001 860 6339485,001 860 6332388,"68 MATSON HILL ROAD,S. GLASTONBURY,CT",CT 06073,,WWW.JTSLOCOMB.COM,北美洲,S
J. T. HARDWARE SDN. BHD.,马来西亚,五金,CHING CHOR SENG,0060 4 2827040/2826309,0060 4 2824258,"NO. 80,JALAN TRENGGANU,10460 PULAU PINANG",,,,亚洲,B
IT PRODUCTION,美国,五金,GERRY,001 6266756886,001 6264039836,"1041 TWIN CYN. LN., U.S.A.",,bcool6040@yahoo.com;gerry6040@yahoo.com,,北美洲,S
ITO KANAMONO SHOKAI KK,日本,五金,ITO SHOICHI,0081 261 22 0239,0081 261 22 9036,"1285-1, O-MACHI, OMACHI-SHI, NAGANO 3980002",,,,亚洲,S
ITO SHOTEN YK,日本,五金,"ITO, SHUNICHI",0081 17 788 0005,,"OHAMA 143, ABURAKAWA AOMORI-SHI, AOMORI 0380059",,,,亚洲,S
ITO SHOTEN GS,日本,五金,"ITO, SHUJI",0081 895 22 5760,0081 895 22 5442,"5-26, ASAHI-MACHI 4-CHOME UWAJIMA-SHI, EHIME 7980004",,,,亚洲,S
ITO KINZOKU KK,日本,五金,GOTO SEIZABURO,0081 25 273 3371,0081 25 275 5367,"10-32, YUTAKA 1-CHOME, NIIGATA-SHI, NIIGATA 9500812",,,,亚洲,S
ITEX CO LTD,日本,五金,"YAMADA, RYOICHI",0081 6 6632 2241,0081 6 6632 6214,"14-3, MOTO-MACHI 1-CHOME NANIWA-KU OSAKA-SHI, OSAKA 5560016",,,WWW.ITEX.CO.JP,亚洲,S
ITAYA KINZOKU KK,日本,五金,"FUKUSHIMA, YOSHIAKI",0081 868 38 3094,0081 868 38 6081,"572-1, KATSUMADA, SHOO-CHO KATSUTA-GUN, OKAYAMA 7094316",,,,亚洲,S
"J S A SALES & MARKETING, INC.",美国,五金,David Johnson,001 781 4446265,001 781 4550761,"14 Oak St.,Needham,MA",MA 02492-2402,,,北美洲,S
J I TRADING & MANUFACTURING PTE LTD,新加坡,五金,LIM JIT MEE,0065 67442242,0065 67457747,NO.17 KAKI BUKIT INDUSTRIAL TERRACE,416098,jitpl@pacific.net.sg,WWW.JITM.COM.SG,亚洲,A
J Hewit & Sons Ltd.,英国,五金,David Lanning,0044 131 449 2206,0044 131 451 5081,"Kinauld Leather Works, Currie, Edinburgh, GB EH14 5RS",,sales@hewit.com,http://www.hewit.com,欧洲,S
IPS Import-Export GesmbH,奥地利,五金,Herr Robert Schneider,0043 1 8652958,0043 1 865295829,"Brennergasse 14, A-1232 Wien, Wien, Austria",,tantepoldi@aon.at,,欧洲,A
J. K. VARSHNEYA,印度,五金,J. K. VARSHNEYA,0091 11 6464691,0091 11 6464691,"571, MANDAKINI ENCLAVE, NEW DELHI",110019,jkvarshneya@vsnl.com,,亚洲,C
J&L MOSS ENTERPRISES INC,美国,五金,,001 9495819200,001 9495818054,"22601 SUMMERFIELDMISSION VIEJO,CA 92692,U.S.A.",,jkmcpp@cox.net,,北美洲,S
J & N HARDWARE AND ENGINEERING,新加坡,五金,MR.NELSON NG,0065 67810040,0065 67870020,BLK 1 YISHUN STREET 23 #02-21,768441,janhw@singnet.com.sg,,亚洲,A
J & T Group Ltd,英国,五金,Mrs S. Dale,0044 1782 349440,0044 1782 349449,"P.O. BOX 5, Victoria Works, 153 Victoria Street, Hartshill Stoke-on-Trent, ST4 6HA",,info@storagebins.co.uk,http://www.storagebins.co.uk,欧洲,S
J & L Engineering,英国,五金,,0044 116 266 7074,0044 116 266 7054,"284 Loughborough Road, GB LE4 5PH, Leicester",,,,欧洲,S
J CORTINA,美国,五金,WALTER CLINE SR,001 813-229-6973,001 813-229-0995,"603 E JACKSON ST, TAMPA, FL 33602-4906",,,,北美洲,S
J L M Security,英国,五金,MR.LODAN,0044 1224 594200,0044 1224 584571,"43 1/2, Rosebank Terrace, GB AB11 6L, Aberdeen",,,http://www.jlmsecurity.com,欧洲,S
J KAS COMPANY LTD.,加纳,五金,JOSEPH K. AABLORH,00233 21 667796/316354/208116168,00233 21 316275/665275,"OPP. MIREKU HSE. OKAISHIE,ACCRA (P.O.BOX GP 17766 ACCRA)",,jkascom@yahoo.com,,非洲,C
J H C Hardware Ltd,英国,五金,D. McMullan,0044 28 9077 7912,0044 28 9077 7793,"145-151 Dargan Crescent, GB BT3 9JP, Belfast",,,WWW.JHCHARDWARE.COM,欧洲,S
J FURPHY & SONS PTY LTD,澳大利亚,五金,ADAM FURPHY,0061 3 5832 1400,0061 3 5832 1410,New Dookie Rd Shepparton VIC 3632,,mail@furphys.com.au,HTTP://WWW.FURPHYS.COM.AU,大洋洲,S
"J & Y TRADING CO.,LTD.",韩国,五金,SANG-GYUN KIM,0082 2 3795167/3795168/172729782,0082 2 3791748,"YOUJIN B/D 9F 110-1,KUGI-DONG,JONGRO-KU,SEOUL",110-011,juskkim270@hanmail.net,,亚洲,A
J C ENGINEERING SUPPLY,美国,五金,Y.S.JOE CHAO,001 318 3438199,001 318 3454896,"1213 HIDEAWAY ROAD MONROE,LA 71203",LA 71203,ysjoechao@aol.com,,北美洲,S
J BOVAGNET,法国,五金,M REY CHRISTIAN,0033 4 50981216,0033 4 50962767,"220 AVENUE DES LACS, BP 150, 74954, SCIONZIER CEDEX",,jbsa.cr@wanadoo.fr,WWW.BORAGNET.COM,欧洲,A
IZUMI RIKI SEISAKUSHO CO LTD,日本,五金,SHINODA KEIZO,0081 72 238 0888,0081 72 2299221,"1-5, HIGASHI 1-CHOME, KUKEN-CHO, SAKAI-SHI, OSAKA 5900934",,,WWW.SAKAI-COHJI.CO.JP,亚洲,S
"J & J TECHNOLOGIES, INC",美国,五金,JOHM,001 8478428628,001 8478428638,"1016 SUMMIT STREET #1200, BARRINGTON, IL 60010, U.S.A.",,johnzhu@ameritech.net,www.ameritech.com,北美洲,S
J & F INDUSTRIAL (INTERNATIONAL) LTD.,香港,五金,HENRY YEUNG,00852 28159519,00852 25416911,"ROOM 102,1/F.,TERN CENTRE,TOWER II,251 QUEEN'S ROAD CENTRAL",,jandfind@netvigator.com,,亚洲,C
J & E WHOLESALERS (PTY) LTD.,南非,五金,ADAM S.JOOSUB,0027 12 3275000/84 6663786,0027 12 3275029,"423 CHURCH STREET,PRETORIA WEST (P.O.BOX 1075 PRETORIA 0001)",0183,joosub@mweb.co.za,,非洲,C
J & J Fasteners,英国,五金,Joanne V. Ashcroft,0044 1772 425588,0044 1772 425577,"Little Quarries, Hill Top Lane, Whittle Le Woods, GB PR6 7QR, Chorley",,info@screwitup.co.uk,,欧洲,S
IZZEDDEN BASHITI TRADING STORES,约旦,五金,AZIZ BASHITI,00962 6 4622722,00962 6 4638904,P.O.BOX 23324 AMMAN,11115,aim@go.com.jo,,亚洲,C
IZUMIYA KANAMONO KK,日本,五金,"ISHII, SUZUKO",0081 6 6643 0022,,"4-22, NAMBA SENNICHIMAE CHUO-KU OSAKA-SHI, OSAKA 5420075",,,,亚洲,S
IZUMI KENZAI KK,日本,五金,"KASUYA, YUZURU",0081 465 48 8811,,"5-12, KOZU 1-CHOME ODAWARA-SHI, KANAGAWA 2560812",,,,亚洲,S
IZAWA CO LTD,日本,五金,"IZAWA, TADAYOSHI",0081 794 82 7839,0081 794 83 2029,"8-1, HIGASHIHODA, BESSHO-CHO MIKI-SHI, HYOGO 6730444",,,,亚洲,S
IYOKANA KK,日本,五金,FUKUOKA HIDEAKI,0081 893 44 3175,0081 893 443178,"KO 800-1, UCHIKO, UCHIKO-CHO, KITA-GUN, EHIME 7913301",,,,亚洲,S
IWATANI FISSLER CORPORATION,日本,五金,ITOSHISA,0081 3 3523 6171,0081 3 3523 6172,"2-12, SHINKAWA 1-CHOME CHUO-KU, TOKYO 1040033",,,,亚洲,S
IWATA BORUTO SEIZO KK,日本,五金,IWATA KYOICHI,0081 3 3368 8171,,"48-2, CHUO 2-CHOME, NAKANO-KU, TOKYO 1640011",,,,亚洲,S
IWAMI TEKKO KK,日本,五金,IWAMI AKIO,0081 792 46 3151,0081 792 46 2510,"45, USAZAKIMINAMI 1-CHOME, SHIRAHAMA-CHO, HIMEJI-SHI, HYOGO 6728022",,,,亚洲,S
IWAH (M) SDN.BHD.,马来西亚,五金,A.U.TEOH,0060 3 61387611/61376330/122262429/123767022,0060 3 61387622,"7224,JALAN LEN OMNIBUS,TAMAN SELAYANG BARU,BATU CAVES,SELANGOR",68100,auteoh@iwah.com.my,,亚洲,B
IVORY TOWER TREASURES,美国,五金,,001 8046396290,001 8046396291,"5207 WEST SHORE RD,MIDLOTHIAN, VA 23312 ,U.S.A.",,ssahg@aol.com,,北美洲,S
Ivor Spry & Co. Ltd.,英国,五金,K. Cooper,0044 1622 833414,0044 1622 833415,"The Granary, Cornwells Farm, Sheephurst Lane, Marden, Tonbridge, Kent TN12 9NS",,sales@spry.co.uk,http://www.spry.co.uk,欧洲,S
IVER C. WEILBACH & CO. A.S.,丹麦,五金,E. KLITGAARD,0045 33 13 59 27,0045 33 93 59 27,"TOLDBODGADE 35,DK-1253 COPENHAGEN K.",,klitgaard@weilbach.com,WWW.WEILBACH.DK,欧洲,A
IVAR HOLTE A/S,挪威,五金,ARNE-JORGEN HOLTE,0047 37 02 55 00,0047 37 02 25 02/64 18 46 01,"POSTBOKS 96, LANGBRYGGEN 25,N-4801 ARENDAL",,,,欧洲,A
ITT Flygt AB Hong Kong Branch,香港,五金,,00852 27416302,00852 27416605,香港九龙长沙湾 长沙湾道928-930号 时代中心地下,,,http://www.flygt.com,亚洲,C
ITS AB,瑞典,五金,Mr Gunnar Palen,0046 220 40680,0046 220 40684,"Box 46, S-730 40 Kolbaeck",,,WWW.ITS.SE,欧洲,A
ITOH KIKOU SYOKAI LTD,日本,五金,"MAEDA, HARUMI",0081 568 77 6175,0081 568 75 0478,"932-2, MAMAHARA SHINDEN KOMAKI-SHI, AICHI 4850016",,,,亚洲,S
ITALIK METALWEAR PVT.LTD.,印度,五金,HARESH LAKHWANI,0091 2827 287222/287223/9825079622,0091 2827 287221,"G-212,LODHIKA G.I.D.C.,KALAWAD ROAD,METODA,RAJKOT",360003,italik@sify.com,,亚洲,C
ITALIA SHOJI CO LTD,日本,五金,SHIMIZU TORU,0081 3 3264 0929,0081 3 3230 0272,"LIONS STATION PLAZA HANZOMON, 5-4, KOJI-MACHI 1-CHOME, CHIYODA-KU, TOKYO 1020083",,,WWW.ITALIA-SHOJI.CO.JP,亚洲,S
ISHIGURO CO LTD,日本,五金,"ISHIGURO, TATSUYUKI",0081 52 412 9888,0081 52 412 9950,"44-2, NAGAOSA-CHO 5-CHOME NAKAMURA-KU NAGOYA-SHI, AICHI 4530839",,,WWW.ISHIGURO.TV,亚洲,S
ISHIGAKI SANGYO KK,日本,五金,ISHIGAKI IWAO,0081 594 23 1321,0081 594 23 6344,"568, EBA, KUWANA-SHI, MIE 5110836",,ishigaki@ce.wak.com,,亚洲,S
IRISH INT'L.TRADING CORP. PLC.,爱尔兰,五金,TADHG HEALY,00353 21 4275 161,00353 21 4313 662,",ROCKSAVAGE, CO. CORK",,iitc@iitc.ie,www.iitc.ie,欧洲,A
Irish International Trading Corp (Cork) plc,爱尔兰,五金,Mr. Hilary Browne,00353 21 4705800,00353 21 4705880,"Rocksavage, Cork",,,www.iitc.ie,欧洲,A
IRISH INTERNATIONAL STORES,爱尔兰,五金,NOEL WHELAN,00353 65 682 0998,,"QUIN ROAD,ENNIS, CO.CLARE",,,,欧洲,A
Irish International Abrasives Ltd,爱尔兰,五金,Mr. Jim Cuddy,00353 1 4507304,00353 1 4503281,"Walkinstown, Dublin 12",,,www.irish.com,欧洲,A
ITACHI MARKETING,马来西亚,五金,LOW SIEW WON,0060 7 3544505/167156072,0060 7 3575463,"NO.22,JALAN DENAI 2,TAMAN BUKIT JAYA,ULU TIRAM,JOHOR",81800,liewsw@yahoo.com/gzf93@yahoo.com,,亚洲,B
ISKO DOKUMA ISLETMELERI SAN.VE TIC.A.S,土耳其,五金,MR.ADNAN KOCAMER,0090 224 7148000,0090 224 7148021,ORGANIZE SANAYI BOLGESI 3.CADDE INEGOL BURSA,16425,akocamer@isko.com.tr,WWW.ISKO.COM.TR,亚洲,B
ISTANBUL ELEKTRONIK HIRDAVAT KIRTASIYE GIDA TURIZM DIS TIC.SAN.LTD.STI.,土耳其,五金,AYHAN YILMAZ,0090 212 5190939/5208303/5322570767,0090 212 5208225,AD.TAHTAKALE CAD.CAMASIRCILAR SOK.NO:19 EMINONU ISTANBUL,,istelekt@hotmail.com,,亚洲,B
ISONAGA KK,日本,五金,ISONAGA HARUO,0081 834 25 1411,0081 834 25 2005,"384, KURIYA, TOKUYAMA-SHI, YAMAGUCHI 7450802",,,,亚洲,S
ISN AB,瑞典,五金,Mr Sigurd Nyberg,0046 8 56046470,0046 8 56046469,"Klevbergsv. 113, S-179 60 Stenhamra",,,,欧洲,A
ISMAIL A.TURE,埃塞俄比亚,五金,,00251 1 555101/110279,00251 1 552992,"PO.BOX.21614,ADDIS ABABA",,ismail-a.ture@telecom.net.et,,其他,C
ISLAND STEEL AND HARDWARE SDN.BHD.,马来西亚,五金,CHEAH ENG HOOI,0060 4 9671261/134330500,0060,"57,POKOK ASAM,KUAH,LANGKAWI,KEDAH DARUL AMAN",07000,,,亚洲,B
ISLAM BROTHERS & COMPANY,孟加拉国,五金,A.M.MOHIUDDIN(MOHIN),00880 31 631135/655710/653996/18311887,00880 31 650124,"94,SHULAKBAHAR,KATALGONJ,PANCHLAISH,CHITTAGONG",,aislam@ctg.bd.net/aislam@ctg-bd.net,,亚洲,C
ISIK INSAAT TAAHHUT VE KIMYA SAN.TIC.LTD.STI.,土耳其,五金,MR YAKUP HACIYAKUPOGLU,0090 212 2535509/2971143,0090 212 2535450,tersane cad.no 44 izsal han daire 13-14-15 karakoy/istanbul,,isikinsaat@superonline.com,,亚洲,B
ISHIZUKA ICHIROSHOTEN KK,日本,五金,"ISHIZUKA, ICHIRO",0081 289 65 5111,0081 289 65 5115,"1091, SHIMOTA-MACHI 2-CHOME KANUMA-SHI, TOCHIGI 3220036",,,,亚洲,S
ISHIZAKI BORUTO YK,日本,五金,ISHIZAKI JUICHI,0081 25 259 8511,0081 25 259 8516,"1672-12, SHIMO OYACHI, TOYOSAKA-SHI, NIIGATA 9503308",,,,亚洲,S
ISHIYAMA SHOKO KK,日本,五金,ISHIYAMA FUJISHIRO,0081 48 524 5581,0081 48 524 0102,"2-7, TONYA-CHO 4-CHOME, KUMAGAYA-SHI, SAITAMA 3600024",,,,亚洲,S
ISHITOKU RASHI CO LTD,日本,五金,ISHIKAWA RYUICHI,0081 3 36042611,0081 3 36048808,"17-5, AOTO 5-CHOME, KATSUSHIKA-KU, TOKYO 1250062",,ishitokul@ma2.justnet.ne.jp,WWW.ISHITOKU.CO.JP,亚洲,S
ISHIOKA KENZAI SHOJI KK,日本,五金,"ISHIOKA, MIKIO",0081 11 852 0150,0081 11 851 5994,"7-25, TSUKISAMU HIGASHI 1-JO 15-CHOME TOYOHIRA-KU SAPPORO-SHI, HOKKAIDO 0620051",,,,亚洲,S
ISHIKAWA SEISAKUSHO KK,日本,五金,ISHIKAWA KOICHI,0081 6 67824806,0081 6 67892066,"12-11, MIKURIYA NAKA 1-CHOME, HIGASHIOSAKA-SHI, OSAKA 5770035",,,,亚洲,S
ISHAQ,也门共和国,五金,HABIB AHMED ISHAQ,00967 1 613542/73819221,00967 1 326793,"KHARTOOM ST.,SANA'A(P.O.BOX:2)",,habibishaq@y.net.ye,,其他,C
ISHIKAWA PRODUCT CO LTD,日本,五金,"SAITO, RYUICHI",0081 72 271 2025,0081 72 271 2027,"2280-1, HISHIKI 1-CHOME SAKAI-SHI, OSAKA 5938315",,,,亚洲,S
ISHIDA BUSSAN SHOKAI KK,日本,五金,ISHIDA ATSUHIRO,0081 256 63 6011,0081 256 64 5058,"5506, KOTAKA, TSUBAME-SHI, NIIGATA 9591241",,,,亚洲,S
ISHIBASHI KANAMONO KK,日本,五金,ISHIBASHI TSUKIHIRO,0081 944 88 1484,0081 944 86 5750,"51, SAKEMI, OKAWA-SHI, FUKUOKA 8310016",,,,亚洲,S
ISEYASHOTEN KK,日本,五金,"ISEKA, KATSUMASA",0081 895 22 1132,,"1-2, NATSUME-CHO 2-CHOME UWAJIMA-SHI, EHIME 7980083",,,,亚洲,S
ISEYA KANAAMIKOGYO KK,日本,五金,MIZUTANI MASANORI,0081 52 741 3333,0081 52 7413184,"10-12, CHIKUSA 2-CHOME, CHIKUSA-KU NAGOYA-SHI, AICHI 4640858",,,,亚洲,S
ISEKOH CO LTD,日本,五金,"MINAMIYASHIKI, TSUTOMU",0081 47 396 9911,0081 47 396 9913,"8-9, FUKUEI 3-CHOME ICHIKAWA-SHI, CHIBA 2720137",,,HTTP://WWW.ISEKOH.JP,亚洲,S
ISEKI SANGYO KK,日本,五金,YASUNAMI,0081 47 351 4147,0081 47 352 5249,"18-2, TODAIJIMA 1-CHOME, URAYASU-SHI, CHIBA 2790001",,msc@isekigroup.co.jp,WWW.ISEKIGROUP.CO.JP,亚洲,S
ISATECH CORP.,哥伦比亚,五金,DAVY SHU,0057 1 6292001/6292012,0057 1 6291989,EDIFICIO TELEPORT CALLE 114#9-01 TORRE A OFICINA 1013,,,WWW.ISATECHCORP.COM,南美洲,B
IRWIN INDUSTRIAL TOOL COMPANY,美国,五金,,001 7049874417,001 7049874506,"8935NORTHPOINTE EXECUTIVE DRIVE, U.S.A.",,peter.zou@irwin.com,,北美洲,S
"IRVINE PRODUCTS CO., LTD.",美国,五金,JOSET,001 4089307177,001 4082573829,"829 HOOSHANG COURT, U.S.A.",,lamboproucts@msn.com,,北美洲,S
IRLSTAR ENTERPRISES,,五金,"KHAN AHMED,DANNY",001 512 8373232,001 512 8373203,"EARRINGS ECT.1100 LARKINS LANE COPPERFIELD AUSTIN,TEXAS 78753",TX 78753,veelike@netvigator.com,,其他,C
Irish Wire Products Ltd,爱尔兰,五金,Mr. Owen Coady/MIKE CISTILN,00353 61 315999,00353 61 315836,"Dock Road, Limerick",,,www.irishwire.com,欧洲,A
Irish Building Services,爱尔兰,五金,Mrs Marion Quinn,00353 1 6683982,00353 1 4607500,"Ringsend, Dublin 4",,,WWW.IRISHBUILDING.COM,欧洲,A
IRIMEX LTD,希腊,五金,LEONIDAS TSOPOURIDIS,0030 210 8040124,0030 210 8033469,"3,AIANTOS STR.152 35 VRILISSIA ATHENS",,irimex@otenet.gr,,欧洲,B
INVIS MULTIMEDIA,印度,五金,M.R.HARI,0091 471 311832/319892,0091 471 313170,"PANDIT COLONY,KAUDIAR,THIRUVANANTHAPURAM,KERALA",695003,hari@invismultimedia.com,WWW.INVISMULTIMEDIA.COM,亚洲,C
"IRIFUNE DYNAMIC SHIPPING CO.,LTD.",日本,五金,MASAHIRO ITO,0081 6 62603551,0081 6 62603552,"TATSUNO HONMACHI BLDG.3F NO.5-2 HONMACHI 3-CHOME CHUOH-KU,OSAKA.",541-0053,,,亚洲,S
IRAN SHOP.CO.LTD.,伊朗,五金,REZA & HAMID,0098 511 2257723/8437554/9115131811,0098 511 8437554,"NO.62,RAHNAMAI 16,MASHAD STR.",,iranshop2003@yahoo.com,,亚洲,C
INTERSUINSA,西班牙,五金,AUGUSTO CLEMENTE RAMIREZ,0034 928 420791/420720/629486733,0034 928 420184,"DIEGO VEGA SARMIENTO,50,35014 LAS PALMAS DE GRAN CANARIA",,intersuinsa@gruposiemens.com,,欧洲,A
IOD IMPORT-EXPORT,摩洛哥,五金,IDRISSI OUDGHIRI DAKIR,00212 22 319879,00212 22 310851,"140,RUE DE STRASBOURG 1ER ETAGE NO.4-CASABLANCA",,,,非洲,C
IPC-VIETNAM,越南,五金,PHI PHONG HA,0084 4 7337710/913202024,0084 4 7337711,"#A 16,3RD FLOOR,HORISON HOTEL 40 CAT LINH STREET,HANOI",,ipc-vietnam@hn.vnn.vn,,亚洲,B
"IPANEMA ENTERPRISES CO.,LTD.",台湾省,五金,DAVID WU,00886 2 26942231/26942148,00886 2 26942228,"7FL,NO.165 FOO-THE 2ND ROAD SHI-CHI TOWN #221,TAIPEI HSIEN",,ipanema@ms2.seeder.net,,亚洲,C
IOSSIF S.A.,希腊,五金,IOSSIF JOHN,0030 2310 50620,0030 2310 50622,7TH KM O.N.R. LAMIA-VOLOS LAMIA P.O.BOX 101,35100,iosif@sterea.gr,WWW.IOSIF.GR,欧洲,B
INTREND EXPORTS MARKETING(M)SDN BHD,马来西亚,五金,ALFRED TEE,0060 3 56379273/192122563,0060 3 56379473,"SUITE 626(6TH FLOOR),BLOCK B,MENTARI BUSINESS PARK,2,JALAN PJS 8/5,DATARAN MENTARI,PETALING JAYA,SELANGOR DARUL EHSAN",46150,bsetee@pd.jaring.my,,亚洲,B
INTO KK,日本,五金,"INTO, MIEKO",0081 820 22 3151,,"3-1, MINAMI-MACHI 6-CHOME YANAI-SHI, YAMAGUCHI 7420031",,,,亚洲,S
INVESAKK LTDA.,哥伦比亚,五金,SAMIR KUZMAR K.,0057 5 3700045/3700046,0057 5 3700045,"CARRERA 40 NO.33-15,3RD FLOOR,BARRANQUILLA",,gerencia@ferreteriasamir.com,WWW.STANPROF.COM;WWW.FERRETERIASAMIR.COM,南美洲,B
INVERSIONES SUFEIN C.A.,委内瑞拉,五金,JHONNY GARCIA,0058 212 9538409/9539938,0058 212 9535035,"AV. FRANCISCO DE MIRANDA,CENTRO LIDO,TORRE E,PISO 6,OFC:64-E,CARACAS",,tango@telcel.net.ve,WWW.FERREWEB.COM,南美洲,C
Inventia AB,瑞典,五金,MR.SREBRIK TARLSTEDT,0046 8 642 00 40,0046 8 642 0990,"asog 87-89, SE 11829, Stockholm",,info@inventia-ioe.se,www.inventia-ioe.se,欧洲,A
Inventarland AS,丹麦,五金,HUPA TOMSEN,0045 86 65 93 33,0045 86 65 93 81,"Kjellerupvej, DK 8840, Roedkaersbro",,,WWW.INVENTARLANA.DK,欧洲,A
INUI SANGYO KK,日本,五金,INUI NOBUJI,0081 729 96 3339,0081 729 231750,"74-2, KOHATA-CHO 3-CHOME, YAO-SHI, OSAKA 5810835",,,,亚洲,S
INUI KENZAI KK,日本,五金,"INUI, MIKIO",0081 747 52 2381,0081 747 526523,"131-5, SHIMOBUCHI, OYODO-CHO YOSHINO-GUN, NARA 6380821",,,,亚洲,S
INTREX CORP.,韩国,五金,"Y, CHANG",0082 2 26471729/11 7801730,0082 12 16601730,"#301 YOUNGWON-BLDG., 11, 6-GA, YOUNGDEUNGPO-DONG,YOUNGDEUNGPO-KU,SEOUL",150036,intrex@netsgo.com;youngish@yahoo.com,,亚洲,A
"INTRADIN(SHANGHAI)MACHINERY CO.,LTD.",香港,五金,BILL CHEN,00852 25629898,00852 25629999,HONG KONG,,fluid@intradinchina.com;bill@intradinchina.com,WWW.INTRADINCHINA.COM,亚洲,C
"INTRADIN MACHINERY CO.,LTD.",台湾省,五金,BILL CHEN,00886 2 26989606,00886 2 26989575,TAIPEI,,fluid@intradinchina.com;bill@interdinchina.com,WWW.INTRADINCHINA.COM,亚洲,C
INTRADE PARTNERS OY,芬兰,五金,MIEMINEN JOUKO,00358 9 188 8000,00358 9 188 4411,"P.L. 173,FIN-00511 HELSINKI",,,,欧洲,A
INTRACO-ELFA TRADING COMPANY INC.,黎巴嫩,五金,GEORGES HOBEICHE,00961 1 201016/217040,00961 1 339091,"P.O.BOX:166018,BEIRUT",,intracob@inco.com.lb,,亚洲,C
INTRA CORPORATION,日本,五金,Mr. KONDO KATSUHITO,0081 568 250655,0081 568 242041,18 TENJIN-HIGASHI YAMANOKOSHI NISHIHARU-CHO NISHIKASUGAI-GUN AICHI 481-8555,,webmaster@yht.co.jp/kondoh@yht.co.jp,HTTP://WWW.YHT.CO.JP/,亚洲,S
Intown True Value Hardware,美国,五金,Kim Eifird,001 404 8745619,001 404 8741919,"854 North Highland avenue NE,Atlanta,GA",GA 30306,,,北美洲,S
INTL. CUSTOMS EXPEDITORS/ICE INTERNATIONAL,美国,五金,KEVIN STEWART,001 310-337-6956,001 310 337 6959,"9111 S LA CIENEGA BLVD STE. 203, INGLEWOOD, CA 90301-7433",,,,北美洲,S
INT'L TRUST CORP.,约旦,五金,KHALED SHAHIN,00962 6 5856857/795525188,00962 6 5856913,P.O.BOX:141331 AMMAN,11814,kashahin@nets.com.jo,,亚洲,C
INTIME VISION MARKETING PVT.LTD.,印度,五金,C.S.KHANGAROT,0091 141 2704443/2704447/3868686,0091 141 2703090,"C-101,MOTI MARG,BAPU NAGAR,JAIPUR",302015,khangarotcharan@hotmail.com,,亚洲,C
INTEXCON PTE LTD,新加坡,五金,ARUN JAIN,0065 63383705,0065 63399912,190 MIDDLE ROAD #17-05 FORTUNE CENTRE 188979,,intexcon@pacific.net.sg,,亚洲,A
INTERWORKS,美国,五金,,001 949 6437255,001 949 6437274,"30200 AVENIDA DE LAS BANDERA, RCHO STA MARG, CA 92688",,oemsalesmgmt@vikingcomponents.com,www.iwcp.com,北美洲,S
INTERTREND INTL.MARKETING CORP.,菲律宾,五金,LIM.K.BENG,0063 917 8496302,0063 2 7328790/7430480,"93A.,GUIRAYAN ST.,ARANETA,SUBD.,QUEZON CITY",,lim_k_beng@yahoo.com,,亚洲,B
INTERTECH YOSHIDA CO LTD,日本,五金,"YOSHIDA, RYO",0081 72 262 6386,0081 72 262 6387,"5, OTORIKITA-MACHI 7-CHOME SAKAI-SHI, OSAKA 5938328",,,,亚洲,S
INTERSTATE MARKET LTD.,斯里兰卡,五金,Miss. LEETH,0094 11 677110,0094 11 678199,"7,FLOWER AVENUE,FLOWER ROAD,COLOMBO 7",,instate@itmin.com,,亚洲,C
INTERSTATE HARDWARE CO,美国,五金,DAVE LYTLE,001 303 755 4590,001 303 755 0938,"7660 E JEWELL AVE, DENVER, CO 80231",,inthard@aol.com,www.interstatehardware.com,北美洲,S
"INTERSERV MARINE - INTERSERV, L.P.",美国,五金,,001 3105566800,001 3105566810,"8484 WILSHIRE BLVDSUITE #870 BEVERLY HILLS,CALIFORNIA 90211,U.S.A.",,chrisb@interservlp.com,www.interservlp.com,北美洲,S
"INTERRIG & SLING CO.,LTD.",香港,五金,LEMAN K.HALIM,00852 26970674,00852 26028444,"G/F.,UNIT D,FU CHEUNG CENTRE,5-7 WONG CHUK YEUNG STREET,FO TAN,NEW TERRITORIES",,,,亚洲,C
INTERQUALITY-ZAPAD,俄罗斯联邦,五金,OLIVER RIES,007 095 9111146/9119458,007 095 9358333,"MOSKAU,VORONZOVSKAYA UL.,18/20",109044,mail@interquality.ru,WWW.INTERQUALITY.RU,其他,C
INTERNATIONAL SMART SOURCING INC.,美国,五金,,001 6312934796,001 6317526907,"320 BRAODHOLLOW ROAD,U.S.A.",,frank@smart-sourcing.com,,北美洲,S
INTERPIC,西班牙,五金,ANTONIO BALLESTA SANCHEZ,0034 93 5751160,0034 93 5751059,"NARCIS MONTURIOL, S/N.,NAVE 7 POLIGONO LND.FOINVASA,MONTCADA I REIXACH(BARCELONA)",08110,interpic@telefoaica.net,,欧洲,A
INTER-ORIENTAL (THOMAS LAI) ASIA PACIFIC PTE.LTD.,新加坡,五金,THOMAS LAI,0065 67528488,0065 67528478,10 ADMIRALTY STREET #06-71 NORTH LINK BUILDING,757695,thomas.lai@iotl.com.sg,,亚洲,A
"Internova Inc, Sw Office",瑞典,五金,Mr Tord Larsson,0046 410 42653,0046 410 40901,"Box 3010, S-231 03 Trelleborg",,,,欧洲,A
INTERNATIONAL WIRE ROPE CORP.,美国,五金,JOSEPH CHERRY,001 251 4768030,001 251 4762974,"P.O. BOX 5459,MOBILE,,AL",AL 36605,jc2838@aol.com,,北美洲,S
INTERNATIONAL TRADE PROMOTION CENTRE,印度,五金,SOURABH AGARWAL,0091 11 6257765,0091 11 9397765,P-29.SOUTH EXTN.PART-2 NEW DELHI,110049,itpc@spectranet.com/itpc@vsnl.com,,亚洲,C
INTERNATIONAL TRADE ENTERPRISES,香港,五金,JENNY LAM,00852 27235257/23693782/90342941,00852 27395730,"SUITE B2,6 FLOOR,HANKOW CENTRE 4A ASHLEY ROAD,KOWLOON(P.O.BOX 96299 T.S.T)",,itekk@netvigator.com,,亚洲,C
INTERNATIONAL SUPPLY CO. LTD.,科威特,五金,TOM SALDAHNA,00965 481 4914/389/4018,00965 483 0328,"P.O. BOX 5514,SAFAT 13056",,iscol@ncc.moc.kw,,亚洲,B
International Reservations Ltd,英国,五金,Emma Stevenson,0044 115 941 4141,0044 115 8523686,"16-22 Goosegate, Hockley, GB NG1 1FF, Nottingham",,sales@intres.co.uk,http://www.intres.co.uk,欧洲,S
INTERNATIONAL PURCHASING & SUPPLY,美国,五金,NICHOLAS MOUTTET,001 305 3830873,001,15627 SW 97 TERR MIAMI FLORIDA,33196,nich15627@aol.com,,北美洲,S
"INTERNATIONAL PRODUCTION MATERIALS,INC.",美国,五金,Mr. KENNETH LEE,001 847 9349430,001 847 9349432,"1568 CLOVER DR.,INVERNESS,IL 60067",,ipmlee@yahood.com,,北美洲,S
International Ordnance Sales and Services - I.O.S.S. SA,比利时,五金,,0032 4 264 84 50,0032 4 264 1842,"Rue de Bellenay 71-145, B 4040, Herstal",,,,欧洲,A
INTERNATIONAL MOTOR EQPT.CO. SHARJAH.UAE,阿拉伯联合酋长国,五金,Mr. M.TARIQ YOUSUF,00971 6 5338440/50 6326989,00971 6 5336263,AL-WAHADA STREET SHARJAH.,,imecoshj@emirates.net.ae,WWW.IMECO-UAE.COM,亚洲,B
"INTERNATIONAL MARKETING RESOURCES,INC.",美国,五金,ERIC WONG,001 816 7413923,001 816 7418923,"8214 N.W.MIAMI KANSAS CITY,MO 64152",MO 64152,moonintl@netvigator.com,,北美洲,S
INTERNATIONAL MARKET WORLD,美国,五金,,001 6263195856,001 6263373395,"4912 BLEECKER ST., BALDWIN PARK,CA 91706,U.S.A.",,bonniewu3388@aol.com,www.internationalmarketworld.com,北美洲,S
INTERNATIONAL IMPORTERS ALLIANCE LLC,美国,五金,STEVEN WATCH,001 8017129252,001 3603659949,"1148 BRIAR AVE., U.S.A.",,walchdl@attbi.com,,北美洲,S
"INTERNATIONAL GOODLAND GROUP CO.,LTD.",香港,五金,CHEN NAI XUN,00852 21171888,00852 21171899,"8TH FLOOR,211 JOHNSTON ROAD,WANCHAI",,,,亚洲,C
INTERNATIONAL HARDWARE INC.,美国,五金,RON BRANDWEIN,001 847 827 7000,,"4346 REGENCY DR, GLENVIEW, IL 60025",,info@ihinc.com,www.ihinc.com,北美洲,S
International Hardware Electrical & Construction Co.(Pte)Lt,新加坡,五金,,0065 62982900,0065 62984327,"Office:2,Jalan Lembah Kallang, 339558, Singapore",,annreguay@hotmail.com,,亚洲,A
INTERNATIONAL CO FOR IMPORT & TRADE AGENCIES,埃及,五金,SHAWKI ARAFA,0020 48 576192/106613273,0020 48 576192,"QUESNA,ELMONOFIA,EL GEESH ST.",,shawki_arafa@yahoo.com,,非洲,C
INSTRIMPEX MAGHREB LTD.,摩洛哥,五金,Nurding Muiabi,00212 22 451382,00212 22 447102,"7,BIS RUE DE BETHUME,CASABLANCA",,,,非洲,C
INSTANTWARE ENTERPRISE,新加坡,五金,ROLAND LIEW,0065 68419033/96790695,0065 68429415,84-B TEMBELING ROAD,423595,instantware@pacific.net.sg,,亚洲,A
INPAC USA,美国,五金,Mr. JIM CHOI,001 562 4081595/4081995,001 562 4081596,"13902 PARAMOUNT BLVD.,PARAMOUNT,CA 90723",,mikejulee@aol.com,,北美洲,S
INOUE SHICHI CO LTD,日本,五金,"INOUE, HIROSHI",0081 6 6643 3511,0081 6 66414598,"1-5, KOZU 3-CHOME CHUO-KU OSAKA-SHI, OSAKA 5420072",,,,亚洲,S
INTER-LINK ENTERPRISE,香港,五金,Mr. SIMON YAU,00852 27390051,00852 23113375,"RM. 22, 12/F., METRO CENTRE I, 32 LAM HING STREET,KOWLOON BAY",,trine@interlink.com.hk,,亚洲,C
INTERLINE BRANDS,美国,五金,BRIAN WERTHEIMER,001 904 3846530 EXT.4355,001 904 3885784,"3333 LENOX AVENUE JACKSONVILLE,FL",32254,bwertheimer@bntt.com,WWW.E-BARNETT.COM,北美洲,S
"INTERNATIONAL FREEPORT TRADERS,INC.",菲律宾,五金,EDWIN F.MORA,0063 2 6356165/6356166,0063 2 6354868,"3C STRATA 2000 BUILDING,EMERALD AVENUE,ORTIGAS CENTER,1605 PASIG CITY",,ifti@pacific.net.ph,,亚洲,B
INTERNATIONAL DU SIEGE,法国,五金,M SAMMARTANO S,0033 2 43487272,0033 2 43487274,"ZI BOULEVARD DES TOURELLES, 72800, LE LUDE",,,,欧洲,A
"International Door Closers, Inc.",美国,五金,John P. Linder,001 714 6660390,001 714 6662215,"1140 N. Kraemer Pl.,Anaheim, CA 92806-1922,USA",,,WWW.INDOORCLOSERS.COM,北美洲,S
INTERNATIONAL DOOR AUTOMATION AB,瑞典,五金,BJORN LJUNGGREN,0046 526 18600/18607,0046 526 18690,"PRASTANGSVAGEN 30,SE-45233 STROMSTAD",,info@door-automation.se,WWW.DOOR-AUTOMATION.SE,欧洲,A
INTERNATIONAL DEVELOPMENT CORPORATION,美国,五金,ALEX LIU/AMY CHANG,001 817 2516999,001 817 2519131/4102491,"2890 MARKET LOOP,SOUTHLAKE,TEXAS 76092",76092,import@idctexas.com,,北美洲,S
INTERNATIONAL BUSINESS PTY.LTD.,澳大利亚,五金,COCO YIN,0061 2 97550535,0061 2 97550540,"75 EARL STREET,CANLEY HEIGHTS,NSW",2166,peter.ib@bigpond.net.au,,大洋洲,S
INTERNATIONAL BUSINESS NETWORKS,美国,五金,WATCHMAN R.LYMN,001 408 2970511,001 408 2970512,"COMMUNITY PLAZA-111 WEST ST.JOHN ST. STE.530 SAN JOSE,CA 95113",CA 95113,watchmanlamb@hotmail.com,,北美洲,S
"INTERNATIONAL BUSINESS CONSULTAN,LTD.",巴拿马,五金,MR.CIRO NORIEGA Q.,00507 2611473/2305568,00507 2281409,"P.O.BOX:633 ZONE 1,PANAMA CITY",,ciro_noriega@hotmail.com,,其他,C
INTERNATIONAL ASSOCIATION OF SPORTS INFORMATION,埃及,五金,SOROUR FARAG AMIN,0020 2 3952809,0020 2 3598779,CAIRO,,sroour@hotmail.com,,非洲,C
INTERNATIONAL ALLOY CORP,日本,五金,KATSUMA TAKASHI,0081 3 3297 1051,0081 3 3297 2601,"6-11, SHINKAWA 1-CHOME, CHUO-KU, TOKYO 1040033",,,WWW.INTERALLOY.CO.JP,亚洲,S
INTERNATIONAL AIR CONDITIONING,美国,五金,,001 3236629500,001 3236620472,"4215 SANTA MONICA BLVD, U.S.A.",,johnfilipian@hotmail.com,,北美洲,S
Intermodul Trading,瑞典,五金,Mr Erik Abrahamsson,0046 40 915433,0046,"Ernst Ahlgrensgatan 3 A, S-217 59 Malmoe",,,,欧洲,A
Inter-Metal Anpartsselskab,丹麦,五金,ERIKLUNBAHL,0045 43 64 37 00,0045 43 62 46 20,"Holsbjergvej 27, DK 2620, Albertslund",,,,欧洲,A
INTERMAX KOREA LTD.,韩国,五金,"CHOI, IN-HO",0082 (02)518-4114,0082 (02)518-4120,"DONGHYUN B/D, 587-14, SINSA-DONG, KANGNAM-KU, SEOUL",135-120,,,亚洲,A
INTERMAT,法属波利尼西亚,五金,FRANCOIS MARTINEZ SOLA,00689 541050/482669/796041,00689 429028,P.O.BOX 12 PAPEETE 98713-TAHITI POLYNESIE FRANCAISE,,intermat@mail.pf,,其他,C
Intermarketing Oy,芬兰,五金,Gustaf Jonsas,00358 9 85 67 61 00,00358 9 85 67 61 10,"Tietajant 12, FI 02130, Espoo",,inter.marketing@co.inet.fi,WWW.INTERMARKETING.FI,欧洲,A
Intermarine Supply Co.Pte Ltd,新加坡,五金,Peggy Lee,0065 68633966,0065 68633277,"12,Tuas Avenue 11, 639078, Singapore",,ropes@intermarine.com.sg,http://www.intermarine.com.sg,亚洲,A
INTER-MARES TRADING CO.,美国,五金,JEFFREY C. MIRITELLO,001 631 957 3467,001 631 957 1005,"P.O.BOX 617, 1064, ROUTE 109, LINDENHURST, NY 11757",,canefish@aol.com,WWW.CANEFISH.COM,北美洲,S
INTERIOR FABRICS,美国,五金,JUDY PANNASH,001 713-789-9259,001 713-789-3067,"3047 FONDREN RD, HOUSTON, TX 77063-4901",,,,北美洲,S
INTERGROUP FAR EAST LTD.VIETNAM OFFICE,越南,五金,JULIET ZHU,0084 8 9255272,0084 8 9255271,"9/F ZEN PLAZA,54-56 NGUYEN TRAI STREET,BEN THANH WARD,DIST.1,HO CHI MINH CITY",,julietz@intergroup-shanghai.com,WWW.INTERGROUP.COM,亚洲,B
INTERGROUP FAR EAST LTD.,巴基斯坦,五金,JULIET ZHU,0092 21 4383927/4383928,0092 21 4383733,"43/7/E,BLOCK 6,P.E.C.H.S.KARACHI",,igfel@igfel.com;julietz@intergroup-shanghai.com,WWW.INTERGROUP.COM,亚洲,C
INTERGROUP CONSULTING LTD.CO.,孟加拉国,五金,JULIET ZHU,00880 2 8815441/8815442/9885319,00880,"HOUSE 25,ROAD 121,CES(A),GULSHAN 1,DHAKA 1212",,julietz@intergroup-shanghai.com,WWW.INTERGROUP.COM,亚洲,C
INTERGROUP (SHANGHAI) CONSULTING LTD.CO.INDIA LIAISON OFFICE,印度,五金,JULIET ZHU,0091 11 26172831/26199636,0091 11 26181739,"B-2/9,2ND FLOOR,SAFDERJUNG ENCLAVE,AFRICA AVENUE,NEW DELHI",110029,julietz@intergroup-shanghai.com,HTTP://WWW.INTERGROUP.COM,亚洲,C
INTERGROUP (INDONESIA) CONSULTING LTD.CO.,印度尼西亚,五金,JULIET ZHU,0062 31 5341723,0062 31 5341793,"GRAHA BUMI MODERN,2ND FLOOR,JL,BASUKI RAKHMAT 106-128,SURABAYA 60271",,julietz@intergroup-shanghai.com,WWW.INTERGROUP.COM,亚洲,B
INTERCONTINENTAL ALLIANCES & MERCHANDISING CORPORATION,印度,五金,SUBHAS MAHBUBANI,0091 80 56966379/56966382/9886040372,0091 80 25097528,"514/515,OXFORD TOWERS (4TH FLOOR),139,AIRPORT ROAD,BANGALORE",560017,subhasmahbubani@hotmail.com,,亚洲,C
INTELLECTUAL FUND CO. DEPARTMENT VES,俄罗斯联邦,五金,VICTOR SAKOVIN,007 095 9161848,007 095 9173495,MOSCOW,,sva_mail@rambler.ru,,其他,C
INTERFAST GROUP,美国,五金,PAUL HUANG,001 909-930-2151,001 909-930-2183,"2730 E PHILADELPHIA ST, ONTARIO, CA 91761-8546",,,www.interfastgroup.com,北美洲,S
"INTERFACE GLOBAL TAIWAN CO.,LTD.",台湾省,五金,DAVID LIN,00886 2 29180500 EXT.511/937080859,00886 2 89119401,台北县231新店市宝桥路235巷3号8楼,,linda_yang@asiatrademart.com,WWW.ASIATRADEMART.COM,亚洲,C
INTA KOPU OITA KK,日本,五金,"YAMADA, KIYOSHI",0081 97 521 8778,0081 97 5218717,"2380-10, MISA OITA-SHI, OITA 8700108",,,,亚洲,S
"INTER-CONTINENTAL CO.,LTD.",台湾省,五金,ELICE HSIA,00886 2 23772736/23777936,00886 2 23777939/23775309,"3F-1,NO.51 SEC.2,KEELUNG RD.,TAIPEI",110,bstelice@ms13.hinet.net,,亚洲,C
INTERCOM S.R.L.,巴拉圭,五金,DIETER MAASSEN JR.,00595 21 200357/203569/971 127631,00595 21 212036/1 603 4624879,P.O.BOX 91 AZARA 4015 (BARRIO SEMINARIO) ASUNCION,4015,dieter@rieder.net.py,,南美洲,C
INTERCOM DO BRASIL,巴西,五金,MR.DIETER MAASSEN JR.,0055 41 3385975/99611186,0055,"RUA NATAL GARIB,62-PILARZINHO CURITIBA-PR",82115-070,intercombr@terra.com.br,,南美洲,B
INTER-CARIB MARKETEERS LTD.,特立尼达和多巴哥,五金,KRIS RAMDAT,001868 6712301/6657575,001868 6657575,"LP 61 LIMEHEAD ROAD CHASE VILLAGE,CHAGUANAS",,icml@carib-link.net,WWW.TILEIT-TT.COM,其他,C
INTERACTIVA CONSULTING,葡萄牙,五金,FERNANDO OLIVEIRA,00351 22 9445685/967096628,00351 22 9445660,ZONA INDUSTRIAL DA MAIA I SECTOR VIII LOTE 40 APARTADO 6072 4475-132 GEMUNDE MAIA,,info@consulting.interactive.pt;fernando@interactive.pt,,欧洲,A
Inter Textiles Import Export BV,荷兰,五金,R.P. Nieborg,0031 294 416116,0031 294 411055,"Flevolaan 25, NL 1382 JX, Weesp",,,,欧洲,A
Inter Speed Products AB,瑞典,五金,Mr Goeran Parnell,0046 33 285827,0046 33 289750,"Box 101, S-517 22 Bollebygd",,,,欧洲,A
"INTER SOLTEC PRIVATE LTD.,CO.",埃塞俄比亚,五金,Mr. TESFAYE LEGESSE,00251 1 566131/9216284,00251 1 566132,"P.O.BOX: 24291,ADDIS ABABA",,rahel@telecom.net.et,,其他,C
INTER SOLTEC PRIVATE LIMITED COMPANY,埃塞俄比亚,五金,TESFAYE LEGESSE,00251 1 566131/9216284,00251 1 566132,P.O.BOX 24291 ADDIS ABABA,,"rahel@telecom.net,et",,其他,C
INTER ROOFS ELECTRONIC SYSTEMS (P) LTD.,印度,五金,DEEPAK CHABBRIA,0091 80 3442125/3442669/9845028869,0091 80 3442125/3442669,"65/2,RAILWAY PARALLEL ROAD,KUMARA PARK (WEST),BANGALORE",560020,interroof@vsnl.com,,亚洲,C
INTER MACHINE CO.,印度尼西亚,五金,ANDY W.,0062 21 683612/6518335/8161820817/816700929,0062 21 6518335,JL.AGUNG BARAT 31 BLOK B29 NO.1 SUNTER AGUNG PODOMORO-JAKARTA UTARA,14350,,,亚洲,B
INTER GRUP HIRDAVATCILIK ITHALAT IHRACAT SANAYI VE TICARET LTD.STI.,土耳其,五金,RAIF OZSIRIN,0090 212 2534040/5326030179,0090 212 2534665,"TERSANE CADDESI CEYREKOGLU IS HANI NO.:15,KARAKOY,ISTANBUL",83324,inter@inter-group.com.tr,WWW.INTER-GROUP.COM.TR,亚洲,B
"INTER BOLT AND FITTING CO.,LTD.",泰国,五金,MR.TSOI HEI KWONG,0066 38 682011/682012/14980018,0066 38 682012,"12/2 TANGLUANGRAYONG ROAD 3191,MARDTAPUD,MURNG DISTRICT,RAYONG",21150,,,亚洲,B
INTER ASIA ENTERPRISE INC.,台湾省,五金,TONY CHOU,00886 2 29996181,00886 2 29996177,"3F-12,NO.12,LANE 609,SEC.5,CHUNG SHIN RD.,SAN CHUNG,TAIPEI HSIEN(P.O.BOX 3-44 SAN CHUNG,TAIPEI HSIEN)",,intrasia@ts.net.tw,,亚洲,C
INTER ACTION,法国,五金,MME COURTY VERONIQUE,0033 1 47803737,0033 1 47809484,"7 AVENUE DE VERDUN, BP 52, 92253, LA GARENNE COLOMBES CEDEX",,inter.action.sa@wanadoo.fr,,欧洲,A
INTELLINET LTD,匈牙利,五金,AIMING KUBUSI,0036 305689818,0036 1 2033250,1119 ETELE UT 39 BUDAPEST,,akubasi@intellinet.hu,WWW.INTELLINET.HU,欧洲,B
INTELLIGENT LIGHTING & TRADING CO.,香港,五金,Mr. PETER CHING,00852 27254480,00852 23619502,"ROOM 606,6 FL.,TAI SHING FOCTORY BLDG.",,intlight@hknet.com,,亚洲,C
"INSTY BIT, INC",美国,五金,JOHN,001 6123811060,001 6123811153,"2310 CHEST NUT AVE. W,MINNEAPOLIS, MNU.S.A.",,johnc@insty-bit.com,,北美洲,S
INTECK KANEKI,日本,五金,WATANABE MASATOSHI,0081 575 21 0088,0081 575 24 0101,"1-10, NISHI HONGO-DORI 2-CHOME, SEKI-SHI, GIFU 5013803",,,,亚洲,S
Intasso Pte Ltd,新加坡,五金,C T Seet,0065 65357155/64402938,0065 64402948,"Fook Hai Building, 150 South Bridge Road #03-03, 058727, Singapore",,,,亚洲,A
INTAIMAS ENTERPRISE (M) SDN.BHD.,马来西亚,五金,DENNIS LEE/SAM KAM LOONG,0060 3 61563618/61575310/61575308/12 3661353/12 30,0060 3 61564874,"NO.3,JALAN TSB 9,TAMAN INDUSTRI SUNGAI BULOH,SUNGAI BULOH,SELANGOR DARUL EHSAN",47000,unitygas@tm.net.my,,亚洲,B
"INTAI HARDWARE ENTERPRISE CO.,LTD.",台湾省,五金,GEORGE CHEN,00886 4 23595336,00886 4 23595331,"26,34TH TD.,TAICHUNG INDUSTRIAL DISTRICT,TAICHUNG CITY",,intai01@ms55.hinet.net,,亚洲,C
Inseco AB,瑞典,五金,,0046 270 735 50,0046 270 735 60,"Kungsg 34, SE 82624, Soderhamn",,post@inseco.se,www.inseco.se,欧洲,A
INOUE KINZOKU KOGYO KK,日本,五金,"INOUE, KATSUHIRO",0081 6 6787 2171,0081 6 6787 2178,"3-39, MIKURIYA HIGASHI 1-CHOME HIGASHIOSAKA-SHI, OSAKA 5770033",,,,亚洲,S
INOUE BYORA KOGYO KK,日本,五金,"INOUE, YOSHIKAZU",0081 6 6533 5711,,"5-6, ITACHIBORI 6-CHOME NISHI-KU OSAKA-SHI, OSAKA 5500012",,,,亚洲,S
INOPLAST,法国,五金,M SANCHEZ PASCAL,0033 4 75694545,0033 4 75342829,"ZI SAINT DESIRAT CHAMPAGNE, BP 3, 07340, SAINT DESIRAT",,contact@inoplast.fr,WWW.INOPLAST.FR,欧洲,A
INNOVATIONS-CLUB HANDELSGESELLSCHAFT MBH & CO.KG,德国,五金,MRS.MARTINA GERINGHOFF,0049 2173 990001/991910/1732574404,0049 2173 992390,RAIFFEISENSTR.15-18 D-40764 LANGENFELD,,m.geringhoff@strauss1902.de,WWW.STRAUSS1902.DE,欧洲,S
"INNOTEC, LTD.",巴哈马,五金,DAVID C. WILLARD,001 242 352 7519,001 242 351 2258,"P.O. BOX F-40788,FREEPORT",,,,其他,C
INHA GMBH,德国,五金,HAAG JOACHIM,0049 30 683760,0049 30 6843024,POSTFACH 47 04 11 BERLIN,12313,haag@inha.de,WWW.INHA.DE,欧洲,S
INGSUN SDN.BHD.,马来西亚,五金,K.H.TAN,0060 88 420130/420131/432848/138653228,0060 88 428860,"LOT 25 & 27,BLOCK E,NOUNTUN INDUSTRIAL ESTATE,INANAM,W.D.T.A-11,89359 INANAM,KOTA KINABALU,SABAH",,ingsun@hotmail.com,,亚洲,B
INGSUN ENGINEERING SDN. BHD.,马来西亚,五金,K. H. TAN,0060 88 420130,0060 88 428860,"LOT 25 & 27,BLOCK E,NOUNTUN INDUSTRIAL ESTATE,INANAM,W.D.T. A-11,INANAM,KOTA KINABALU,SABAH",89359,lngsun@hotmail.com,,亚洲,B
INNO BES(S) PTE LTD,新加坡,五金,MR.WILFRED H.C.TENG,0065 68584321,0065 62889002,"605A MACPHENSON RD,#06-04,CITIMAC IND.COMPLEX",368239,wilfred-innobes@msn.com,,亚洲,A
INNER FAREST INC.,日本,五金,NAKAYI,0081 6 69465110,0081 6 69465120,大阪市中央区枪屋町1丁目3-6 1F,,,,亚洲,S
"INMOBILIARIA INDUSTRIAL,C.POR A.",多米尼加共和国,五金,EUGENIO PEREZ V.,001809 2272222/8500333,001809 5659696,"AVE.SAN MARTIN #227,ENS.LA FE,SANTO DOMINGO",,ninperezv@hotmail.com,,其他,C
INMISS COMMUNICATION SDN BHD,马来西亚,五金,ONG BOON SING (黄文成）,0060 3 21617798/162843980,0060 3 21647977,15TH FLOOR PLAZA OSK JALAN AMPANG KUALA LUMPUR,50450,wwc@msgo.url.com.pw,WWW.INMISS.COM.MY,亚洲,B
"ICSOURCING & LOGISTICS, INC.",美国,五金,ANDY,001 8586952766,001 8586952738,"10631 OAKBEND DRIVE,SAN DIEGO, CA 92131,U.S.A.",,bizdev@icsourcing.com,,北美洲,S
I-E TECHNICS PVT LTD,斯里兰卡,五金,Mr. TISIL COORAY,0094 38 34008,0094 38 34007,"3,SRI GUNARATHANA ROAD,PANADURA",,tisil@ie.lk,www.i-e-online.com,亚洲,C
"INGRAM MICRO (CANADA), INC.",加拿大,五金,SANDRO SESTITO,001 905 7555000,001 905 7551323,"230, BARMAC DRIVE,WESTON,ON",ON M9L 2Z3,,WWW.INGRAMMICRO.CA,北美洲,S
INGERSOLL-RAND SECURITY & SAFETY ASIA,香港,五金,Mr. JOHNSON CHI,00852 22350601,00852 25636911,"625 KING'S ROAD, 23/F, NORTH POINT",,edmond_lee@ap.irco.com,,亚洲,C
INGERSOLL-RAND (HONG KONG) LIMITED,香港,五金,SAMMY LEUNG,00852 22350606/22350603/60237700,00852 25651409,"23RD FLOOR,625 KING'S ROAD,NORTH POINT",,polly_choi@ap.irco.com;sammy_leung@ap.irco.com,,亚洲,C
ILINK SOURCING WORLDWIDE,香港,五金,SIMON D.MAY,00852 62008281,00852 31606657,"302 HUNG KEI BUILDING,5-8 QUEEN VICTORIA STREET,CENTRAL",,simon.may@ilinko.com,WWW.ILINKO.COM,亚洲,C
ILI INC.,美国,五金,KARLO GHOSH,001 212 6793990,001 212 6793991,"303 FIFTH AVE.#501,NEW YORK,NY",10016,,,北美洲,S
Industri og Boliggulv A.S.,挪威,五金,,0047 23 24 48 00,0047 23 24 48 49,"Hovinveien 43, NO 0576, Oslo",,firmapost@ibg.no,,欧洲,A
ILOCO INC.,加拿大,五金,THOMAS K.H.KO,001 416 5200228,001 905 7075854,"1100 LODESTAR RD., UNIT #5-8 DOWNSVIEW ONT.",M3J 2Z4,iloco@globelnet.net,,北美洲,S
IL SOLE IMPORT-EXPORT,意大利,五金,SANDRO,0039 030 2733324/335406618,0039 030 2734246,VIA PATRIOT131/B CASTENEDOLO BRESCIA,25014,ilsoleimpex@libero.it,,欧洲,A
IIDA BYORA CO LTD,日本,五金,IIDA NOBORU,0081 3 3254 3131,0081 3 3254 3139,"8-2, KANDAKAJI-CHO 3-CHOME, CHIYODA-KU, TOKYO 1010045",,,,亚洲,S
"I-LEX INT''''L, INC",美国,五金,,001 9494541350,001 9494541351,"22600 LAMBERT ST.#801 LAKE FOREST, CA,U.S.A.",,i-lex@gmsnet.com,,北美洲,S
"IKUTA & CO., LTD.",日本,五金,YIKODAKIYODOSI,0081 797 716313,0081 797 740305,"1-10-10, CHIGUSA, TAKARAZUKA-SHI, HYOGO 665, JAPAN",,,,亚洲,S
IIDA KANAMONO CO LTD,日本,五金,"IIDA, TAKAO",0081 6 6723 0077,0081 6 6724 5621,"4-2, KANAMONO-CHO HIGASHIOSAKA-SHI, OSAKA 5770815",,,,亚洲,S
IKHUA HARDWARE & MACHINERY SDN.BHD.,马来西亚,五金,TAN THONG YEE,0060 3 89616855/123092609,0060 3 89618232,"PLOT F,LOT 1998,JALAN PERUSAHAAN TIGA,TAMAN SELESA JAYA,BALAKONG,SELANGOR DARUL EHSAN",43300,ikhua@po.jaring.my,HTTP://WWW.IKHUA.COM.MY,亚洲,B
"IKENAGA, K.K.",日本,五金,Mr. MASARU IKENAGA,0081 6 69750888,0081 6 69742293,"1-7-11, HIGASHIOBASE, HIGASHINARI-KU, OSAKA, Osaka 537-0024 Japan",,,,亚洲,S
IKEDAKIKAI KK,日本,五金,"IKEDA, KUNIE",0081 138 41 0001,0081 138 41 6239,"2-14, KITAHAMA-CHO HAKODATE-SHI, HOKKAIDO 0400078",,,,亚洲,S
IKEDA NEJI CO LTD,日本,五金,IKEDA KATSUMI,0081 545 64 2048,0081 545 639092,"420-13, MOTOICHIBA, FUJI-SHI, SHIZUOKA 4160906",,,,亚洲,S
IKADAN SYSTEM,美国,五金,PEG KAMINSKI,001 262-884-4577,,"1860 RENAISSANCE BLVD, STURTEVANT, WI 53177-1743",,,,北美洲,S
IKADA SANGYO KK,日本,五金,"IKADA, ATSUSHI",0081 76 424 4756,0081 76 491 3304,"1-6, OTOWA-CHO 2-CHOME TOYAMA-SHI, TOYAMA 9300037",,,WWW.KOYAMA-SMENEK.OR.JP/~IKADA/,亚洲,S
IK KEE (1979) TRADING SDN. BHD.,马来西亚,五金,MR.DAVID TIONG KOK ENG,0060 84 332189/344895/138112189,0060 84 331494,"NO. 10A(1J),G/FL.,LAI CHEE LANE,JALAN KAMPONG NYABOR,(BEHIND POLICE STATION),SIBU,SARAWAK (P.O. BOX 137,96007 SIBU)",96007,ikkee@streamyx.com,,亚洲,B
IJzerhandel Knoef bv,荷兰,五金,C. Boink,0031 74 2433755,0031 74 2435223,"Wegtersweg 7-11, NL 7556 BP, Hengelo (OV)",,,,欧洲,A
IJsseltools CV,荷兰,五金,W.G. Kalkman,0031 180 592929,0031 180 511929,"Parallelweg 1 A, NL 2921 LE, Krimpen a.d. IJssel",,sales@ijsseltools.nl,WWW.IJSSELTOOLS.COM,欧洲,A
IIMURA KANAMONOSHOJI YK,日本,五金,,0081 287 23 5560,,"2695, HON-CHO 1-CHOME OTAWARA-SHI, TOCHIGI 3240041",,,,亚洲,S
IIJIMA KANAMONO KK,日本,五金,"IIJIMA, YASUNORI",0081 6 6723 2171,0081 6 6725 9397,"1-13, KANAMONO-CHO HIGASHIOSAKA-SHI, OSAKA 5770815",,,,亚洲,S
IIYAMA CO LTD,日本,五金,IIYAMA KATSUYOSHI,0081 256 35 1001,0081 256 35 1351,"11-16, HIGASHI URADATE 2-CHOME, SANJO-SHI, NIIGATA 9550081",,,,亚洲,S
IIDAKANAMONO KK,日本,五金,"IIDA, YOSHINORI",0081 53 434 1731,,"728-1, NISHIGASAKI-CHO HAMAMATSU-SHI, SHIZUOKA 4313115",,,,亚洲,S
IHV INDUSTRIE-+ HANDELSVERTR. SCHNEIDER,德国,五金,MR SCHNEIDER,0049 2623 3055,0049 2623 3057,"D'ESTER-STR 9,56235 RANSBACH-BAUMBACH,GERMANY",,schneider-westtald@t-online.de,,欧洲,S
IHK LTD.,法国,五金,AZIZ ISSOUFALY K.,0033 1 42819245/688506446,0033 1 42819146,"8,RUE ROCHECHOUART 75.00 9 PARIS",,aissoufaly@ihkltd.com,WWW.IHKLTD.COM,欧洲,A
IHARA KINZOKU KK,日本,五金,IHARA KAZUKO,0081 92 431 3731,0081 92 473 6698,"8-3, HAKATAEKI HIGASHI 3-CHOME, HAKATA-KU FUKUOKA-SHI, FUKUOKA 8120013",,,,亚洲,S
IDATRADE,西班牙,五金,JOSE IDARRETA,0034 943 31 25 33,0034 943 31 78 54,"C/.PORTUEXTE, 83-2, SUIT 4,E-20018 S.SEBASTIAN, CANARY IS",,info@idatrade.net,WWW.IDATRADE.NET,欧洲,A
IGETA WIRE NETTING CO LTD,日本,五金,MORI TOSHIFUMI,0081 6 67893661,0081 6 67893673,"8-9, NISHIZUTSUMI GAKUEN-CHO 1-CHOME, HIGASHIOSAKA-SHI, OSAKA 5770044",,,,亚洲,S
IGETA WIRE CLOTH CO LTD,日本,五金,IGETA SHIRO,0081 3 3861 1421,0081 3 38662529,"IGETA BLDG. 8-15, IWAMOTO-CHO 2-CHOME, CHIYODA-KU, TOKYO 1010032",,,,亚洲,S
igefa Handels gmbH & co.kg,德国,五金,MR.Dirk Fritsche,0049 33708 57202/57242,0049 33708 57200,"Ludwig-Erhard-Ring 16,Dahlewitz BERLIN",15827,dirk.fritsche@igefa.de,http://www.igefa.de,欧洲,S
IGARASHI KOGUTEN KK,日本,五金,"IGARASHI, JIRO",0081 27 252 1717,0081 27 252 6100,"6-4, ODOMO-MACHI 2-CHOME MAEBASHI-SHI, GUMMA 3710847",,,,亚洲,S
IFI LIMITED,英国,五金,DANIEL GILL,0044 7802277755,0044 1733 371755,"MANASTY ROAD, PETERBOROUGH, CAMBRIDGESHIRE",PE2 6UP,dan.gill@ifiltd.net,WWW.IFILTD.NET,欧洲,S
IFA AUSTRALIA PTY.LTD.,澳大利亚,五金,FRANK HSU,0061 3 96895885,0061 3 96893883,"598 BARKLY ST. WEST FOOTSCRAY, VIC",3012,ifa2000@bigpond.com.au,,大洋洲,S
IDOTA KK,日本,五金,"NAKAJIMA, YOSHISUKE",0081 743 63 3311,,"450, TAMBAICHI-CHO TENRI-SHI, NARA 6320034",,,,亚洲,S
IDOKOMA KK,日本,五金,IDO KEIZO,0081 749 22 4567,0081 749 220305,"6-7, TACHIBANA-CHO, HIKONE-SHI, SHIGA 5220062",,,,亚洲,S
IDIL TEKNIK HIRDAVAT INS.TIC.LTD.STI.,土耳其,五金,IZAK MAYZEL,0090 232 4588839/4492247,0090 232 4492247,1145/13 SOKAK NO:2 HIRDAVATCILAR CRS.YENISEHIR/IZMIR,,,,亚洲,B
IDETA JITSUGYO KK,日本,五金,IDETA TAKAO,0081 96 354 0111,0081 96 354 0102,"11, KAWARA-MACHI, KUMAMOTO-SHI, KUMAMOTO 8600023",,,WWW.IDETA.CO.JP,亚洲,S
IDEAS2RETAIL PRODUCTS INC.,加拿大,五金,RAJEEV MAKHIJA,001 905 8370021/7810405,001 905 8377523,"1541 VILLAGE ST.,PICKERING,ONTARIO L1V 6W3",L1V 6W3,raj@ideas2retail.com,WWW.IDEAS2RETAIL.COM,北美洲,S
IDE KOGU KK,日本,五金,"IDE, YUKIHIKO",0081 898 32 5731,0081 898 32 5765,"1-27, KOMEYA-CHO 4-CHOME IMABARI-SHI, EHIME 7940021",,,,亚洲,S
IDEAL TRADING LLC.,美国,五金,Mr. RICHARD SENATRO,001 602 2589795,001 949 8389531,"4337 WEST FILLMORE STREET, PHOENIX AZ",85043,yangzhe@j-markinc.com,WWW.J-MARKINC.COM,北美洲,S
IDEAL TRADE,捷克共和国,五金,ING.JIRI VACLAVIK,00420 577 609200/602552128,00420 577 609204,"TECOVICE 45,P.O.BOX 31 763 02 ZLIN 4",76302,vaclavik@idealtrade.cz,WWW.IDEALTRADE.CZ,其他,C
ICON INDIA FURNISHERS,印度,五金,A.JAISURYA HARVEY,0091 11 6172825/6226944/9810198481,0091 11 6186272,"M-73,GREATER KAILASH,PART-1 MARKET,NEW DELHI",110048,harveykitchens@hotmail.com,,亚洲,C
IB DNTI,印度尼西亚,五金,WANIM SUTJIANTO,0062 411 312789/313748,0062 411 310891,JL.BURU NO.124 MAKASSAR,,,,亚洲,B
I.C.O.N.A.,西班牙,五金,IGNACIO HUARTE,0034 91 319 93 56,0034 91 319 87 69,"FORTUNY, 45,E-28010 MADRID",,,,欧洲,A
Hypack Agency,新加坡,五金,K P Eer,0065 62932312,0065 62910797,"103,Desker Road, 209625, Singapore",,,,亚洲,A
IDEAL CONSTRUCTION OF NEW YORK INC.,美国,五金,,001 3472628746,001 2123065105,"326 PARKVILLE AVE BROOKLYNNY 11230,U.S.A.",,prejm@yahoo.com,,北美洲,S
IDEAL BUSINESS CORPORATION,巴基斯坦,五金,M.LATIF,0092 42 7210600/6683912/3004236946,0092 42 6654511,"SUITE #3,AZHAR CENTER,4-DIL MUHAMMAD ROAD,LAHORE",,wrgondal@yahoo.com,,亚洲,C
"IDAMAR, S.A.",西班牙,五金,FRANCISCO J. GARCIA,0034 959 25 09 99,0034 959 25 02 14,"AVDA. DE ENLACE, 16,E-21001 HUELVA",,compras@grupo-idamar.com,www.grupo-idamar.com,欧洲,A
ICS TECHNOLOGIES,美国,五金,ABHISHEK JAIN,001 212 6240500,001 212 6240520,1430# BROADWAY SUITE 1107 NEWYORK,NY 10018,ics_t@hotmail.com,,北美洲,S
Hydravalve (UK) Ltd,英国,五金,Andrew R. Newham,0044 1902 637263,0044 1902 637264,"Units 1 to 3 Frederick William Street,Willenhall,West Midlands,WV13 1NE",,sales@hydravalve.co.uk,http://www.hydravalve.co.uk,欧洲,S
HOYAMA HONTEN KK,日本,五金,"HOYAMA, KIYOHISA",0081 594 21 2323,0081 594 23 3434,"521, KOIZUMI KUWANA-SHI, MIE 5110837",,,,亚洲,S
HOWELL-UNITED PTE LTD,新加坡,五金,HO KIM SIONG,0065 67493208,0065 67430476,295 KAKI BUKIT AVE 1 SHUN LI INDUSTRIAL PARK,416082,howell@singnet.com.sg,,亚洲,A
HOWARD SILVERS,澳大利亚,五金,Steven Whelan,0061 2 97570807,0061 2 97570808,"45 BRITTON STREET SMITHFIELD NSW, AUSTRALIA",2164,swhelan@howardsilvers.com.au,WWW.HOWARDSILVERS.COM.AU,大洋洲,S
"HOWARD BERGER CO.,LTD.",美国,五金,MR.HOWARD BERGER,001 201 9243665,001,"BROOKLYN,NEW YORK",,,,北美洲,S
Howard Berger Co Inc,美国,五金,DAVID BERGER,001 609 8609990/8005231268,001 609 8609991,"1 SOUTH MIDDLESEX AVENUE,MONROE TOWNSHIP,NJ 08831-3726",,"davidberger@hberger.com,davidb8397@aol.com",WWW.HOWARDBERGER.COM,北美洲,S
IBRAHIM A.AL-KHARASHI EST.,沙特阿拉伯,五金,MR.SHARMA,00966 1 4026692/4036533/4022704,00966 1 4031914,"NO.202,1ST FLOOR AL-RAJEHI,NEW BUILDING OPP.JAMAL COMMERCIAL CENTRE,BATHA,RIYADH(P.O.BOX 2887 RIYADH)",2887,kharashi@awalnet.net.sa,,亚洲,B
ICHIKOH MFG.,美国,五金,GARY JUSTICE,001 502-633-4936,001 502-633-6251,"6601 MIDLAND INDUSTRIAL DR, SHELBYVILLE, KY 40065-9799",,,www.ichikoh.com,北美洲,S
ICELAND INTERNATIONAL P.L.C.,埃塞俄比亚,五金,SEID ABDELLA,00251 1 568212/568213/9408604,00251 1 568214/750635,181997 ADDIS ABABA,,iceland@telecom.net.et,,其他,C
ICCHU CO LTD,日本,五金,ITO SATOSHI,0081 594 21 6511,0081 594 21 6515,"KAIDO 498-1, EBA, KUWANA-SHI, MIE 5110836",,,,亚洲,S
IBRAHIM MOHAMMED AL-ZUBAIRY FOR GENERAL TRADING AND SERVICES,也门共和国,五金,,00967 1 611990/610365/71729906,00967 1 610365,"SANA'A-TAIZ ST.,BESIDE DAR AL-ADYTUM",,zabiri@yemen.net.ye,WWW.ALZUBAIRY.8M.COM,其他,C
IBRAHIM AL- KHARASHI EST.,沙特阿拉伯,五金,SANJAY KEWALRAMANI,00966 1 4026692/4036533/4031914,00966 1 4031914,"P.O.BOX 2887,RIYADH NO.11461",,kharashi@nasee.com.sa;kharashi@zajil.net,,亚洲,B
IBRAHIM AHMED BEN AHMED,吉布提,五金,,00253 352919,00253 352919,B.P.3710,,,,其他,C
IBN HAYYAN TRDG.,阿拉伯联合酋长国,五金,MR.SURURY MURTAZA,00971 4 2255035,00971 4 2291496,P.O.BOX:55363 DUBAI,,ibnhayyan@emirates.net.ae,,亚洲,B
I.B.C INTERNATIONAL BUSINESS CORPORATION,塞内加尔,五金,MADIOR NDIAYE,00221 8540508/6375614,00221 8245421,"RUE 13 AVENUE CHEIKH AHMADOU BAMBA,BOPP NO.7 DAKAR",,africomedia@hotmail.com,,其他,C
IBN AL ARAB BUILDING MATERIAL-EST,阿拉伯联合酋长国,五金,ZHU XIAOXIA,00971 4 2291658,00971 4 2291658,DUBAI,,zbpk2000@emiratesnet.ae,WWW.UAE123.COM,亚洲,B
I.S. MARKETING & MANUFACTURERS,英国,五金,IAN SMALES,0044 1423 560 473,,"81 LARKFIELD ROAD,HARROGATE HG2 OBU",,,,欧洲,S
I.O.C.NIGERIA LIMITED,尼日利亚,五金,ILO CHUKWUKA,00234 1 5554181/8033225153,00234,"SHOP:C.3.ALABA INT'L MKT.,OJO-LAGOS(P.O.BOX 4281,FESTAC TOWN)",,ilobolu@yahoo.com,,非洲,C
"I.C.M.INTER PRODUCTS CO.,LTD.",泰国,五金,BENJARONG SAENGTHONGPINU,0066 2 3121712/3121715/7508043/7508045,0066 2 7508042,"139/3 MOO 10 TEPARUK RD.,K.M.17 BANGPLA BANGPLEE,SAMUTPRAKARN",10540,icm_1993@yahoo.com/icm1993@hotmail.com,,亚洲,B
I Star Optical Manufacturing Limited,香港,五金,严小姐,00852 23629238,00852 25916877,香港九龙观塘 鸿图道21号 讯科中心13楼A室,,star@istar-optic.com,,亚洲,C
"I. VICEDO, S.A.",西班牙,五金,ISMAEL VICEDO,0034 96 555 03 66,0034 96 555 28 81,"AVDA. JUAN CARLOS I,IBI (ALICANTE)",,internacional@ivicedo.es,www.ivicedo.es,欧洲,A
I. M. HARDWARE,巴基斯坦,五金,Mr. NADEEM ULLAH ANJUM,0092 42 7587439,0092 42 7580737,"85-FEROZEPUR ROAD,ICHHRA,LAHORE",54600,aljamoom@usa.net,,亚洲,C
I. J. EXIM PVT. LTD.,印度,五金,RAMANJIT SINGH,0091 11 6491702/6491707,0091 11 6491704,"N-81,PANCHSHEEL PARK,NEW DELHI-110017",,ramanjs@yahoo.com,,亚洲,C
I F I Ltd,英国,五金,M. Smith,0044 1733 370333,0044 1733 371755,"33-34 Manasty Road, Orton, Southgate, GB PE2 6UP, Peterborough",,ifiltd@compuserve.com,www.ifiltd.net,欧洲,S
I E S A Ltd,英国,五金,M. A. Caldwell,0044 1925 634301,0044 1925 417762,", GB WA2 7FG, Warrington",,info@iesa.co.uk,www.iesa.co.uk,欧洲,S
I GUSTI PUTU MERTA,印度尼西亚,五金,I GUSTI PUTU MERTA,0062 31 5456755/5342659/5466775/811316448,0062 31 5483819,JL.PASAR BESAR WETAN 17-19 SURABAYA,,,,亚洲,B
I C M Industries Inc.,美国,五金,John Chung,001 201 461 3698,001 201 461 4272,"1 Executive Dr Ste 260 Fort Lee, NJ 07024",,,,北美洲,S
"HYUNDAE PRECISION CO.,LTD.",韩国,五金,D.J.HWANG,0082 53 614 7755,0082 53 614 7756,"29-111,BONRI-RI,NONGONG-UP,DALSEONG-GUN,TAEGU",,hyundae@hyundae.co.kr,WWW.HYUNDAE.CO.KR,亚洲,A
HYOGO BORUTO KK,日本,五金,HAGIWARA TATSUO,0081 833 41 2255,0081 833 412257,"1-1, SHIONE-CHO 8-CHOME, KUDAMATSU-SHI, YAMAGUCHI 7440074",,,,亚洲,S
HYODOGIKEN KK,日本,五金,"HYODO, MASATOMO",0081 3 3801 0154,0081 3 3807 0154,"1-12, MINAMISENJU 7-CHOME ARAKAWA-KU, TOKYO 1160003",,,,亚洲,S
HY-PORT FASTENER COMPANY,日本,五金,"NISHINO, HIDEKI",0081 6 6766 2737,0081 6 6766 2731,"GRAND MAISON MATSUYAMACHI, 8-22-903, KAWARAYA-MACHI 1-CHOME CHUO-KU OSAKA-SHI, OSAKA 5420066",,,,亚洲,S
Huws-Gray Fitlock,英国,五金,D. Morris,0044 1248 362247,0044 1248 362248,"Unit 11, Llandygai Industrial, Estate, GB LL57 4Y, Bangor",,,,欧洲,S
"HUVEMA CO.,LTD",台湾省,五金,JULIA LIN,00886 4 22927906/22827906,00886 4 22927718,"9,LANE91,LEICHUNG STREET.406 TAICHUNG",,master@huvema.com.tw,WWW.HUVEMA.COM.TW,亚洲,C
HYKW(株)早川制作所,日本,五金,唐钱鑫,0081 256 634061,0081 256 645260,新泻县燕市大字灰方272番,,,,亚洲,S
Hy-ko Products Co.,美国,五金,Bert A. Ross,001 440 2328223,001 440 2328227/330 4677442,"7370 Northfield Rd.,Cleveland, OH 44146-6106,USA",,,www.hy-ko.com,北美洲,S
Hwa Seng Furniture(Pte)Ltd,新加坡,五金,,0065 67440312,0065 67477700,"312,Geylang Road, 389351, Singapore",,hsspl@singnet.com.sg,,亚洲,A
HWEE YONG ENTERPRISE,马来西亚,五金,TEE HWEE YONG,0060 6 9874634/12 7798737,0060 6 9874634,"T-MPJ-251,BATU 6 1/2,PARIT SAMSU,JALAN ABDUL RAHMAN,84150 MUAR,JOHOR",,,,亚洲,B
HWASHIN INDUSTRY CO.,韩国,五金,"BONG YOUL, CHANG",0082 (02)585-8765,0082 (02)588-4636,"435-20, BANGBAE 2-DONG, SEOCHO-KU, SEOUL",137-062,hsindco@unitel.co.kr,,亚洲,A
Hwalett Hardware Pte Ltd,新加坡,五金,,0065 63668118,0065 63668133,"Hua Yu Ind.Building, 17 Mandai Estate #02-01, 729934, Singapore",,hwabo@singnet.com.sg,WWW.HWECO.SG,亚洲,A
HWA TAI COMPANY,文莱,五金,HII ENG LEE,00673 2 337333,00673 2 332769,"NO. 488 SIMPANG 486,KG SUNGAI HANCHING,KM 12,JALAN MUARA,BC2115",,hwatai@brunet.bn,,其他,C
"HWA SHIN INDUSTRIAL CO.,LTD",韩国,五金,"CHOI, YOUNG-HEE",0082 (055)543-4107,0082 (055)543-4109,"3-3,EI-DONG, CHINHAE-SHI, KYONGNAM",645-290,,,亚洲,A
HWA KEAT AUTOKEY,新加坡,五金,IVAN KELVIN TEO,0065 64631321/94511178/90017799,0065 64680061,"210,TURF CLUB ROAD,LOT C25",287995,autokey@hwakeat.com.sg,HTTP://HWAKEAT.COM.SG/AUTOKEY,亚洲,A
HUUI KEE TRADING CO.,马来西亚,五金,JIMMY YII YONG TUNG,0060 84 211618/211298,0060 84 213764,"LOT 1229,JALAN SUKUN,LORONG 20,P.O.BOX 574,96007 SIBU,SARAWAK.",,"huuikee@hotmail.com,lyiiq@hotmail.com",,亚洲,B
Humi Marketing Ltd,以色列,五金,Shay Alon,00972 3 9646566,00972 8 9330257,"Meshek 88, 76870, Netaim",,,,亚洲,A
Hubbell Canada Inc,加拿大,五金,,001 416 281 2010/905 839 1138,001 905 839 9108,870 Brock Rd Pickering Ontario,L1W 1Z8,information@hubbellonline.com,http://www.hubbell-canada.com/,北美洲,S
HUTCH-BELL SALES & MARKETING,美国,五金,Timothy Hutcherson,001 864 8778643,001 864 8779185,"1605 Locust Hill Rd.,Greer,SC",SC 29651-8450,thutchco@aol.com,,北美洲,S
HUSSEIN AGENCIES LTD.,坦桑尼亚,五金,HASSAN M.LADHA,00255 22 2865374,00255 22 2865383,"P.O.BOX 1478,DAR ES SALAAM",,hassanladha@cats-net.com,,其他,C
HUSSAINI BROTHERS LLC,阿拉伯联合酋长国,五金,MURTUZA A.KHOKHAWALA,00971 4 2231411/2223024/506459406,00971 4 2239861/3241137,P.O.BOX:3990 DUBAI,,hbrosllc@emirates.net.ae,,亚洲,B
HUP TSENG FATT HARDWARE SDN.BHD.,马来西亚,五金,MR.THOMAS YAP,0060 3 62514081/62514082/12 2838238,0060 3 62514049/62522352,"84,86 & 88,JALAN 10/34B,SRI EDARAN INDUSTRIAL PARK,KUALA LUMPUR WILAYAH PER",52100,htfhsb@tm.net.my,,亚洲,B
HUP TECK TRADING SDN. BHD.,马来西亚,五金,SOH TECK LEONG,0060 3 62576937/62532139/193353377,0060 3 62522305/62567756,"LOT 9487,MUKIM BATU,OFF JINJANG UTARA,KUALA LUMPUR",52000,,,亚洲,B
HUP SHENG HARDWARE PTE LTD,新加坡,五金,POH LIANG POH,0065 63827730/63821458/97833875,0065 63826117,"6,VALLEY ROAD",534455,,,亚洲,A
Hup Seng Huat Co.Ltd,新加坡,五金,K T Lim,0065 62981700,0065 62980777,"170,Tyrwhitt Road, 207573, Singapore",,,http://www.hupsenghuat.com.sg,亚洲,A
HUP LEON TRADING,马来西亚,五金,CHOO CHONG KOOI,0060 4 5731695/12 4835258,0060 4 5735155,"1907,TINGKAT SELAMAT 7,KAMPUNG SELAMAT,TASEK GLUGOR,13300 SEBERANG PERAI UTARA",,,,亚洲,B
HUP HONG AND COMPANY,文莱,五金,PETER WONG,00673 2261598/2262806/8713356,00673 2261598,"SIMPANG 247-2,NO.9 JALAN SUBOK,BANDAR SERI BEGAWAN (P.O.BOX 221,BANDAR SERI BEGAWAN BS 8670)",,peterspares@brunet.bn,,其他,C
Hunter Tools Ltd,英国,五金,Nicholas Jones,0044 1275 851333,0044 1275 854333,"Unit 15, Worle Industrial, Centre, Coker Road, GB BS22 6B, Weston Super Mare",,sales@huntertools.co.uk,www.huntertools.co.uk,欧洲,S
HUNTER & COMPANY LIMITED,斯里兰卡,五金,M.F.DOSSA,0094 11 328172/328175,0094 11 501183/447491,"130 FRONT STREET,COLOMBO-11",,hunters@eureka.lk,,亚洲,C
HUNGSAN ZENITH INC.,韩国,五金,J.H.KIM,0082 2 5733282/5733283/103 1231388,0082 2 5733285,"SUITE #105,KOLON COMMERCIAL BUILDING 595 SUNGNAE-DONG,GANGDONG-GU,SEOUL",,master@hungsan-zenith.com,WWW.HUNGSAN-ZENITH.COM,亚洲,A
HUNGCHOW INDUSTRIAL CO LTD,香港,五金,CHENG HOK KIN,00852 23485133/23485145,00852 23480290,"UNITS B1-B3,11/F,BLK.B1,YAU TONG IND'L CITY,17 KO FAI ROAD,YAU TONG,KOWLOON",,kin@hungchow.com.hk,WWW.HUNGCHOW.COM,亚洲,C
"HUNG YUAN TRADING CO.,LTD.",台湾省,五金,SHIH CHAO CHI,00886 2 29492425/29492427,00886 2 29492446,"NO.59,LANE 36,AN PYNG RD.,CHUNG HER CITY,TAIPEI HSIEN",,,,亚洲,C
"HUNG LUNG GEAR CO.,LTD.",台湾省,五金,MING JEN CHIEN,00886 6 5906913/5907908,00886 6 5906254,"43,CHUNG SHAN RD,HSIN HWA CHEN,TAINAN HSIEN",,hlgear@ms17.hinet.net,,亚洲,C
HUNG LIK HARDWARE & CONSTRUCTION MATERIALS LIMITED,香港,五金,TERRY WONG,00852 27736226/93838135,00852 27736220,RM 103 1/F TIMES TOWER 928-930 CHEUNG SHA WAN RD KLN,,hunglik@hongkong.com,,亚洲,C
"HSY INTERNATIONAL TRADING CO.,LTD.",台湾省,五金,吴丽文,00886 7 5213414/939030798,00886 7 5218907,"10 PIN HI 2ND RD.,KUSAN DIST.,KAOHSIUNG",,hueysy@ms15.hinet.net,www.hsygroup.com,亚洲,C
HSU SHINES INTERNATIONAL CORP.,台湾省,五金,DAVID CHIANG,00886 2 22287968EXT.14,00886 2 22286072,"5F-8,130,CHIEN-KENG RD., CHUNG-HO CITY TAIPEI,R.O.C.",,hsushine@tptsl.seed.net.tw,WWW.HSUSHINES.COM.TW,亚洲,C
"HUNG KUANG YI ENTERPRISE CO.,LTD.",台湾省,五金,CHUANG PIN HUI,00886 4 7693278/7697599,00886 4 7694480,"21,LANE 46,SEC 2,CHANG SHUI ROAD,PU LUN VILLAGE,HSIU SHUI HSIANG CHANGHUA COUNTY,TAIWAN 504",,hung.kuangyi@msa.hinet.net,,亚洲,C
"HUNG JUEI ENT.CO.,LTD.",台湾省,五金,LIN SHU SHIH,00886 2 29310688,00886 2 29332482,"NO.19-1,LANE 9,SAN FU STREET,WEN SAN DIST.,TAIPEI",,,,亚洲,C
HUNG CHEONG HONG INTERNATIONAL LTD.,香港,五金,SUNNY HUNG,00852 26981012/90451161,00852 26981098,"RM.8-9,9/F., WAH WAI INDUSTRIAL CENTRE, 38 AU PUI WAN ST.,FO TAN, SHATIN",,hchhk@netvigator.com,,亚洲,C
HUMANSCALE,美国,五金,SHEILA BOWEN,001 212-725-4749,001 212-725-7545,"11 E 26TH ST, NEW YORK, NY 10010-1402",,,www.humanscale.com,北美洲,S
HUMAN GROUP,美国,五金,,001 815 2290707,001 815 4844507,"P.O. BOX 7033,ROCKFORD,IL",IL 61125,,WWW.SAS-N-IT.COM,北美洲,S
HUJA-HUJA NIGERIA LTD.,尼日利亚,五金,Mr. H.S. NARULA,00234 1 7749427/7758686,00234 1 5876209,"476-OLD OJO ROAD,FIRST FLOOR,OPP.TRADE FAIR COMPLEX,LAGOS(P.O.BOX 4617-APAPA APAPA,LAGOS)",,hhnl@hyperia.com,,非洲,C
HUI IND SUPPLY CO,美国,五金,Shirley Hui,001 201-934-4238,001 201-934-4436,"660 White Plains Rd., Ste. 400, Tarrytown, NY 10591-5107, USA",,shirley@instockwaizehousing.com,WWW.INSTOCKWAIEHOUSING.COM,北美洲,S
HUGIN INTERNATIONAL LTD.,香港,五金,STANLEY MA,00852 27217835,00852 27239847,"ROOM 402,HANKOW CENTRE,5-15,HANKOW ROAD,TSIMSHATSUI,KOWLOON",,hgintlco@hugin.com.hk,,亚洲,C
HUFFMAN CORPORATION,美国,五金,,001 803 2224561,001 803 2227599,"1050 HUFFMAN WAY,CLOVER,,SC",SC 29710,,WWW.HUFFMANCORP.COM,北美洲,S
"HUEY SHIH YANG HARDWARE CO,. LTD.",台湾省,五金,RICHARD K. F. LEUNG,00886 7 5331134,00886 7 5218907,"10 PIN HI 2ND RD,KUSAN DIST,.KAOHSIUNG",,info@hsygroup.com,www.hsygroup.com.tw,亚洲,C
HUDSON SHUTTERS & BLINDS,美国,五金,MATHEW ASHTIGO,001 678 5463566,001 678 5463564,"450 SATELLITE BLVD.SUITE K SUWANEE,GA 30024",GA 30024,,,北美洲,S
HUBER REISEN,捷克共和国,五金,DENISA KRLICKOVA,00420 2 84028687/44 7880841122,00420 2 84028686,"DOPRAVAKU 3, 18400 PRAHA 8",,huber@huberreisen.cz,,其他,C
"HUAXIANG TRADING LTD.,CO.",伊朗,五金,MOHAMMAD,0098 21 2585383,0098 21 2583515,TEHRAN,,iranmafei@hotmail.com,,亚洲,C
HUATONG UNION CO LTD,日本,五金,LU YONGLI,0081 78 331 4445,0081 78 391 0287,"KATO BLDG. 76-1, KYO-MACHI, CHUO-KU KOBE-SHI, HYOGO 6500034",,,,亚洲,S
HUAT HING PAINTS HARDWARE ENTERPRISE,马来西亚,五金,LIM CHIN HUAT,0060 9 5081161/5081191/129219826,0060 9 5081191,"68,JIN,IM 14/1 PRIMA KOTA,FASA 2 INDERA MAHKOTA,KUANTAN,PAHANG D.M",25200,hh2@pd.jaring.my,,亚洲,B
HOUSE OF INDUSTRIAL EQUIPMENT LTD.,沙特阿拉伯,五金,JOLLY JACOB KALLARACKAL,00966 1 4489225/4465976,00966 1 4469608,"P.O.BOX: 6266,RIYADH 11442",,"hiel@naseej.com.sa,hiel@awalnet.net.sa",,亚洲,B
"HUANG JUN METAL MANUFACTORY CO.,LTD.",香港,五金,ZHANG ZHI HAO,00852 27432393,00852 27432161,新界葵涌华星街16-18号保盈工业大厦12楼B室,,zzh@changan.net,WWW.HUANGJUN.COM,亚洲,C
HUANG HARDWARE TRADING PTE LTD,新加坡,五金,RICHARD ANG,0065 62858567,0065 68411176,NO.14 DEFU LANE 1,539488,huanghwt@singnet.com.sg,,亚洲,A
"HUANG CHIEH METAL INDUSTRY CO.,LTD.",台湾省,五金,GILBERT CHEN,00886 2 29046899/29046900,00886 2 29046898,"NO.18-1,DAAN ROAD,SHULIN TOWN,TAIBEI COUNTY",,f680@ms19.hinet.net;gilbert76@msn.com,www.hans-tool.com.tw,亚洲,C
"HUANG CHIEH INDUSTRY CO.,LTD.",台湾省,五金,WILLY CHIU,00886 2 29046899/90060807,00886 2 29046898,"8F,NO.3,KUEI-FENG ST,TAI SHAN HSIANG,TAIPEI HSIEN",,f680@ms19.hinet.net,WWW.HANS-TOOL.COM.TW,亚洲,C
HUA TONG INTERNATIONAL TRADING CO.,美国,五金,SUN WEN WEI,001 415 5956480,001 415 7512443,296-20TH AVE.SAN FRANCISCO CA 94121,CA 94121,,,北美洲,S
HUA TA GROUP EXIMPORT S.A.,秘鲁,五金,ENRIQUE WEI,0051 1 4426803,0051 1 4214199,"JR.PARURO 1016, LIMA 1",,huata@terra.com.pe,,南美洲,C
HUA SING CHEMICALS PTE LTD.,新加坡,五金,CHOW CHEE WAH,0065 63488690,0065 63466826,"NO.105, LORONG K,TELOK KURAU ROAD",425740,huasing@mail.china.com,,亚洲,A
HUA HONG ENGINEERING WORKS,马来西亚,五金,LIM AH HONG,0060 4 5733742/19 4459814,0060,"2871,JALAN PINANG TUNGGAL,KAMPUNG SELAMAT,TASEK GLUGOR,SEBERANG PERAI(U).PENANG",13300,,,亚洲,B
HUA GUAN (M) SDN. BHD.,马来西亚,五金,PANG TENG SUN,0060 4 6564474/6564483/194448486,0060 4 6569134,"NO.253,JALAN SELATAN,BUKIT GLUGOR,11700 GLUGOR,PENANG",,hgmsbpts@tm.net.my,,亚洲,B
HUA FENG TRADING EST.,阿拉伯联合酋长国,五金,TONY LIANG,00971 4 2230007/504545687,00971 4 2235359,"P.O.BOX 41268,DEIRA,DUBAI",,huafeng@emirates.net.ae,,亚洲,B
HUA CHIONG COMPANY,文莱,五金,YU HE SOON,00673 2 443831/443830/8716118,00673 2 443832,"NO.14,GOODWOOD BUILDING,KM 3,JALAN GADONG BE 4119,BANDAR SERI BEGAWAN,NEGARA BRUNEI DARUSSALAM",,,,其他,C
HTL Hardware Ltd,新西兰,五金,Kevin Botherway,0064 6 843 9074,0064 6 843 3195,27 Austin Street Onekawa 4001 Napier,,wallan@htlhardware.co.nz,,大洋洲,A
HTC HARDWARE SDN.BHD.,马来西亚,五金,DAVID NGU ING HONG,0060 84 317999/324127/198167999,0060 84 325271,"NO.18,JALAN KHOO PENG LOONG,SIBU,SARAWAK,EAST MALAYSIA",96000,,,亚洲,B
HT VISION TRADING,马来西亚,五金,C.H.TAN,0060 3 61560405/192409799,0060 3 61560186,"AL 261H,JALAN WELFARE,KAMPUNG BARU SUNGAI BULOH,47000 SUNGAI BULOH,SELANGOR DARUL EHSAN",,,,亚洲,B
HSM Panel,美国,五金,Darmento Sentoso,001 909-595-6329,001 909-595-6132,"21210 Commerce Point Dr., Walnut, CA 91789-3055, USA",,smdbmp@hotmail.com,WWW.HSMPANELINC.COM,北美洲,S
HSK HAMBURGER SCHRAUBENKONTOR,德国,五金,MR. KLAUS NOELLE,0049 40 60761590,0049 40 60761591,"DUVENSTEDTER DAMM 72,D-22397 HAMBURG",22397,service@hsk-hamburg.de,WWW.HSK-HAMBURG.DE,欧洲,S
HSIN NGIE HARDWARE SDN. BHD.,马来西亚,五金,TING KEE CHIONG,0060 82 256329/415106/198880259,0060 82 426632,"157B & 157H,JALAN SATOK,KUCHING,SARAWAK(PO BOX 756,93716 KUCHING,SARAWAK)",93400,hsingie@pd.jaring.my,,亚洲,B
HOUSSAMI CO.,叙利亚,五金,ZOUHIR HOUSSAMI,00963 31 229544/423878/93423334,00963 31 234302,"HOMS,P.O.BOX:3714",,houssami@mail.sy,,亚洲,C
Houseware Etcetera Int'L Ltd,香港,五金,Ms Irene Wong,00852 24022628,00852 24923900,"Unit 7B, 28/F, Cable TV Tower, 9 Hoi Shing Road, Tsuen Wan, New Territories, Hong Kong",,irene@housewaretc.com,,亚洲,C
"HOUSE OF METRICS, LTD.",美国,五金,RICHARD BASSIN,001 607 6392888,001 607 6392998,"STUMPTOWN ROAD,STUMPTOWN ROADX,NY",NY 13730,,,北美洲,S
HOUSE HASSON HARDWARE CO,美国,五金,DONALD HASSON,001 865 525 0471,001 865 525 6178,"3125 WATER PLANT RD, KNOXVILLE, TN 37914",,info@househasson.com,www.househasson.com,北美洲,S
HOUNEN KIHAN CO LTD,日本,五金,"MITSUYAMA, KENICHI",0081 794 83 6600,0081 794 82 3738,"52, ISHINO 2-CHOME, BESSHO-CHO MIKI-SHI, HYOGO 6730452",,,,亚洲,S
HOUMOU USA INC.,美国,五金,,001 6263637375,001 6263637399,"17588 E. ROWLAND ST.,SUITE A128, CITY OF INDSTRY,CA 91748,U.S.A.",,houmouusa@aol.com,,北美洲,S
HOUBOD INTERNATIONAL TRADING CO.,伊朗,五金,Mr. AMIR HOUBOD,0098 21 3118642/3906289,0098 21 3906127,EKBATAN AVE. NO. 4 TABAN ALLEY P.O. BOX: 11365-6415 TEHRAN,11436,houbod@intelirnet.net,,亚洲,C
"HOTAK TRADING(HONG KONG)CO.,LTD.",香港,五金,WONG CHUNG FUK,00852 23633631/94256037,00852 23633631,"3/F NO.4 TSUNFAT ST.,TOKWAWAN KLN.",,hotak@ctimail.com,,亚洲,C
HOSOKANE SANGYO KK,日本,五金,HOSOI MASUO,0081 256 32 1271,0081 256 32 1270,"4-40, ASAHI-CHO 2-CHOME, SANJO-SHI, NIIGATA 9550065",,,,亚洲,S
HIOS INC,日本,五金,TOTSU KATSUYUKI,,,"111-6, AKIYAMA, MATSUDO-SHI, CHIBA 2702223",,,,亚洲,S
HIOPLAN CO LTD,日本,五金,"SUZUKI, KIMIO",0081 3 3624 4461,0081 3 3624 4588,"TOJO BLDG. 15-12, AZUMABASHI 1-CHOME SUMIDA-KU, TOKYO 1300001",,,,亚洲,S
"HINSON, INC.",美国,五金,James Hinson,001 901 2781320,001 901 2782933,"P.O. Box 820246,Memphis,TN",TN 38182-0246,,,北美洲,S
HINORI KK,日本,五金,"KAWAI, MAMORU",0081 742 26 5757,,"68, IMAKOJI-CHO NARA-SHI, NARA 6308207",,,,亚洲,S
HINOMOTOJOMAE TOYOOKATEN KK,日本,五金,"SHINOBE, KAZUYOSHI",0081 796 22 5151,0081 796 24 1615,"817-6, KOKONOKAICHI KAMINO-CHO TOYOOKA-SHI, HYOGO 6680051",,hinotoyo@dak.con.ne.jp;hinotoyo@kanegora.susumu,,亚洲,S
HINODE NEJI KK,日本,五金,"TAHARA, YOSHIKAZU",0081 270 20 2280,0081 270 20 2283,"6009, HIGASHIOBOKATA, AZUMA-MURA SAWA-GUN, GUMMA 3792223",,,WWW.IIS.CO.JP/HB/CCL/10-00130.HTML,亚洲,S
HINODE INDUSTRIAL TRADING,新加坡,五金,ROWENA HENG J.K.,0065 67439966/97313539,0065 67448235,37 KALLANG PUDDING ROAD #04-14 BLK B TONG LEE BLDG,349315,beer726@starhub.net.sg,,亚洲,A
HINGES & HANDLES,美国,五金,Tom,001 574 674 8878,001 574 6745767,"100 LINCOLN WAY E, OSCEOLA, IN 46561",,tom@handle.com,www.handle.com,北美洲,S
HING YIP INTERNATIONAL CO.,香港,五金,VINCENT SHING,00852 24078783,00852 24072595,"FLAT 10, 10/F., LUCIDA INDUSTRIAL BUILDING, 43-47 WANG LUNG STREET, TSUEN WAN",,hingyip co@hong kong.com,,亚洲,C
HING WANG TRADING COMPANY,香港,五金,MS.SIE KONG NGAI,00852 26978821/97362852,00852 26072376/26011285,FLAT/RM 8-9 7/F GOLDFIELD ING CTR I SUI WO RD FO TAN SHATIN,,,,亚洲,C
HINDUSTON FABRICATION LTD.,印度,五金,FIROZ ALAM,0091 326 2000558,0091,"AZAD NAGAR BHULI,DHANBAD,JHARKHAND",828104,jashminfi@indiatimes.com,,亚洲,C
HINDUSTAN CARBIDE PTE.LTD.,印度,五金,RAMESH KALRA,0091 11 6814381/6814383,0091 11 6811077/6436393,"A-4,OKHLA INDUSTRIAL AREA-1,NEW DELHI",110020,rameshkalra@hotmail.com,,亚洲,C
"HIMOUNT INDUSTRIAL CO., LTD.",台湾省,五金,郑忠明先生,00886 2 27135577/27188886,00886 2 27152218,"7TH FL., NO.325, FU HSING N. ROAD., TAIPEI",,himount@himount.com,,亚洲,C
HINAKA株式会社,日本,五金,中村达男,0081 729 718751,0081 729 725201,大阪府柏原市大县4丁目18番1号,582-0018,info@hinaka.co.jp,www.hinaka.co.jp,亚洲,S
HIN Horsens A/S,丹麦,五金,AMNITGI T,0045 76 25 90 90,0045 76 25 90 91,"Langmarksvej 29, DK 8700, Horsens",,hin@hin.dk,www.hin.dk,欧洲,A
HILL WORLDWIDE LIMITED,台湾省,五金,ERIC HU,00886 4 26322443/26322443 EXT:21,00886 4 26322430,"NO.49 YIH SHUH NORTH STREET,LUNG CHING HSIANG,TAICHUNG HSIEN",434,hwltwn@hillworldwide.com.tw;hwlchina@mail2000.com.tw,,亚洲,C
HIMASA KANAMONO KK,日本,五金,"KATAYAMA, MASATO",0081 794 83 1230,0081 794 83 5110,"2-25, SUEHIRO 1-CHOME MIKI-SHI, HYOGO 6730403",,,,亚洲,S
Horwood,英国,五金,J. Horwood,0044 117 940 0000,0044 117 940 1100,"Avonmouth Way, Avonmouth, GB BS11 9H, Bristol",,n.rosati@horwood.co.uk,,欧洲,S
HORW HANGLEE,泰国,五金,ZHENG HANPING,0066 1 4436688/6406888,0066 2 4720826,"2/62 RATCHADATAPRA CONDOMINIUM RATCHADA-TAPRA ROAD.,TARADPHU THONBUREE BANGKOK",10600,,,亚洲,B
HORIE KANAMONO KK,日本,五金,IKENAGA SHIRO,0081 6 65382154,0081 6 65382157,"2-17, MINAMIHORIE 3-CHOME, NISHI-KU OSAKA-SHI, OSAKA 5500015",,,WWW.HORIE-HARDWARE.CO.JP,亚洲,S
"HORTON INTERNATIONAL INDUSTRY,LTD.",台湾省,五金,PETER HSU,00886 2 21002560,00886 2 25117527,"9F-5,NO.20,MINCHUAN WEST RD.TAIPEI 104",,,,亚洲,C
HOSHINO KANAMONO KK,日本,五金,"HOSHINO, HISAKO",0081 3 3471 4461,,"28-8, KITASHINAGAWA 1-CHOME SHINAGAWA-KU, TOKYO 1400001",,,,亚洲,S
HOSHIN CO LTD,日本,五金,"YOSHIDA, TOSHIAKI",0081 97 521 3491,0081 97 5221002,"7-44, AOSAKI 1-CHOME OITA-SHI, OITA 8700278",,hoshin-oita@hot.com,,亚洲,S
HOSHIKKU KK,日本,五金,NISHIZAWA NOBUO,0081 6 65410281,0081 6 65413256,"5-8, KITAHORIE 3-CHOME, NISHI-KU OSAKA-SHI, OSAKA 5500014",,,,亚洲,S
HOSHIKAME KK,日本,五金,HOSHIKAME KENICHI,0081 3 3900 3016,0081 3 3900 5550,"44-5, NISHIGAOKA 1-CHOME, KITA-KU, TOKYO 1150056",,,,亚洲,S
HOSECO TAIWAN LTD.,台湾省,五金,"Ms. JUI-CHEN,LEE",00886 3 5378313,00886 3 5378367,"NO.13,LANE 406,JINSHUI STREET,HSINCHU",300,hoseco@ms15.hinet.net,,亚洲,C
"HORRALL SALES, INC.",美国,五金,Connor Butler,001 602 2332828,001 602 2339080,"5733 W. Washington St.,Phoenix,AZ",AZ 85043-3648,,,北美洲,S
Horn A/S,丹麦,五金,,0045 70 20 14 33,0045 70 20 14 43,"Smedeholm 8, 2730, Herlev",,mail@frankhorn.dk,http://www.frankhorn.dk,欧洲,A
HORIKOSHI KK,日本,五金,HORIKOSHI KEIGO,0081 270 24 8844,0081 270 232740,"1279-2, IMAIZUMI-CHO 1-CHOME, ISESAKI-SHI, GUMMA 3720031",,,,亚洲,S
HORIKIRI INC,日本,五金,"ONISHI, KIJIRO",0081 47 484 1111,0081 47 484 2442,"1827-4, KAMIKOYA YACHIYO-SHI, CHIBA 2760022",,,,亚洲,S
HORI LOCKS & BUILDERS' HARDWARE,日本,五金,HORI EIICHIRO,0081 3 35916301,0081 3 35917589,"5-2, SHIMBASHI 2-CHOME, MINATO-KU, TOKYO 1050004",,,WWW.HORI-LOCKS.CO.JP,亚洲,S
HORI BYORA KK,日本,五金,"HORI, TOYOZO",0081 6 6788 0055,0081 6 6783 5328,"11-17, MORIKAWACHIHIGASHI 1-CHOME HIGASHIOSAKA-SHI, OSAKA 5770062",,,,亚洲,S
"HOOVER INTERNATIONAL,INC.",美国,五金,KENNY OH,001 323 5894776/8554499,001 323 5894845,"4500 DISTRICT BLVD.,#1-C LOS ANGELES CA 90058",CA 90058,hooverint@netzero.com,,北美洲,S
HONG TRADING CO.,马来西亚,五金,DAVID NGU ING HONG,0060 84 317999/324127/198167999,0060 84 325271,"NO.18,JALAN KHOO PENG LOONG,SIBU,SARAWAK,EAST",96000,,,亚洲,B
HONG KONG M & H S.R.O,捷克共和国,五金,石立仁,00420 2 83892105/602550518,00420 2 83892105,KOLBENOVA 159 19000 PRAHA.9.C.Z.,,,,其他,C
HILLTOP BUILDERS CORPORATION,菲律宾,五金,TIU CHING CHUAN,0063 2 5138340/5138341,0063 2 5138337,"9428 URMA DRIVE CORNER CECILEST.,AIRPORT VILLAGE,PARANAQUE CITY 1700",,hilltopbuilders@usa.net,,亚洲,B
HOQ'S,孟加拉国,五金,SK.MD.REZAUL HOQ,00880 31 626032/626889/173100818,00880 31 631144,"METROPOLE CHAMBER,846 NUR AHMED ROAD,CHITTAGONG",,hoqs@abnetbd.com,,亚洲,C
Hopwood (Fasteners) Ltd,英国,五金,Bill Kelly,0044 161 429 6066,0044 161 429 6166,"Hibbert Street, Whitehill, Industrial Estate, GB SK4 1NS, Stockport",,info@rhf.co.uk,http://www.rhf.co.uk,欧洲,S
HOPKINS-CARTER MARINE HARDWARE,美国,五金,PARKS MASTERSON,001 305 6357377,001 305 6331310,"3701, N.W. 21 ST STREET,MIAMI,,FL",FL 33100,info@hopkins-carter.com,WWW.HOPKINS-CARTER.COM,北美洲,S
HOPEWELL IMPEX INC.,美国,五金,BEN TAM,001 626 3332082,001 626 3332058,129 S.8TH AVENUE #F CITY OF INDUSTRY CA 91746,CA 91746,davyfung@hwimpex.com;kenneth@jbl-trading.com,WWW.JBL-TRADING.COM,北美洲,S
HOPEG,德国,五金,HORST SCHAUB,0049 2206 90290,0049 2206 902912,DR.-RINGENS STR.25 51491 OVERATH,51491,schaub@hopeg.de,WWW.HOPEG.DE,欧洲,S
HOP WO (SHUM KEE) METAL MFY.,香港,五金,Mr. WONG YIU SHUM,00852 24275961/24275949,00852 24812349,"12-22 TAI YUEN ST., SHUI WING IND. BLDG., 5/F., BLOCK F, KWAI CHUNG, N.T.",,,,亚洲,C
HOOKE SEAFOOD SUPPLIER,新加坡,五金,KOH CHOON YONG,0065 64435997/94236532,0065 64482417,"31,ATTAP VALLEY ROAD #01-09",759908,,,亚洲,A
HOO HUA TRADING SDN BHD,马来西亚,五金,CHEU KUOK HOO,0060 19 8848558/85 736172,0060 85 736172,SARAWAK MIRI BATU NIAH LOT663(PO BOX 140),98000,,,亚洲,B
HIP SHING FUNG TRADING CO.,香港,五金,ANDREW LEE,00852 23875775/23602027/92327670,00852 23602509,"CHIP TAK BLDG.,4/F.,FLAT A,210-212,FUK WA STREET,KOWLOON",,cas@pacific.net.hk,,亚洲,C
HIP SHING ALUMINIUM SUPPLIES CO.,香港,五金,THOMAS H.S.HO,00852 23339177/27661311/91944791,00852 27643701,"34-36 GILLIES AVENUE SOUTH,G/FLOOR,HUNG HOM,KOWLOON",,hinsen@netvigator.com,,亚洲,C
HONGRONG INTERNATIONAL,新加坡,五金,TAN HONG ENG,0065 62963372/97558936,0065 62968483,ROCHER P.O.BOX 1032,911832,hongrong@pacific.net.sg,,亚洲,A
"HONGKONG XIANGHUI INTERNATIONAL TRADE DEVELOPMENT CO.,LTD",香港,五金,肖伟民先生,00852 25568414/88171002,00852 29549479,"RM.1907,F/19,KANGMIN INDUSTRIAL CENTER,NO.2,KANGMIN ST.,CHAIWAN",,gz_luye2002@163.com,,亚洲,C
HONGKONG ROTAJOU INDUSTRIES LIMITED,香港,五金,WANG XIAN-CHI,00852 31068923,00852 31063986,"ROOM 1704 17/F.,FU FAI COMMERCIAL CENTRE,27 HILLIER STREET SHEUNG WAN",,material@meikolong.com,,亚洲,C
HONGKONG PARKET GYOUP,香港,五金,辜双,00852 26769018,00852 26769881,"RM 341,WORLD TRADE SQUARE 210N LOK MEN ST.FANLING NT",,shuang0120@hotmail.com,WWW.PARKET.COM.CN,亚洲,C
HONGKONG EXIM CO. LTD.,香港,五金,SAMANTHA HO,00852 27372366/91282452,00852 27372271,"ROOM 401,305 GOLDEN GATE COMMERCIAL BLDG.,136-138 AUSTIN ROAD,TST.,KLN.",,hkeximsh@netvigator.com,,亚洲,C
HONG YING S.L.,西班牙,五金,蒋春淼,0034 91 6421788,0034 91 6421209,"C/.VILLAFRANCA DEL BIERZO,1(POL.IND.COBO CALLEJA) 28940 FUENLABRADA,MADRID",,,,欧洲,A
"HONG XING WATCH TRADING CO.,LTD.",香港,五金,RAYMOND CHAN,00852 24206929/98328985,00852 24206603,"FLAT D,22/F.,WING YIP FTY,BUILDING 21-27 WING YIP ST,KWAI CHUNG",,hxwatch@yahoo.com.hk,WWW.HX-TIMEPIECES.COM,亚洲,C
HONG SANG HARDWARE & MACHINERY TRADING,马来西亚,五金,YONG KAY SANG,0060 3 42956490/42963569,0060 3 42963569,"NO.M2A/7,JALAN PANDAN INDAH 4/6,PANDAN INDAH,KUALA LUMPUR",55100,bclau@tm.net.my,,亚洲,B
HONG LIP ENGINEERING WORKS PTE LTD,新加坡,五金,HENRY JAN,0065 67740656/96936988/96588394/95024039,0065 67760242,"46,FABER HEIGHTS",129180,,,亚洲,A
HONG LIANG ENGINEERING PTE. LTD.,新加坡,五金,LOUIS LU H.H.,0065 67473088/98173146,0065 65461700,"51,UBI AVENUE 1,#03-07 PAYA UBI INDUSTRIAL PARK",408933,louis.lu@hongliang.com.sg,WWW.HONGLIANG.COM.SG,亚洲,A
HONG LEONG HAN TRADING SDN. BHD.,马来西亚,五金,MR. RECHARD C S TAN,0060 82 488636/483192/336667/19 8178181,0060 82 330266,"NO.70,JALAN SEKAMA,93300 KUCHING P.O.BOX 3036,93758 KUCHING,SARAWAK",,,,亚洲,B
HONG KONG METAL PRODUCTS MFY.LTD.,香港,五金,LEUNG SEK HOI,00852 24223657/24292646,00852 24892055,"BLOCK 1,8TH FLOOR,WAH FAT INDUSTRY BUILDING,10-14 KUNG YIP STREET,KWAI CHUNG,N.T.",,,,亚洲,C
HONG KONG JIA MING DECORATION ENG. CO.,香港,五金,姚锡铭,00852 23481849,00852 23477969,香港九龙油塘茶果岭道610号生利工业大厦3楼7室,,,,亚洲,C
HONG KONG CHINESE COMMERCIAL CENTRE,香港,五金,WANG LEUNG LEI,00852 23849288/27018581,00852 23850793,"RM 355,3/F,163-173,PORTLAND ST KOWLOON (G.P.O.BOX: 62594)",,,,亚洲,C
Hong Bee Metals(Pte)Ltd,新加坡,五金,,0065 63925629,0065 62967876,"2,Cavan Road, 209843, Singapore",,,,亚洲,A
HONG BEE GROUP OF COMPANIES,马来西亚,五金,CHUAH CHUAN THYE,0060 4 2625318,0060 4 2622026,"WISMA HONG BEE,2ND FLOOR,NO.50-J,PENGKALAN WELD,PULAU PINANG",10300,hbgo@tm.net.my,,亚洲,B
HONEY TRADING CORP.,韩国,五金,KIM YOON-HWAN,0082 (02)2264-8330/2,0082 (02)2264-8336,"FL3 JEIL BANK B/D, 44-1, PILDONG 1-KA, CHUNG-KU, SEOUL",100-271,honey-86@hanmail.net,,亚洲,A
HONESTY BUSINESS CORPORATION,孟加拉国,五金,MOHAMMAD ILIAS,00880 31 619339/18311448,00880 31 617883,188/A JUBILEE ROAD(KHWAJA TOOLS MARKET) CHITTAGONG,,sholdctg@gononet.com,,亚洲,C
"HONEST COLLECTOR ENTERPRISE CO., LTD.",台湾省,五金,CHEN YAW-JANG,00886 2 27553313,00886 2 27553323,"#106 8F-4,NO.5 SEC.2,DUN-HUA S. RD.,TAIPEI",,hc3313@ms41.hinet.net,,亚洲,C
HONEST & COMPANY,香港,五金,KELVIN SZE,00852 94904570,00852,"G-M/F.,42 FORBES STREET,KENNEDY TOWN",,,,亚洲,C
HONEN MIYAWAKI KK,日本,五金,"MIYAWAKI, YOSHIHIRO",0081 794 82 1071,0081 794 83 6799,"73, ISHINO 3-CHOME, BESSHO-CHO MIKI-SHI, HYOGO 6730452",,,,亚洲,S
HONDER ENTERPRISE,马来西亚,五金,Y. S. THAM,0060 3 79827004,0060 3 79805767,"691,JALAN RIANG LIMA,HAPPY GARDEN,OFF JALAN KUCHAI LAMA,58200 KUALA LUMPUR",,honder_ystham@yahoo.com,,亚洲,B
HONDA TRADING COMPANY LTD,日本,五金,AOKI SHIGEO,0081 52 251 4811,0081 52 262 7204,"32-22, SAKAE 3-CHOME, NAKA-KU NAGOYA-SHI, AICHI 4600008",,,WWW.HONDALEX.CO.JP,亚洲,S
HIRONICHI KOGYO KK,日本,五金,UMEDA MINORU,0081 82 293 8333,0081 82 2312355,"10-18, MINAMIKANON-MACHI, NISHI-KU HIROSHIMA-SHI, HIROSHIMA 7330034",,info@hironichi.co.jp,WWW.HIRONICHI.CO.JP,亚洲,S
HIROMORI CORPORATION,日本,五金,MOLI,0081 6 68485671,0081 6 68485673,OSAKA,,hmcorp@mb.infoweb.ne.jp,,亚洲,S
HIROKA KK,日本,五金,"KISHIMOTO, MITSUO",0081 82 277 4080,0081 82 2774084,"3-23, SHOKO CENTER 1-CHOME NISHI-KU HIROSHIMA-SHI, HIROSHIMA 7330833",,,,亚洲,S
HIROICHI,日本,五金,HIROKAZU MURAI,0081 6 67062348/9018983362,0081 6 67062377,"9-9,SETOGUCHI 1 CHOME,HIRANO-KU,OSAKA",547-0034,,,亚洲,S
HIRAKAWA KK,日本,五金,"HIRAKAWA, ISAMU",0081 92 501 2680,0081 92 501 2714,"3-5, SANCHIKU 1-CHOME HAKATA-KU FUKUOKA-SHI, FUKUOKA 8160087",,hkf@cirtus.ocn.ne.jp,,亚洲,S
HIRATEC CO LTD,日本,五金,"HIRATA, SHOZABURO",0081 6 6581 1826,0081 6 6581 1878,"HIRATANEJINAI, 28-17, KUJOMINAMI 3-CHOME NISHI-KU OSAKA-SHI, OSAKA 5500025",,,,亚洲,S
HIRATAKANAMONOTEN KK,日本,五金,"HIRATA, YASUAKI",0081 868 23 1175,0081 868 23 1174,"77, MOTOUO-MACHI TSUYAMA-SHI, OKAYAMA 7080061",,,,亚洲,S
HIRATA COMPANY LIMITED,日本,五金,HIRATA SHOZABURO,0081 6 65811822,0081 6 65811878,"28-17, KUJOMINAMI 3-CHOME, NISHI-KU OSAKA-SHI, OSAKA 5500025",,,,亚洲,S
HIRANO KANAMONO SHOKAI KK,日本,五金,"MATSUMOTO, MASAYUKI",0081 6 6791 1371,0081 6 6792 7410,"9-7, HIRANOHIGASHI 1-CHOME HIRANO-KU OSAKA-SHI, OSAKA 5470043",,,,亚洲,S
HIRAMITSU SEISAKUSHO KK,日本,五金,HIRAMITSU KATSUJI,0081 58 327 5613,0081 58 327 5666,"33-1, NOBAKU SHINDEN, HOZUMI-CHO, MOTOSU-GUN, GIFU 5010231",,,,亚洲,S
HIRAMATSUKENSHO YK,日本,五金,"HIRAMATSU, HIROSHI",0081 985 28 9696,0081 985 28 9749,"YAHEEBATA 3424-1, MURASUMI-CHO MIYAZAKI-SHI, MIYAZAKI 8800837",,,,亚洲,S
HIRAMA KANAMONO KK,日本,五金,"HIRAMA, KATSUMI",0081 3 3683 2661,0081 3 3683 2665,"32-6, KAMEIDO 1-CHOME KOTO-KU, TOKYO 1360071",,,,亚洲,S
HIRALAL BROTHERS (HK) LTD.,香港,五金,Mr. MASOOD AHMAD,00852 27824145,00852 27827182,"2007,HANG BONG COMM.CTR.,28 SHANGHAI ST.,KOWLOON",,hiralal@mysite.com.hk,,亚洲,C
HIRAI SHOKAI KK,日本,五金,"HIRAI, NOBUO",0081 86 446 4455,,"12-10, MIZUSHIMA MINAMIKAMEJIMA-CHO KURASHIKI-SHI, OKAYAMA 7128004",,,,亚洲,S
HIPTOM TRADING CO.LTD.,香港,五金,林东海先生,00852 28118686/65592829,00852 27559902,"PO BOX 25507,1/F,HARBOUR BUILDING,38 PIER ROAD,CENTRAL",,thomaslamhk@yahoo.com.hk;mail25507@yahoo.com.cn,,亚洲,C
HILLS SHEDS & GARAGES P/L,澳大利亚,五金,VINCENT TESORIERO,0061 2 45878844/45732999/417255890,0061 2 45773388,"12B PARK ROAD,VINEYARD,NSW 2756",NSW 2756,sales@netsheds.com.au,WWW.NETSHEDS.COM.AU,大洋洲,S
Henning,德国,五金,Friedhelm Henning,0049 231 3 76 66,0049 231 3 76 68,"Freigrafenweg 9-11, DE 44357, Dortmund",,,www.drahtsiele-henning.de,欧洲,S
Hillman Oy,芬兰,五金,,00358 9 7 77 19 30,00358 9 797550,"Jokisuunkuja 3, FI 00560, Helsinki",,,,欧洲,A
Hillers A/S,丹麦,五金,JENS GESSEN,0045 36 95 45 00,0045 58 50 33 25,"Kongstedvej 1-4, 4200, Slagelse",,jegr@hillers.dk,http://www.kompass.com/c/hillersdk,欧洲,A
HERAT ORIENTAL RUGS AND GEMS,美国,五金,,001 3033770878,001 3033770517,"160 HUDSON ST. SOUTH,DENVER, COLORADO,U.S.A.",,,,北美洲,S
"HER AN CHERN CO.,LTD.",台湾省,五金,KO SHEN FEN,00886 2 937042987,00886 2 89313957,"NO.67,SAN FU ST. TAIPEI",,,,亚洲,C
HENSSGEN HARDWARE,美国,五金,RONALD SHAW,001 518-793-3593,001 518 7930085,"38 EVERTS AVE, GLENS FALLS, NY 12804-2041",,,,北美洲,S
Hensferstaux NV,比利时,五金,,0032 2 361 20 36,0032 2 361 02 16,"Roggemanskaai 2, B 1501, Buizingen",,,,欧洲,A
HENRY TRADING (H.K.) COMPANY,香港,五金,CALVIN ANTON YU,00852 92004628/21496817,00852 21496317,P.O.BOX NO.80541 CHEUNG SHA WAN POST OFFICE,,hthkco@netvigator.com,,亚洲,C
HENRY SHAW & SONS LTD.,英国,五金,A.W. BAILLIE,0044 1217 725561,0044 1217 666047,"PK.WKS.,CRN.RD.,BORDESLEY GR.//GB-BIRMINGHAM, B9 4TY",,sales@henryshaw.co.uk,,欧洲,S
Henry R Ayton Ltd,爱尔兰,五金,Mr. S Finnigan,00353 1 4517922,00353 1 4517922,"Tallaght, Dublin 24",,,www.henryrayton.com,欧洲,A
HENRY HARRISON INVESTMENT LIMITED,尼日利亚,五金,HENRY O.NWAWULU,00234 1 4803715/2642596,00234,"BRAIMOH KOTUN HOUSE,27,AGARAWU STREET,LAGOS",,hnwawulu@yahoo.com,,非洲,C
Henri Picard & Frere Ltd,英国,五金,Adrian J. F. Hill,0044 20 89493142,0044 20 89493142,8 Pixholme Court Pixham lane Dorking Surrey RH4 1PG,,sales@picard.co.uk,http://www.picard.co.uk,欧洲,S
HENLICO INDUSTRIAL SUPPLIERS SDN.BHD.,马来西亚,五金,KUA CHONG ING,0060 7 3311499/12 7276600,0060 7 3328599,"NO.106,JALAN CHENGAI,MELODIES GARDEN 80250,JOHOR BAHRU",,henlico@po.jaring.my,,亚洲,B
HILITE EXPORTS,香港,五金,MAHESH MATAI(MICKY),00852 28516325/96673782,00852 28504454,"2009,WELLBORNE COMMERCIAL CENTRE,8 JAVA RD.,NORTH POINT（P.O.BOX 38131,HING FAT STREET）",,hilite@iohk.com,,亚洲,C
Hildebrandt,德国,五金,Jan Marcus,0049 4193 99 45,0049 4193 99 49 99,"Lise-Meitner-Strasse 1, DE 24558, Henstedt-Ulzburg",,,www.hildebrandt.de,欧洲,S
HILCO TRADING LIMITED,香港,五金,TIANA KU,00852 23143375,00852 23141682,"UNIT 8C,NO.133 WANCHAI ROAD",,otani@hkstar.com,,亚洲,C
HILAL AL SULAIMANI TRADING EST.,沙特阿拉伯,五金,MOHAMAD HAJAJ,00966 1 2636655/55 7979000,00966 1 2636644,P.O.BOX 4991 RIYADH,11412,alsulaimani_hilal@hotmail.com,,亚洲,B
HIKARI CHUKI KK,日本,五金,MIYAZAKI KOKICHI,0081 729 90 0501,0081 729 900502,"23, MIYAKOZUKA 1-CHOME, YAO-SHI, OSAKA 5810023",,hikari-c@top12.odn.ne.jp,,亚洲,S
HIGHPOINT ENTERPRISES,美国,五金,ING.JOSE MANUEL DE LEON,001 915 5931991,001 915 5932032,"10817 NOTUS LANE STE,#2102,EL PASO,TEXAS",79935,highpnt10@aol.com,,北美洲,S
Heward & Dean (BD) Ltd,英国,五金,M. Clegg,0044 20 8800 3443,0044 20 8809 0404,"Winns Mews, Grove Park Road, Tottenham, GB N15 4SP, London",,,,欧洲,S
"HIGUCHI INTERNATIONAL CO.,LTD.",日本,五金,SATOSHI HIGUCHI,0081 6 69071628/9016764441,0081 6 69071629,"NO.3-KONDO BLD.,2-82-22,YAGUMOHIGASHIMACHI,MORIGUCHI,OSAKA",570-0021,,,亚洲,S
HIGHLANDS INTERNATIONAL AB,瑞典,五金,PREM DHIR,0046 11 87250/705322771,0046 11 87230,"FINSPAANGSVAEGEN 5,REJMYRE",SE-61014,prem.d@highlandsint.se,WWW.HIGHLANDSINT.SE,欧洲,A
HIGHLAND HOUSE,加拿大,五金,HARVEY GERE,001 613 962 0908,001 613 967 0272,"83, HIGHLAND AVENUE, BELLEVILLE, ON K8P 3R2",,,,北美洲,S
"HERRAMIENTAS DE CORTE,S.A. DE C.V.",墨西哥,五金,CARLOS GONZALEZ DE COSSIO ROSENZWEIG,0052 4 9710664/9710646,0052 4 9710656,"G.RUIZ VELAZCO NO.201,CD.INDUSTRIAL,AGUASCALIENTES,AGS.",,cgonzalc@hecort.com,,北美洲,B
"HIGH TECH, S.A.",西班牙,五金,JAVIER REY GARCIA,0034 91 3199653,0034 91 3084180,"CONDE DE XIMENA, 13//E-28004 MADRID",,livso@hightech.es,WWW.HIGHTECH.ES,欧洲,A
HIGH RESERVE MARKETING SDN.BHD.,马来西亚,五金,BL YEO,0060 3 78759000,0060 3 78757791,"NO:2,JALAN SS2/63,PETALING JAYA,SELANGOR D.E.",47300,hireserve@maxis.net.my,WWW.HIGHRESERVE.COM,亚洲,B
"HIGH HAND INTERNATIONAL TRADING CO., LTD.",台湾省,五金,JOHN C.C.HSU,00886 4 22353239,00886 4 22343563/22372572,"10F-1,NO.696,WEN HSIN RD.,4 SEC.,TAICHUNG(P.O.BOX 35-39 TAICHUNG)",,john370127@yahoo.com.tw,,亚洲,C
HIGH GAIN INDUSTRIAL LIMITED,香港,五金,RAINBOW C.H. TAM,00852 23221912,00852 23237575,"RM.901,9/F.,BANGKOK BANK BUILDING,490-492 NATHAN ROAD,KOWLOON",,rainbow@highgaincomposites.com,WWW.KICOLOCK.COM,亚洲,C
